case,pair,stage,threads,programs,lane,vector,coordinates,unroll,row_only,applied,sample,event_us,graph_host_us,median_us,over_matched_initial,over_matched_recheck,over_fresh_torch,registers,shared_bytes,local_bytes,max_threads
wide-reduce_sum-129x2048-fp16,published-sum-wide-reduce_sum-129x2048-fp16-t128p1-l1-i64o64,initial,128,1,1,0,0,64,0,False,1,1.3526136458187359,1.3534050822122572,1.3525218421924632,1.0,1.0087242940293843,0.8751371612079452,25,16,0,128
wide-reduce_sum-129x2048-fp16,published-sum-wide-reduce_sum-129x2048-fp16-t128p1-l1-i64o64,initial,128,1,1,0,0,64,0,False,2,1.3528433259470758,1.3535381165919282,1.3525218421924632,1.0,1.0087242940293843,0.8751371612079452,25,16,0,128
wide-reduce_sum-129x2048-fp16,published-sum-wide-reduce_sum-129x2048-fp16-t128p1-l1-i64o64,initial,128,1,1,0,0,64,0,False,3,1.3525218421924632,1.353319880418535,1.3525218421924632,1.0,1.0087242940293843,0.8751371612079452,25,16,0,128
wide-reduce_sum-129x2048-fp16,published-sum-wide-reduce_sum-129x2048-fp16-t128p1-l1-i64o64,initial,128,1,1,0,0,64,0,False,4,1.3521392320481829,1.352949177877429,1.3525218421924632,1.0,1.0087242940293843,0.8751371612079452,25,16,0,128
wide-reduce_sum-129x2048-fp16,published-sum-wide-reduce_sum-129x2048-fp16-t128p1-l1-i64o64,initial,128,1,1,0,0,64,0,False,5,1.352919847975932,1.3538295964125562,1.3525218421924632,1.0,1.0087242940293843,0.8751371612079452,25,16,0,128
wide-reduce_sum-129x2048-fp16,published-sum-wide-reduce_sum-129x2048-fp16-t128p1-l1-i64o64,initial,128,1,1,0,0,64,0,False,6,1.352307557703312,1.3531180866965622,1.3525218421924632,1.0,1.0087242940293843,0.8751371612079452,25,16,0,128
wide-reduce_sum-129x2048-fp16,published-sum-wide-reduce_sum-129x2048-fp16-t128p1-l1-i64o64,initial,128,1,1,0,0,64,0,False,7,1.350731044250397,1.3514768310911807,1.3525218421924632,1.0,1.0087242940293843,0.8751371612079452,25,16,0,128
wide-reduce_sum-129x2048-fp16,published-sum-wide-reduce_sum-129x2048-fp16-t128p1-l1-i64o64,candidates,128,1,1,0,0,64,1,True,1,1.3486516766431855,1.3496981707317073,1.3474809832689238,0.9962729925933262,1.004964771114245,0.8718755185262678,25,16,0,128
wide-reduce_sum-129x2048-fp16,published-sum-wide-reduce_sum-129x2048-fp16-t128p1-l1-i64o64,candidates,128,1,1,0,0,64,1,True,2,1.3467785207236684,1.3478734756097561,1.3474809832689238,0.9962729925933262,1.004964771114245,0.8718755185262678,25,16,0,128
wide-reduce_sum-129x2048-fp16,published-sum-wide-reduce_sum-129x2048-fp16-t128p1-l1-i64o64,candidates,128,1,1,0,0,64,1,True,3,1.348027368871177,1.3491143292682928,1.3474809832689238,0.9962729925933262,1.004964771114245,0.8718755185262678,25,16,0,128
wide-reduce_sum-129x2048-fp16,published-sum-wide-reduce_sum-129x2048-fp16-t128p1-l1-i64o64,candidates,128,1,1,0,0,64,1,True,4,1.3463883283661633,1.3474085365853659,1.3474809832689238,0.9962729925933262,1.004964771114245,0.8718755185262678,25,16,0,128
wide-reduce_sum-129x2048-fp16,published-sum-wide-reduce_sum-129x2048-fp16-t128p1-l1-i64o64,candidates,128,1,1,0,0,64,1,True,5,1.3474809832689238,1.3488033536585367,1.3474809832689238,0.9962729925933262,1.004964771114245,0.8718755185262678,25,16,0,128
wide-reduce_sum-129x2048-fp16,published-sum-wide-reduce_sum-129x2048-fp16-t128p1-l1-i64o64,candidates,128,1,1,0,0,64,1,True,6,1.3474185292313738,1.3481996951219513,1.3474809832689238,0.9962729925933262,1.004964771114245,0.8718755185262678,25,16,0,128
wide-reduce_sum-129x2048-fp16,published-sum-wide-reduce_sum-129x2048-fp16-t128p1-l1-i64o64,candidates,128,1,1,0,0,64,1,True,7,1.347730683117378,1.3484375,1.3474809832689238,0.9962729925933262,1.004964771114245,0.8718755185262678,25,16,0,128
wide-reduce_sum-129x2048-fp16,published-sum-wide-reduce_sum-129x2048-fp16-t128p1-l1-i64o64,recheck,128,1,1,0,0,64,0,False,1,1.341763374500705,1.3426571428571428,1.3408240985153312,0.9913511609851936,1.0,0.867568240784783,25,16,0,128
wide-reduce_sum-129x2048-fp16,published-sum-wide-reduce_sum-129x2048-fp16-t128p1-l1-i64o64,recheck,128,1,1,0,0,64,0,False,2,1.3417480009839051,1.3429834586466167,1.3408240985153312,0.9913511609851936,1.0,0.867568240784783,25,16,0,128
wide-reduce_sum-129x2048-fp16,published-sum-wide-reduce_sum-129x2048-fp16-t128p1-l1-i64o64,recheck,128,1,1,0,0,64,0,False,3,1.3408240985153312,1.3416451127819549,1.3408240985153312,0.9913511609851936,1.0,0.867568240784783,25,16,0,128
wide-reduce_sum-129x2048-fp16,published-sum-wide-reduce_sum-129x2048-fp16-t128p1-l1-i64o64,recheck,128,1,1,0,0,64,0,False,4,1.337929173519737,1.3386736842105265,1.3408240985153312,0.9913511609851936,1.0,0.867568240784783,25,16,0,128
wide-reduce_sum-129x2048-fp16,published-sum-wide-reduce_sum-129x2048-fp16-t128p1-l1-i64o64,recheck,128,1,1,0,0,64,0,False,5,1.3420405567140508,1.342839097744361,1.3408240985153312,0.9913511609851936,1.0,0.867568240784783,25,16,0,128
wide-reduce_sum-129x2048-fp16,published-sum-wide-reduce_sum-129x2048-fp16-t128p1-l1-i64o64,recheck,128,1,1,0,0,64,0,False,6,1.336851191699953,1.3379052631578947,1.3408240985153312,0.9913511609851936,1.0,0.867568240784783,25,16,0,128
wide-reduce_sum-129x2048-fp16,published-sum-wide-reduce_sum-129x2048-fp16-t128p1-l1-i64o64,recheck,128,1,1,0,0,64,0,False,7,1.3400232989088934,1.3415248120300751,1.3408240985153312,0.9913511609851936,1.0,0.867568240784783,25,16,0,128
wide-reduce_sum-129x2048-fp16,,torch,,,,,,,,,1,1.5454969828107716,1.5471787610619467,1.5454969828107716,,,,not_queried,not_queried,not_queried,not_queried
wide-reduce_sum-129x2048-fp16,,torch,,,,,,,,,2,1.5458594128093888,1.5477486725663718,1.5454969828107716,,,,not_queried,not_queried,not_queried,not_queried
wide-reduce_sum-129x2048-fp16,,torch,,,,,,,,,3,1.5453700512911366,1.5474106194690267,1.5454969828107716,,,,not_queried,not_queried,not_queried,not_queried
wide-reduce_sum-129x2048-fp16,,torch,,,,,,,,,4,1.5475629958431278,1.549569911504425,1.5454969828107716,,,,not_queried,not_queried,not_queried,not_queried
wide-reduce_sum-129x2048-fp16,,torch,,,,,,,,,5,1.5459681148022677,1.5477504424778763,1.5454969828107716,,,,not_queried,not_queried,not_queried,not_queried
wide-reduce_sum-129x2048-fp16,,torch,,,,,,,,,6,1.5447900822732301,1.5465716814159292,1.5454969828107716,,,,not_queried,not_queried,not_queried,not_queried
wide-reduce_sum-129x2048-fp16,,torch,,,,,,,,,7,1.544753893286781,1.5463646017699115,1.5454969828107716,,,,not_queried,not_queried,not_queried,not_queried
sum-r128-n8192-bf16,published-sum-sum-r128-n8192-bf16-t128p2-l1-i64o64,initial,128,2,1,0,0,64,0,False,1,2.745064136593841,2.746886627906977,2.745064136593841,1.0,1.0617479967681365,1.1181424947294054,39,16,0,128
sum-r128-n8192-bf16,published-sum-sum-r128-n8192-bf16-t128p2-l1-i64o64,initial,128,2,1,0,0,64,0,False,2,2.7295553961465524,2.731476744186047,2.745064136593841,1.0,1.0617479967681365,1.1181424947294054,39,16,0,128
sum-r128-n8192-bf16,published-sum-sum-r128-n8192-bf16-t128p2-l1-i64o64,initial,128,2,1,0,0,64,0,False,3,2.718154330586278,2.7202936046511628,2.745064136593841,1.0,1.0617479967681365,1.1181424947294054,39,16,0,128
sum-r128-n8192-bf16,published-sum-sum-r128-n8192-bf16-t128p2-l1-i64o64,initial,128,2,1,0,0,64,0,False,4,2.7508092481036517,2.753046511627907,2.745064136593841,1.0,1.0617479967681365,1.1181424947294054,39,16,0,128
sum-r128-n8192-bf16,published-sum-sum-r128-n8192-bf16-t128p2-l1-i64o64,initial,128,2,1,0,0,64,0,False,5,2.764442798703216,2.767392441860465,2.745064136593841,1.0,1.0617479967681365,1.1181424947294054,39,16,0,128
sum-r128-n8192-bf16,published-sum-sum-r128-n8192-bf16-t128p2-l1-i64o64,initial,128,2,1,0,0,64,0,False,6,2.7460167019866235,2.7490087209302323,2.745064136593841,1.0,1.0617479967681365,1.1181424947294054,39,16,0,128
sum-r128-n8192-bf16,published-sum-sum-r128-n8192-bf16-t128p2-l1-i64o64,initial,128,2,1,0,0,64,0,False,7,2.709402705347815,2.711729651162791,2.745064136593841,1.0,1.0617479967681365,1.1181424947294054,39,16,0,128
sum-r128-n8192-bf16,published-sum-sum-r128-n8192-bf16-t128p2-l1-i64o64,candidates,128,2,1,0,0,64,1,True,1,2.5868310563551273,2.588710382513661,2.5867470496339227,0.9423266346132215,1.0005134166018477,1.0536554540763925,38,16,0,128
sum-r128-n8192-bf16,published-sum-sum-r128-n8192-bf16-t128p2-l1-i64o64,candidates,128,2,1,0,0,64,1,True,2,2.5853481188497907,2.5866174863387976,2.5867470496339227,0.9423266346132215,1.0005134166018477,1.0536554540763925,38,16,0,128
sum-r128-n8192-bf16,published-sum-sum-r128-n8192-bf16-t128p2-l1-i64o64,candidates,128,2,1,0,0,64,1,True,3,2.586383298446572,2.5879016393442624,2.5867470496339227,0.9423266346132215,1.0005134166018477,1.0536554540763925,38,16,0,128
sum-r128-n8192-bf16,published-sum-sum-r128-n8192-bf16-t128p2-l1-i64o64,candidates,128,2,1,0,0,64,1,True,4,2.5867470496339227,2.5885273224043712,2.5867470496339227,0.9423266346132215,1.0005134166018477,1.0536554540763925,38,16,0,128
sum-r128-n8192-bf16,published-sum-sum-r128-n8192-bf16-t128p2-l1-i64o64,candidates,128,2,1,0,0,64,1,True,5,2.5857118700371413,2.588685792349727,2.5867470496339227,0.9423266346132215,1.0005134166018477,1.0536554540763925,38,16,0,128
sum-r128-n8192-bf16,published-sum-sum-r128-n8192-bf16-t128p2-l1-i64o64,candidates,128,2,1,0,0,64,1,True,6,2.589600776714054,2.591292349726776,2.5867470496339227,0.9423266346132215,1.0005134166018477,1.0536554540763925,38,16,0,128
sum-r128-n8192-bf16,published-sum-sum-r128-n8192-bf16-t128p2-l1-i64o64,candidates,128,2,1,0,0,64,1,True,7,2.587642356997631,2.5894535519125683,2.5867470496339227,0.9423266346132215,1.0005134166018477,1.0536554540763925,38,16,0,128
sum-r128-n8192-bf16,published-sum-sum-r128-n8192-bf16-t128p2-l1-i64o64,recheck,128,2,1,0,0,64,0,False,1,2.583615889717247,2.5854336043360435,2.585419652261708,0.9418430767412872,1.0,1.0531147674711216,39,16,0,128
sum-r128-n8192-bf16,published-sum-sum-r128-n8192-bf16-t128p2-l1-i64o64,recheck,128,2,1,0,0,64,0,False,2,2.5840320948985855,2.587181571815718,2.585419652261708,0.9418430767412872,1.0,1.0531147674711216,39,16,0,128
sum-r128-n8192-bf16,published-sum-sum-r128-n8192-bf16-t128p2-l1-i64o64,recheck,128,2,1,0,0,64,0,False,3,2.585419652261708,3.356054200542005,2.585419652261708,0.9418430767412872,1.0,1.0531147674711216,39,16,0,128
sum-r128-n8192-bf16,published-sum-sum-r128-n8192-bf16-t128p2-l1-i64o64,recheck,128,2,1,0,0,64,0,False,4,2.5883612077087568,2.60779945799458,2.585419652261708,0.9418430767412872,1.0,1.0531147674711216,39,16,0,128
sum-r128-n8192-bf16,published-sum-sum-r128-n8192-bf16-t128p2-l1-i64o64,recheck,128,2,1,0,0,64,0,False,5,2.5862799750434027,2.59150135501355,2.585419652261708,0.9418430767412872,1.0,1.0531147674711216,39,16,0,128
sum-r128-n8192-bf16,published-sum-sum-r128-n8192-bf16-t128p2-l1-i64o64,recheck,128,2,1,0,0,64,0,False,6,2.5861133275639396,2.5881951219512196,2.585419652261708,0.9418430767412872,1.0,1.0531147674711216,39,16,0,128
sum-r128-n8192-bf16,published-sum-sum-r128-n8192-bf16-t128p2-l1-i64o64,recheck,128,2,1,0,0,64,0,False,7,2.583754624777693,2.5856260162601625,2.585419652261708,0.9418430767412872,1.0,1.0531147674711216,39,16,0,128
sum-r128-n8192-bf16,existing-bf16-best-sum-r128-n8192-bf16-t64p1-l4-i64o64,initial,64,1,4,1,0,64,0,False,1,2.4093406872871594,2.4108410256410258,2.4137518467047276,1.0,1.0056183183909082,0.983189600400752,40,8,0,64
sum-r128-n8192-bf16,existing-bf16-best-sum-r128-n8192-bf16-t64p1-l4-i64o64,initial,64,1,4,1,0,64,0,False,2,2.410338377341246,2.411774358974359,2.4137518467047276,1.0,1.0056183183909082,0.983189600400752,40,8,0,64
sum-r128-n8192-bf16,existing-bf16-best-sum-r128-n8192-bf16-t64p1-l4-i64o64,initial,64,1,4,1,0,64,0,False,3,2.4137518467047276,2.4148948717948717,2.4137518467047276,1.0,1.0056183183909082,0.983189600400752,40,8,0,64
sum-r128-n8192-bf16,existing-bf16-best-sum-r128-n8192-bf16-t64p1-l4-i64o64,initial,64,1,4,1,0,64,0,False,4,2.4129116351787863,2.4145,2.4137518467047276,1.0,1.0056183183909082,0.983189600400752,40,8,0,64
sum-r128-n8192-bf16,existing-bf16-best-sum-r128-n8192-bf16-t64p1-l4-i64o64,initial,64,1,4,1,0,64,0,False,5,2.4141980684720554,2.4157512820512816,2.4137518467047276,1.0,1.0056183183909082,0.983189600400752,40,8,0,64
sum-r128-n8192-bf16,existing-bf16-best-sum-r128-n8192-bf16-t64p1-l4-i64o64,initial,64,1,4,1,0,64,0,False,6,2.4154846973908253,2.416774358974359,2.4137518467047276,1.0,1.0056183183909082,0.983189600400752,40,8,0,64
sum-r128-n8192-bf16,existing-bf16-best-sum-r128-n8192-bf16-t64p1-l4-i64o64,initial,64,1,4,1,0,64,0,False,7,2.417033855731671,2.4185205128205127,2.4137518467047276,1.0,1.0056183183909082,0.983189600400752,40,8,0,64
sum-r128-n8192-bf16,existing-bf16-best-sum-r128-n8192-bf16-t64p1-l4-i64o64,candidates,64,1,4,1,0,64,1,True,1,2.3865059240540463,2.388228855721393,2.381131186414121,0.9864854954600487,0.9920278850615563,0.9699022800825031,40,8,0,64
sum-r128-n8192-bf16,existing-bf16-best-sum-r128-n8192-bf16-t64p1-l4-i64o64,candidates,64,1,4,1,0,64,1,True,2,2.385920054876982,2.387393034825871,2.381131186414121,0.9864854954600487,0.9920278850615563,0.9699022800825031,40,8,0,64
sum-r128-n8192-bf16,existing-bf16-best-sum-r128-n8192-bf16-t64p1-l4-i64o64,candidates,64,1,4,1,0,64,1,True,3,2.3821499573057565,2.383599502487562,2.381131186414121,0.9864854954600487,0.9920278850615563,0.9699022800825031,40,8,0,64
sum-r128-n8192-bf16,existing-bf16-best-sum-r128-n8192-bf16-t64p1-l4-i64o64,candidates,64,1,4,1,0,64,1,True,4,2.381131186414121,2.3822562189054723,2.381131186414121,0.9864854954600487,0.9920278850615563,0.9699022800825031,40,8,0,64
sum-r128-n8192-bf16,existing-bf16-best-sum-r128-n8192-bf16-t64p1-l4-i64o64,candidates,64,1,4,1,0,64,1,True,5,2.3801632781526934,2.3815422885572137,2.381131186414121,0.9864854954600487,0.9920278850615563,0.9699022800825031,40,8,0,64
sum-r128-n8192-bf16,existing-bf16-best-sum-r128-n8192-bf16-t64p1-l4-i64o64,candidates,64,1,4,1,0,64,1,True,6,2.379577219189696,2.381126865671642,2.381131186414121,0.9864854954600487,0.9920278850615563,0.9699022800825031,40,8,0,64
sum-r128-n8192-bf16,existing-bf16-best-sum-r128-n8192-bf16-t64p1-l4-i64o64,candidates,64,1,4,1,0,64,1,True,7,2.3806726635985114,2.382241293532338,2.381131186414121,0.9864854954600487,0.9920278850615563,0.9699022800825031,40,8,0,64
sum-r128-n8192-bf16,existing-bf16-best-sum-r128-n8192-bf16-t64p1-l4-i64o64,recheck,64,1,4,1,0,64,0,False,1,2.400266385925603,2.4031065989847713,2.400266385925603,0.9944130707564096,1.0,0.9776965896702791,40,8,0,64
sum-r128-n8192-bf16,existing-bf16-best-sum-r128-n8192-bf16-t64p1-l4-i64o64,recheck,64,1,4,1,0,64,0,False,2,2.4008641509235207,7.275545685279188,2.400266385925603,0.9944130707564096,1.0,0.9776965896702791,40,8,0,64
sum-r128-n8192-bf16,existing-bf16-best-sum-r128-n8192-bf16-t64p1-l4-i64o64,recheck,64,1,4,1,0,64,0,False,3,2.397875325933931,2.4031573604060914,2.400266385925603,0.9944130707564096,1.0,0.9776965896702791,40,8,0,64
sum-r128-n8192-bf16,existing-bf16-best-sum-r128-n8192-bf16-t64p1-l4-i64o64,recheck,64,1,4,1,0,64,0,False,4,2.4010721196983065,2.4027868020304566,2.400266385925603,0.9944130707564096,1.0,0.9776965896702791,40,8,0,64
sum-r128-n8192-bf16,existing-bf16-best-sum-r128-n8192-bf16-t64p1-l4-i64o64,recheck,64,1,4,1,0,64,0,False,5,2.39940875677893,2.400982233502538,2.400266385925603,0.9944130707564096,1.0,0.9776965896702791,40,8,0,64
sum-r128-n8192-bf16,existing-bf16-best-sum-r128-n8192-bf16-t64p1-l4-i64o64,recheck,64,1,4,1,0,64,0,False,6,2.397225665562044,2.3985862944162437,2.400266385925603,0.9944130707564096,1.0,0.9776965896702791,40,8,0,64
sum-r128-n8192-bf16,existing-bf16-best-sum-r128-n8192-bf16-t64p1-l4-i64o64,recheck,64,1,4,1,0,64,0,False,7,2.404736746386223,2.406543147208122,2.400266385925603,0.9944130707564096,1.0,0.9776965896702791,40,8,0,64
sum-r128-n8192-bf16,,torch,,,,,,,,,1,3.1131051787247896,3.359095744680851,2.4550217432333223,,,,not_queried,not_queried,not_queried,not_queried
sum-r128-n8192-bf16,,torch,,,,,,,,,2,2.478733739108904,2.574485815602837,2.4550217432333223,,,,not_queried,not_queried,not_queried,not_queried
sum-r128-n8192-bf16,,torch,,,,,,,,,3,2.4442734955050422,2.449602836879433,2.4550217432333223,,,,not_queried,not_queried,not_queried,not_queried
sum-r128-n8192-bf16,,torch,,,,,,,,,4,2.444164465505181,2.4513404255319147,2.4550217432333223,,,,not_queried,not_queried,not_queried,not_queried
sum-r128-n8192-bf16,,torch,,,,,,,,,5,2.4354496408016124,2.5078687943262414,2.4550217432333223,,,,not_queried,not_queried,not_queried,not_queried
sum-r128-n8192-bf16,,torch,,,,,,,,,6,2.462538320122036,2.4709680851063824,2.4550217432333223,,,,not_queried,not_queried,not_queried,not_queried
sum-r128-n8192-bf16,,torch,,,,,,,,,7,2.4550217432333223,2.4603333333333333,2.4550217432333223,,,,not_queried,not_queried,not_queried,not_queried
sum-r3-n8192-fp32,published-sum-sum-r3-n8192-fp32-t256p1-l1-i64o64,initial,256,1,1,0,0,64,0,False,1,1.3302599373510329,1.3310805084745763,1.329276413567322,1.0,1.0166003627529272,0.7230087795538122,38,32,0,256
sum-r3-n8192-fp32,published-sum-sum-r3-n8192-fp32-t256p1-l1-i64o64,initial,256,1,1,0,0,64,0,False,2,1.329276413567322,1.330042372881356,1.329276413567322,1.0,1.0166003627529272,0.7230087795538122,38,32,0,256
sum-r3-n8192-fp32,published-sum-sum-r3-n8192-fp32-t256p1-l1-i64o64,initial,256,1,1,0,0,64,0,False,3,1.3281915955624337,1.3288954802259887,1.329276413567322,1.0,1.0166003627529272,0.7230087795538122,38,32,0,256
sum-r3-n8192-fp32,published-sum-sum-r3-n8192-fp32-t256p1-l1-i64o64,initial,256,1,1,0,0,64,0,False,4,1.3278879284185205,1.3286525423728814,1.329276413567322,1.0,1.0166003627529272,0.7230087795538122,38,32,0,256
sum-r3-n8192-fp32,published-sum-sum-r3-n8192-fp32-t256p1-l1-i64o64,initial,256,1,1,0,0,64,0,False,5,1.3293631602141818,1.3301313559322034,1.329276413567322,1.0,1.0166003627529272,0.7230087795538122,38,32,0,256
sum-r3-n8192-fp32,published-sum-sum-r3-n8192-fp32-t256p1-l1-i64o64,initial,256,1,1,0,0,64,0,False,6,1.3283651966159626,1.3293912429378532,1.329276413567322,1.0,1.0166003627529272,0.7230087795538122,38,32,0,256
sum-r3-n8192-fp32,published-sum-sum-r3-n8192-fp32-t256p1-l1-i64o64,initial,256,1,1,0,0,64,0,False,7,1.3293342805851651,1.3301299435028249,1.329276413567322,1.0,1.0166003627529272,0.7230087795538122,38,32,0,256
sum-r3-n8192-fp32,published-sum-sum-r3-n8192-fp32-t256p1-l1-i64o64,candidates,256,1,1,0,0,64,1,True,1,1.3124911729679551,1.3135712209302326,1.3161227869433025,0.9901046716170042,1.0065407683292145,0.7158543702563381,38,32,0,256
sum-r3-n8192-fp32,published-sum-sum-r3-n8192-fp32-t256p1-l1-i64o64,candidates,256,1,1,0,0,64,1,True,2,1.3086065026216729,1.309672965116279,1.3161227869433025,0.9901046716170042,1.0065407683292145,0.7158543702563381,38,32,0,256
sum-r3-n8192-fp32,published-sum-sum-r3-n8192-fp32-t256p1-l1-i64o64,candidates,256,1,1,0,0,64,1,True,3,1.3105264929837959,1.3115566860465118,1.3161227869433025,0.9901046716170042,1.0065407683292145,0.7158543702563381,38,32,0,256
sum-r3-n8192-fp32,published-sum-sum-r3-n8192-fp32-t256p1-l1-i64o64,candidates,256,1,1,0,0,64,1,True,4,1.3164799712425055,1.3175363372093023,1.3161227869433025,0.9901046716170042,1.0065407683292145,0.7158543702563381,38,32,0,256
sum-r3-n8192-fp32,published-sum-sum-r3-n8192-fp32-t256p1-l1-i64o64,candidates,256,1,1,0,0,64,1,True,5,1.3216298125510992,1.3226468023255813,1.3161227869433025,0.9901046716170042,1.0065407683292145,0.7158543702563381,38,32,0,256
sum-r3-n8192-fp32,published-sum-sum-r3-n8192-fp32-t256p1-l1-i64o64,candidates,256,1,1,0,0,64,1,True,6,1.3168669855871866,1.3185072674418605,1.3161227869433025,0.9901046716170042,1.0065407683292145,0.7158543702563381,38,32,0,256
sum-r3-n8192-fp32,published-sum-sum-r3-n8192-fp32-t256p1-l1-i64o64,candidates,256,1,1,0,0,64,1,True,7,1.3161227869433025,1.3171337209302323,1.3161227869433025,0.9901046716170042,1.0065407683292145,0.7158543702563381,38,32,0,256
sum-r3-n8192-fp32,published-sum-sum-r3-n8192-fp32-t256p1-l1-i64o64,recheck,256,1,1,0,0,64,0,False,1,1.3123552212540393,1.313734293193717,1.307570272715304,0.98367070939462,1.0,0.7112025590822368,38,32,0,256
sum-r3-n8192-fp32,published-sum-sum-r3-n8192-fp32-t256p1-l1-i64o64,recheck,256,1,1,0,0,64,0,False,2,1.3077579118818512,1.3091479057591624,1.307570272715304,0.98367070939462,1.0,0.7112025590822368,38,32,0,256
sum-r3-n8192-fp32,published-sum-sum-r3-n8192-fp32-t256p1-l1-i64o64,recheck,256,1,1,0,0,64,0,False,3,1.307570272715304,1.3129123036649215,1.307570272715304,0.98367070939462,1.0,0.7112025590822368,38,32,0,256
sum-r3-n8192-fp32,published-sum-sum-r3-n8192-fp32-t256p1-l1-i64o64,recheck,256,1,1,0,0,64,0,False,4,1.307891925592073,1.3109489528795812,1.307570272715304,0.98367070939462,1.0,0.7112025590822368,38,32,0,256
sum-r3-n8192-fp32,published-sum-sum-r3-n8192-fp32-t256p1-l1-i64o64,recheck,256,1,1,0,0,64,0,False,5,1.3071681317234538,1.3083154450261778,1.307570272715304,0.98367070939462,1.0,0.7112025590822368,38,32,0,256
sum-r3-n8192-fp32,published-sum-sum-r3-n8192-fp32-t256p1-l1-i64o64,recheck,256,1,1,0,0,64,0,False,6,1.3045679461893611,1.3055968586387436,1.307570272715304,0.98367070939462,1.0,0.7112025590822368,38,32,0,256
sum-r3-n8192-fp32,published-sum-sum-r3-n8192-fp32-t256p1-l1-i64o64,recheck,256,1,1,0,0,64,0,False,7,1.3053721283118762,1.3062473821989529,1.307570272715304,0.98367070939462,1.0,0.7112025590822368,38,32,0,256
sum-r3-n8192-fp32,,torch,,,,,,,,,1,1.8396489850936397,1.8414274193548388,1.8385342628725114,,,,not_queried,not_queried,not_queried,not_queried
sum-r3-n8192-fp32,,torch,,,,,,,,,2,1.839112312563004,1.8409274193548386,1.8385342628725114,,,,not_queried,not_queried,not_queried,not_queried
sum-r3-n8192-fp32,,torch,,,,,,,,,3,1.8376258111769153,1.839201612903226,1.8385342628725114,,,,not_queried,not_queried,not_queried,not_queried
sum-r3-n8192-fp32,,torch,,,,,,,,,4,1.8382244725381174,1.8402237903225804,1.8385342628725114,,,,not_queried,not_queried,not_queried,not_queried
sum-r3-n8192-fp32,,torch,,,,,,,,,5,1.8429936132123392,1.8449979838709676,1.8385342628725114,,,,not_queried,not_queried,not_queried,not_queried
sum-r3-n8192-fp32,,torch,,,,,,,,,6,1.8372541858303932,1.8388387096774195,1.8385342628725114,,,,not_queried,not_queried,not_queried,not_queried
sum-r3-n8192-fp32,,torch,,,,,,,,,7,1.8385342628725114,1.840788306451613,1.8385342628725114,,,,not_queried,not_queried,not_queried,not_queried
