case,pair,stage,package,threads,programs,lane,vector,coordinates,unroll,sample,event_us,graph_host_us,median_us,over_matched_initial,over_matched_recheck,over_fresh_torch,registers,shared_bytes,local_bytes,max_threads
wide-layernorm-128x1024-bf16,lane1,initial,old,128,2,1,0,0,64,1,1.8715081433812064,1.872826347305389,1.8469404270073135,1.0,0.9992644465776929,1.053244148805949,40,80,0,128
wide-layernorm-128x1024-bf16,lane1,initial,old,128,2,1,0,0,64,2,1.8554226081528349,1.8567325349301398,1.8469404270073135,1.0,0.9992644465776929,1.053244148805949,40,80,0,128
wide-layernorm-128x1024-bf16,lane1,initial,old,128,2,1,0,0,64,3,1.8469404270073135,1.8482215568862275,1.8469404270073135,1.0,0.9992644465776929,1.053244148805949,40,80,0,128
wide-layernorm-128x1024-bf16,lane1,initial,old,128,2,1,0,0,64,4,1.8462249999512694,1.8480179640718561,1.8469404270073135,1.0,0.9992644465776929,1.053244148805949,40,80,0,128
wide-layernorm-128x1024-bf16,lane1,initial,old,128,2,1,0,0,64,5,1.8659079241419505,1.8672674650698604,1.8469404270073135,1.0,0.9992644465776929,1.053244148805949,40,80,0,128
wide-layernorm-128x1024-bf16,lane1,initial,old,128,2,1,0,0,64,6,1.8462658118820952,1.847497005988024,1.8469404270073135,1.0,0.9992644465776929,1.053244148805949,40,80,0,128
wide-layernorm-128x1024-bf16,lane1,initial,old,128,2,1,0,0,64,7,1.8460206357304922,1.8474850299401198,1.8469404270073135,1.0,0.9992644465776929,1.053244148805949,40,80,0,128
wide-layernorm-128x1024-bf16,lane1,new,new,128,2,1,0,0,64,1,1.8904144226196045,1.891574850299401,1.8805627575415576,1.0182043394809024,1.0174553957943893,1.0724177628470866,40,80,0,128
wide-layernorm-128x1024-bf16,lane1,new,new,128,2,1,0,0,64,2,1.8831176148679205,1.884672654690619,1.8805627575415576,1.0182043394809024,1.0174553957943893,1.0724177628470866,40,80,0,128
wide-layernorm-128x1024-bf16,lane1,new,new,128,2,1,0,0,64,3,1.8733067617206993,1.8747285429141718,1.8805627575415576,1.0182043394809024,1.0174553957943893,1.0724177628470866,40,80,0,128
wide-layernorm-128x1024-bf16,lane1,new,new,128,2,1,0,0,64,4,1.8751667502397549,1.876570858283433,1.8805627575415576,1.0182043394809024,1.0174553957943893,1.0724177628470866,40,80,0,128
wide-layernorm-128x1024-bf16,lane1,new,new,128,2,1,0,0,64,5,1.892069894634559,1.8933992015968064,1.8805627575415576,1.0182043394809024,1.0174553957943893,1.0724177628470866,40,80,0,128
wide-layernorm-128x1024-bf16,lane1,new,new,128,2,1,0,0,64,6,1.8805627575415576,1.8818862275449102,1.8805627575415576,1.0182043394809024,1.0174553957943893,1.0724177628470866,40,80,0,128
wide-layernorm-128x1024-bf16,lane1,new,new,128,2,1,0,0,64,7,1.875412078674682,1.8768423153692613,1.8805627575415576,1.0182043394809024,1.0174553957943893,1.0724177628470866,40,80,0,128
wide-layernorm-128x1024-bf16,lane1,recheck,old,128,2,1,0,0,64,1,1.8480199575424194,1.8488789062499997,1.8482999503612518,1.0007360948594002,1.0,1.0540194364095783,40,80,0,128
wide-layernorm-128x1024-bf16,lane1,recheck,old,128,2,1,0,0,64,2,1.8480999767780304,1.8489199218749999,1.8482999503612518,1.0007360948594002,1.0,1.0540194364095783,40,80,0,128
wide-layernorm-128x1024-bf16,lane1,recheck,old,128,2,1,0,0,64,3,1.8479999899864197,1.848822265625,1.8482999503612518,1.0007360948594002,1.0,1.0540194364095783,40,80,0,128
wide-layernorm-128x1024-bf16,lane1,recheck,old,128,2,1,0,0,64,4,1.8482999503612518,1.849107421875,1.8482999503612518,1.0007360948594002,1.0,1.0540194364095783,40,80,0,128
wide-layernorm-128x1024-bf16,lane1,recheck,old,128,2,1,0,0,64,5,1.848520040512085,1.8491347656250001,1.8482999503612518,1.0007360948594002,1.0,1.0540194364095783,40,80,0,128
wide-layernorm-128x1024-bf16,lane1,recheck,old,128,2,1,0,0,64,6,1.848679929971695,1.8495488281249999,1.8482999503612518,1.0007360948594002,1.0,1.0540194364095783,40,80,0,128
wide-layernorm-128x1024-bf16,lane1,recheck,old,128,2,1,0,0,64,7,1.8486399948596954,1.850083984375,1.8482999503612518,1.0007360948594002,1.0,1.0540194364095783,40,80,0,128
wide-layernorm-128x1024-bf16,lane2,initial,old,128,2,2,1,1,64,1,1.9553910416700646,1.9566805845511481,1.9354881971514548,1.0,1.0046177410659287,1.1037397790008268,40,80,0,128
wide-layernorm-128x1024-bf16,lane2,initial,old,128,2,2,1,1,64,2,1.9353386355342348,1.9365490605427975,1.9354881971514548,1.0,1.0046177410659287,1.1037397790008268,40,80,0,128
wide-layernorm-128x1024-bf16,lane2,initial,old,128,2,2,1,1,64,3,1.9354881971514548,1.936812108559499,1.9354881971514548,1.0,1.0046177410659287,1.1037397790008268,40,80,0,128
wide-layernorm-128x1024-bf16,lane2,initial,old,128,2,2,1,1,64,4,1.9432912042096164,1.9451649269311064,1.9354881971514548,1.0,1.0046177410659287,1.1037397790008268,40,80,0,128
wide-layernorm-128x1024-bf16,lane2,initial,old,128,2,2,1,1,64,5,1.9410465057309336,1.9423089770354907,1.9354881971514548,1.0,1.0046177410659287,1.1037397790008268,40,80,0,128
wide-layernorm-128x1024-bf16,lane2,initial,old,128,2,2,1,1,64,6,1.9303148624045863,1.9315636743215032,1.9354881971514548,1.0,1.0046177410659287,1.1037397790008268,40,80,0,128
wide-layernorm-128x1024-bf16,lane2,initial,old,128,2,2,1,1,64,7,1.9243930824614268,1.925615866388309,1.9354881971514548,1.0,1.0046177410659287,1.1037397790008268,40,80,0,128
wide-layernorm-128x1024-bf16,lane2,new,new,128,2,2,1,1,64,1,1.8245506661345776,1.8259705304518665,1.8208692209659718,0.9407803280050103,0.945124607959657,1.0383766713205755,40,80,0,128
wide-layernorm-128x1024-bf16,lane2,new,new,128,2,2,1,1,64,2,1.8207082392424638,1.8220766208251473,1.8208692209659718,0.9407803280050103,0.945124607959657,1.0383766713205755,40,80,0,128
wide-layernorm-128x1024-bf16,lane2,new,new,128,2,2,1,1,64,3,1.8149343314479984,1.8169371316306484,1.8208692209659718,0.9407803280050103,0.945124607959657,1.0383766713205755,40,80,0,128
wide-layernorm-128x1024-bf16,lane2,new,new,128,2,2,1,1,64,4,1.8249732056863182,1.8265697445972493,1.8208692209659718,0.9407803280050103,0.945124607959657,1.0383766713205755,40,80,0,128
wide-layernorm-128x1024-bf16,lane2,new,new,128,2,2,1,1,64,5,1.8367019383518541,1.8381335952848723,1.8208692209659718,0.9407803280050103,0.945124607959657,1.0383766713205755,40,80,0,128
wide-layernorm-128x1024-bf16,lane2,new,new,128,2,2,1,1,64,6,1.8208692209659718,1.8223673870333987,1.8208692209659718,0.9407803280050103,0.945124607959657,1.0383766713205755,40,80,0,128
wide-layernorm-128x1024-bf16,lane2,new,new,128,2,2,1,1,64,7,1.8038896961624356,1.8049646365422396,1.8208692209659718,0.9407803280050103,0.945124607959657,1.0383766713205755,40,80,0,128
wide-layernorm-128x1024-bf16,lane2,recheck,old,128,2,2,1,1,64,1,1.9254931554137937,1.9268846153846155,1.9265916955615827,0.9954034844526742,1.0,1.0986664219464477,40,80,0,128
wide-layernorm-128x1024-bf16,lane2,recheck,old,128,2,2,1,1,64,2,1.9274622805205435,1.928346153846154,1.9265916955615827,0.9954034844526742,1.0,1.0986664219464477,40,80,0,128
wide-layernorm-128x1024-bf16,lane2,recheck,old,128,2,2,1,1,64,3,1.9265916955615827,1.9278076923076923,1.9265916955615827,0.9954034844526742,1.0,1.0986664219464477,40,80,0,128
wide-layernorm-128x1024-bf16,lane2,recheck,old,128,2,2,1,1,64,4,1.926881890547903,1.9282773279352228,1.9265916955615827,0.9954034844526742,1.0,1.0986664219464477,40,80,0,128
wide-layernorm-128x1024-bf16,lane2,recheck,old,128,2,2,1,1,64,5,1.9265296102052758,1.9274331983805668,1.9265916955615827,0.9954034844526742,1.0,1.0986664219464477,40,80,0,128
wide-layernorm-128x1024-bf16,lane2,recheck,old,128,2,2,1,1,64,6,1.9271720855342231,1.9282125506072874,1.9265916955615827,0.9954034844526742,1.0,1.0986664219464477,40,80,0,128
wide-layernorm-128x1024-bf16,lane2,recheck,old,128,2,2,1,1,64,7,1.9244360055035425,1.9254170040485832,1.9265916955615827,0.9954034844526742,1.0,1.0986664219464477,40,80,0,128
wide-layernorm-128x1024-bf16,lane4,initial,old,128,2,4,1,1,64,1,2.3709557359652624,2.3723241895261844,2.35560866662689,1.0,0.9990265679459603,1.3433194751286532,40,80,0,128
wide-layernorm-128x1024-bf16,lane4,initial,old,128,2,4,1,1,64,2,2.3697300861006663,2.371286783042394,2.35560866662689,1.0,0.9990265679459603,1.3433194751286532,40,80,0,128
wide-layernorm-128x1024-bf16,lane4,initial,old,128,2,4,1,1,64,3,2.3566811578232154,2.35839650872818,2.35560866662689,1.0,0.9990265679459603,1.3433194751286532,40,80,0,128
wide-layernorm-128x1024-bf16,lane4,initial,old,128,2,4,1,1,64,4,2.3520080109784134,2.3536708229426435,2.35560866662689,1.0,0.9990265679459603,1.3433194751286532,40,80,0,128
wide-layernorm-128x1024-bf16,lane4,initial,old,128,2,4,1,1,64,5,2.35560866662689,2.3573740648379053,2.35560866662689,1.0,0.9990265679459603,1.3433194751286532,40,80,0,128
wide-layernorm-128x1024-bf16,lane4,initial,old,128,2,4,1,1,64,6,2.3533870097704956,2.355052369077307,2.35560866662689,1.0,0.9990265679459603,1.3433194751286532,40,80,0,128
wide-layernorm-128x1024-bf16,lane4,initial,old,128,2,4,1,1,64,7,2.3510120039866154,2.352780548628429,2.35560866662689,1.0,0.9990265679459603,1.3433194751286532,40,80,0,128
wide-layernorm-128x1024-bf16,lane4,new,new,128,2,4,1,1,64,1,1.8239612290353486,1.8252234848484847,1.8074181585600881,0.7672828616088503,0.766535963876845,1.0307060109316117,40,80,0,128
wide-layernorm-128x1024-bf16,lane4,new,new,128,2,4,1,1,64,2,1.8134884400801226,1.8147651515151513,1.8074181585600881,0.7672828616088503,0.766535963876845,1.0307060109316117,40,80,0,128
wide-layernorm-128x1024-bf16,lane4,new,new,128,2,4,1,1,64,3,1.8117042021317915,1.813090909090909,1.8074181585600881,0.7672828616088503,0.766535963876845,1.0307060109316117,40,80,0,128
wide-layernorm-128x1024-bf16,lane4,new,new,128,2,4,1,1,64,4,1.8074181585600881,1.808712121212121,1.8074181585600881,0.7672828616088503,0.766535963876845,1.0307060109316117,40,80,0,128
wide-layernorm-128x1024-bf16,lane4,new,new,128,2,4,1,1,64,5,1.7973720666133997,1.798596590909091,1.8074181585600881,0.7672828616088503,0.766535963876845,1.0307060109316117,40,80,0,128
wide-layernorm-128x1024-bf16,lane4,new,new,128,2,4,1,1,64,6,1.7984969688184334,1.7998333333333332,1.8074181585600881,0.7672828616088503,0.766535963876845,1.0307060109316117,40,80,0,128
wide-layernorm-128x1024-bf16,lane4,new,new,128,2,4,1,1,64,7,1.7954908717762341,1.796876893939394,1.8074181585600881,0.7672828616088503,0.766535963876845,1.0307060109316117,40,80,0,128
wide-layernorm-128x1024-bf16,lane4,recheck,old,128,2,4,1,1,64,1,2.348890794227059,2.350408312958435,2.357903925888696,1.0009743805472973,1.0,1.3446283794940241,40,80,0,128
wide-layernorm-128x1024-bf16,lane4,recheck,old,128,2,4,1,1,64,2,2.3590556100411635,2.360312958435208,2.357903925888696,1.0009743805472973,1.0,1.3446283794940241,40,80,0,128
wide-layernorm-128x1024-bf16,lane4,recheck,old,128,2,4,1,1,64,3,2.3586801095230365,2.3602787286063567,2.357903925888696,1.0009743805472973,1.0,1.3446283794940241,40,80,0,128
wide-layernorm-128x1024-bf16,lane4,recheck,old,128,2,4,1,1,64,4,2.3587552842417674,2.360352078239609,2.357903925888696,1.0009743805472973,1.0,1.3446283794940241,40,80,0,128
wide-layernorm-128x1024-bf16,lane4,recheck,old,128,2,4,1,1,64,5,2.3547743818287743,2.3563398533007334,2.357903925888696,1.0009743805472973,1.0,1.3446283794940241,40,80,0,128
wide-layernorm-128x1024-bf16,lane4,recheck,old,128,2,4,1,1,64,6,2.357903925888696,2.3593838630806845,2.357903925888696,1.0009743805472973,1.0,1.3446283794940241,40,80,0,128
wide-layernorm-128x1024-bf16,lane4,recheck,old,128,2,4,1,1,64,7,2.356551900178121,2.3577383863080685,2.357903925888696,1.0009743805472973,1.0,1.3446283794940241,40,80,0,128
wide-layernorm-128x1024-bf16,,torch,torch,,,,,,,1,1.7514741715609816,1.752719081272085,1.7535729290318574,,,,not_queried,not_queried,not_queried,not_queried
wide-layernorm-128x1024-bf16,,torch,torch,,,,,,,2,1.7535729290318574,1.754590106007067,1.7535729290318574,,,,not_queried,not_queried,not_queried,not_queried
wide-layernorm-128x1024-bf16,,torch,torch,,,,,,,3,1.754314570881874,1.7555053003533567,1.7535729290318574,,,,not_queried,not_queried,not_queried,not_queried
wide-layernorm-128x1024-bf16,,torch,torch,,,,,,,4,1.7498821083311478,1.7514770318021202,1.7535729290318574,,,,not_queried,not_queried,not_queried,not_queried
wide-layernorm-128x1024-bf16,,torch,torch,,,,,,,5,1.7540251661105206,1.7556802120141344,1.7535729290318574,,,,not_queried,not_queried,not_queried,not_queried
wide-layernorm-128x1024-bf16,,torch,torch,,,,,,,6,1.751003871958163,1.7524381625441696,1.7535729290318574,,,,not_queried,not_queried,not_queried,not_queried
wide-layernorm-128x1024-bf16,,torch,torch,,,,,,,7,1.7546945578639161,1.7560742049469966,1.7535729290318574,,,,not_queried,not_queried,not_queried,not_queried
