case,dtype,fast_math,threads,programs,unroll,stage,lane,vector,sample,event_us_per_operation,graph_host_us_per_operation,median_us,registers,shared_bytes,local_bytes,max_threads
wide-reduce_sum-129x2048-fp16,fp16,True,128,1,64,l1_scalar,1,0,1,1.3527362462784294,1.3535343839541547,1.351239879356756,25,16,0,128
wide-reduce_sum-129x2048-fp16,fp16,True,128,1,64,l1_scalar,1,0,2,1.3500075900452184,1.3508123209169054,1.351239879356756,25,16,0,128
wide-reduce_sum-129x2048-fp16,fp16,True,128,1,64,l1_scalar,1,0,3,1.3505209892732024,1.3513008595988538,1.351239879356756,25,16,0,128
wide-reduce_sum-129x2048-fp16,fp16,True,128,1,64,l1_scalar,1,0,4,1.3515480063364635,1.3525014326647564,1.351239879356756,25,16,0,128
wide-reduce_sum-129x2048-fp16,fp16,True,128,1,64,l1_scalar,1,0,5,1.349552777571801,1.3503252148997136,1.351239879356756,25,16,0,128
wide-reduce_sum-129x2048-fp16,fp16,True,128,1,64,l1_scalar,1,0,6,1.351239879356756,1.351958452722063,1.351239879356756,25,16,0,128
wide-reduce_sum-129x2048-fp16,fp16,True,128,1,64,l1_scalar,1,0,7,1.3535431257974795,1.3544040114613183,1.351239879356756,25,16,0,128
wide-reduce_sum-129x2048-fp16,fp16,True,128,1,64,l4_scalar,4,0,1,1.3884022730966379,1.389303387334315,1.3932281179526418,25,16,0,128
wide-reduce_sum-129x2048-fp16,fp16,True,128,1,64,l4_scalar,4,0,2,1.3937861087220407,1.3945949926362298,1.3932281179526418,25,16,0,128
wide-reduce_sum-129x2048-fp16,fp16,True,128,1,64,l4_scalar,4,0,3,1.3932281179526418,1.3940500736377026,1.3932281179526418,25,16,0,128
wide-reduce_sum-129x2048-fp16,fp16,True,128,1,64,l4_scalar,4,0,4,1.3901817535265555,1.3911811487481591,1.3932281179526418,25,16,0,128
wide-reduce_sum-129x2048-fp16,fp16,True,128,1,64,l4_scalar,4,0,5,1.3943139864172958,1.395536082474227,1.3932281179526418,25,16,0,128
wide-reduce_sum-129x2048-fp16,fp16,True,128,1,64,l4_scalar,4,0,6,1.3929114812252623,1.3937363770250368,1.3932281179526418,25,16,0,128
wide-reduce_sum-129x2048-fp16,fp16,True,128,1,64,l4_scalar,4,0,7,1.3936503751639588,1.3944698085419736,1.3932281179526418,25,16,0,128
wide-reduce_sum-129x2048-fp16,fp16,True,128,1,64,l4_vector,4,1,1,1.3506456955858812,1.3514761904761905,1.3520198673396915,25,16,0,128
wide-reduce_sum-129x2048-fp16,fp16,True,128,1,64,l4_vector,4,1,2,1.3513254052804835,1.352132756132756,1.3520198673396915,25,16,0,128
wide-reduce_sum-129x2048-fp16,fp16,True,128,1,64,l4_vector,4,1,3,1.3520198673396915,1.352851370851371,1.3520198673396915,25,16,0,128
wide-reduce_sum-129x2048-fp16,fp16,True,128,1,64,l4_vector,4,1,4,1.3522414830855993,1.353059163059163,1.3520198673396915,25,16,0,128
wide-reduce_sum-129x2048-fp16,fp16,True,128,1,64,l4_vector,4,1,5,1.348296216383985,1.3492279942279943,1.3520198673396915,25,16,0,128
wide-reduce_sum-129x2048-fp16,fp16,True,128,1,64,l4_vector,4,1,6,1.352138106441085,1.353063492063492,1.3520198673396915,25,16,0,128
wide-reduce_sum-129x2048-fp16,fp16,True,128,1,64,l4_vector,4,1,7,1.3529211927802016,1.353735930735931,1.3520198673396915,25,16,0,128
wide-reduce_sum-129x2048-fp16,fp16,True,,,,torch,,,1,1.2949879224910292,1.296622093023256,1.2963273913361306,not_queried,not_queried,not_queried,not_queried
wide-reduce_sum-129x2048-fp16,fp16,True,,,,torch,,,2,1.2976372519204782,1.2990654069767442,1.2963273913361306,not_queried,not_queried,not_queried,not_queried
wide-reduce_sum-129x2048-fp16,fp16,True,,,,torch,,,3,1.2982028029685797,1.299748546511628,1.2963273913361306,not_queried,not_queried,not_queried,not_queried
wide-reduce_sum-129x2048-fp16,fp16,True,,,,torch,,,4,1.294526499371196,1.296126453488372,1.2963273913361306,not_queried,not_queried,not_queried,not_queried
wide-reduce_sum-129x2048-fp16,fp16,True,,,,torch,,,5,1.2935590744018555,1.2954229651162792,1.2963273913361306,not_queried,not_queried,not_queried,not_queried
wide-reduce_sum-129x2048-fp16,fp16,True,,,,torch,,,6,1.2963273913361306,1.2978750000000001,1.2963273913361306,not_queried,not_queried,not_queried,not_queried
wide-reduce_sum-129x2048-fp16,fp16,True,,,,torch,,,7,1.2978753378224928,1.2995726744186047,1.2963273913361306,not_queried,not_queried,not_queried,not_queried
wide-reduce_sum-129x2048-fp16,fp16,True,128,1,64,l1_recheck,1,0,1,1.3440825349541121,1.3834596774193548,1.3408206611551263,25,16,0,128
wide-reduce_sum-129x2048-fp16,fp16,True,128,1,64,l1_recheck,1,0,2,1.3434494182627688,1.3445443548387095,1.3408206611551263,25,16,0,128
wide-reduce_sum-129x2048-fp16,fp16,True,128,1,64,l1_recheck,1,0,3,1.3396094947732904,1.3418091397849463,1.3408206611551263,25,16,0,128
wide-reduce_sum-129x2048-fp16,fp16,True,128,1,64,l1_recheck,1,0,4,1.339458034884545,1.3404986559139784,1.3408206611551263,25,16,0,128
wide-reduce_sum-129x2048-fp16,fp16,True,128,1,64,l1_recheck,1,0,5,1.3394305526569326,1.3405309139784947,1.3408206611551263,25,16,0,128
wide-reduce_sum-129x2048-fp16,fp16,True,128,1,64,l1_recheck,1,0,6,1.3408206611551263,1.3419435483870967,1.3408206611551263,25,16,0,128
wide-reduce_sum-129x2048-fp16,fp16,True,128,1,64,l1_recheck,1,0,7,1.4792257739651589,1.480483870967742,1.3408206611551263,25,16,0,128
sum-r128-n8192-bf16,bf16,False,128,2,64,l1_scalar,1,0,1,2.7344498104519315,2.7364888888888887,2.718520906236437,39,16,0,128
sum-r128-n8192-bf16,bf16,False,128,2,64,l1_scalar,1,0,2,2.708081775241428,2.710061111111111,2.718520906236437,39,16,0,128
sum-r128-n8192-bf16,bf16,False,128,2,64,l1_scalar,1,0,3,2.695167965359158,2.6973916666666664,2.718520906236437,39,16,0,128
sum-r128-n8192-bf16,bf16,False,128,2,64,l1_scalar,1,0,4,2.718520906236437,2.720413888888889,2.718520906236437,39,16,0,128
sum-r128-n8192-bf16,bf16,False,128,2,64,l1_scalar,1,0,5,2.7350756327311196,2.7372888888888887,2.718520906236437,39,16,0,128
sum-r128-n8192-bf16,bf16,False,128,2,64,l1_scalar,1,0,6,2.728334214952257,2.730197222222222,2.718520906236437,39,16,0,128
sum-r128-n8192-bf16,bf16,False,128,2,64,l1_scalar,1,0,7,2.712860531277127,2.717213888888889,2.718520906236437,39,16,0,128
sum-r128-n8192-bf16,bf16,False,128,2,64,l4_scalar,4,0,1,2.736469268798828,2.7385305555555557,2.731349309285482,38,16,0,128
sum-r128-n8192-bf16,bf16,False,128,2,64,l4_scalar,4,0,2,2.731349309285482,2.8978944444444448,2.731349309285482,38,16,0,128
sum-r128-n8192-bf16,bf16,False,128,2,64,l4_scalar,4,0,3,2.7097316318088107,2.7214416666666668,2.731349309285482,38,16,0,128
sum-r128-n8192-bf16,bf16,False,128,2,64,l4_scalar,4,0,4,2.7080249786376953,2.710363888888889,2.731349309285482,38,16,0,128
sum-r128-n8192-bf16,bf16,False,128,2,64,l4_scalar,4,0,5,2.744405322604709,2.746644444444444,2.731349309285482,38,16,0,128
sum-r128-n8192-bf16,bf16,False,128,2,64,l4_scalar,4,0,6,2.7355306413438587,2.737544444444444,2.731349309285482,38,16,0,128
sum-r128-n8192-bf16,bf16,False,128,2,64,l4_scalar,4,0,7,2.721678204006619,2.723838888888889,2.731349309285482,38,16,0,128
sum-r128-n8192-bf16,bf16,False,128,2,64,l4_vector,4,1,1,2.47011558088676,2.4722619047619045,2.4508545890687006,40,16,0,128
sum-r128-n8192-bf16,bf16,False,128,2,64,l4_vector,4,1,2,2.4329751635354664,2.4351587301587303,2.4508545890687006,40,16,0,128
sum-r128-n8192-bf16,bf16,False,128,2,64,l4_vector,4,1,3,2.4406957878637567,2.442748677248677,2.4508545890687006,40,16,0,128
sum-r128-n8192-bf16,bf16,False,128,2,64,l4_vector,4,1,4,2.4338692962807955,2.4359682539682543,2.4508545890687006,40,16,0,128
sum-r128-n8192-bf16,bf16,False,128,2,64,l4_vector,4,1,5,2.4677587438512734,2.4699179894179895,2.4508545890687006,40,16,0,128
sum-r128-n8192-bf16,bf16,False,128,2,64,l4_vector,4,1,6,2.4703051047350364,2.4721084656084655,2.4508545890687006,40,16,0,128
sum-r128-n8192-bf16,bf16,False,128,2,64,l4_vector,4,1,7,2.4508545890687006,2.453150793650794,2.4508545890687006,40,16,0,128
sum-r128-n8192-bf16,bf16,False,,,,torch,,,1,2.6551454060279247,2.659830903790088,2.655414103071474,not_queried,not_queried,not_queried,not_queried
sum-r128-n8192-bf16,bf16,False,,,,torch,,,2,2.655414103071474,2.6601341107871717,2.655414103071474,not_queried,not_queried,not_queried,not_queried
sum-r128-n8192-bf16,bf16,False,,,,torch,,,3,2.654040812055849,2.6594956268221575,2.655414103071474,not_queried,not_queried,not_queried,not_queried
sum-r128-n8192-bf16,bf16,False,,,,torch,,,4,2.663176289105207,2.667588921282799,2.655414103071474,not_queried,not_queried,not_queried,not_queried
sum-r128-n8192-bf16,bf16,False,,,,torch,,,5,2.656041136983532,2.6593994169096207,2.655414103071474,not_queried,not_queried,not_queried,not_queried
sum-r128-n8192-bf16,bf16,False,,,,torch,,,6,2.6556828001150237,2.6583790087463557,2.655414103071474,not_queried,not_queried,not_queried,not_queried
sum-r128-n8192-bf16,bf16,False,,,,torch,,,7,2.6550857944321704,2.657760932944606,2.655414103071474,not_queried,not_queried,not_queried,not_queried
sum-r128-n8192-bf16,bf16,False,128,2,64,l1_recheck,1,0,1,2.588272513924064,2.5905412087912087,2.588385068453275,39,16,0,128
sum-r128-n8192-bf16,bf16,False,128,2,64,l1_recheck,1,0,2,2.5857124747810785,2.5878956043956043,2.588385068453275,39,16,0,128
sum-r128-n8192-bf16,bf16,False,128,2,64,l1_recheck,1,0,3,2.5879348503364312,2.5900741758241757,2.588385068453275,39,16,0,128
sum-r128-n8192-bf16,bf16,False,128,2,64,l1_recheck,1,0,4,2.588385068453275,2.592351648351648,2.588385068453275,39,16,0,128
sum-r128-n8192-bf16,bf16,False,128,2,64,l1_recheck,1,0,5,2.590551271543398,2.594,2.588385068453275,39,16,0,128
sum-r128-n8192-bf16,bf16,False,128,2,64,l1_recheck,1,0,6,2.5894821083152686,2.5929890109890112,2.588385068453275,39,16,0,128
sum-r128-n8192-bf16,bf16,False,128,2,64,l1_recheck,1,0,7,2.5905793577760132,2.5931510989010986,2.588385068453275,39,16,0,128
sum-r3-n8192-fp32,fp32,False,256,1,64,l1_scalar,1,0,1,1.3260290327655473,1.3268719772403983,1.3262184110508535,38,32,0,256
sum-r3-n8192-fp32,fp32,False,256,1,64,l1_scalar,1,0,2,1.3258687395120243,1.3266543385490754,1.3262184110508535,38,32,0,256
sum-r3-n8192-fp32,fp32,False,256,1,64,l1_scalar,1,0,3,1.3263785957781384,1.3272062588904694,1.3262184110508535,38,32,0,256
sum-r3-n8192-fp32,fp32,False,256,1,64,l1_scalar,1,0,4,1.326436874367943,1.3273328591749645,1.3262184110508535,38,32,0,256
sum-r3-n8192-fp32,fp32,False,256,1,64,l1_scalar,1,0,5,1.3266845312430544,1.3274224751066857,1.3262184110508535,38,32,0,256
sum-r3-n8192-fp32,fp32,False,256,1,64,l1_scalar,1,0,6,1.3246889507787496,1.325900426742532,1.3262184110508535,38,32,0,256
sum-r3-n8192-fp32,fp32,False,256,1,64,l1_scalar,1,0,7,1.3262184110508535,1.3269815078236131,1.3262184110508535,38,32,0,256
sum-r3-n8192-fp32,fp32,False,256,1,64,l4_scalar,4,0,1,1.3679222365366692,1.3687599410898381,1.3679222365366692,38,32,0,256
sum-r3-n8192-fp32,fp32,False,256,1,64,l4_scalar,4,0,2,1.3645591230209868,1.3653946980854197,1.3679222365366692,38,32,0,256
sum-r3-n8192-fp32,fp32,False,256,1,64,l4_scalar,4,0,3,1.3667760295615106,1.367643593519882,1.3679222365366692,38,32,0,256
sum-r3-n8192-fp32,fp32,False,256,1,64,l4_scalar,4,0,4,1.3682841552374816,1.3690500736377025,1.3679222365366692,38,32,0,256
sum-r3-n8192-fp32,fp32,False,256,1,64,l4_scalar,4,0,5,1.3677865029785876,1.3685729013254788,1.3679222365366692,38,32,0,256
sum-r3-n8192-fp32,fp32,False,256,1,64,l4_scalar,4,0,6,1.368027857020607,1.3690382916053019,1.3679222365366692,38,32,0,256
sum-r3-n8192-fp32,fp32,False,256,1,64,l4_scalar,4,0,7,1.369566095770722,1.3704270986745213,1.3679222365366692,38,32,0,256
sum-r3-n8192-fp32,fp32,False,256,1,64,l4_vector,4,1,1,1.352029640338838,1.3528335704125178,1.3514032268931144,40,32,0,256
sum-r3-n8192-fp32,fp32,False,256,1,64,l4_vector,4,1,2,1.3514032268931144,1.3521963015647225,1.3514032268931144,40,32,0,256
sum-r3-n8192-fp32,fp32,False,256,1,64,l4_vector,4,1,3,1.3514177694090062,1.3522645803698434,1.3514032268931144,40,32,0,256
sum-r3-n8192-fp32,fp32,False,256,1,64,l4_vector,4,1,4,1.3510391213646316,1.351778093883357,1.3514032268931144,40,32,0,256
sum-r3-n8192-fp32,fp32,False,256,1,64,l4_vector,4,1,5,1.3491891831117198,1.34999573257468,1.3514032268931144,40,32,0,256
sum-r3-n8192-fp32,fp32,False,256,1,64,l4_vector,4,1,6,1.3515343265886157,1.3523015647226173,1.3514032268931144,40,32,0,256
sum-r3-n8192-fp32,fp32,False,256,1,64,l4_vector,4,1,7,1.3513594908192013,1.352176386913229,1.3514032268931144,40,32,0,256
sum-r3-n8192-fp32,fp32,False,,,,torch,,,1,1.3558760168109205,1.358462686567164,1.353750241821786,not_queried,not_queried,not_queried,not_queried
sum-r3-n8192-fp32,fp32,False,,,,torch,,,2,1.3546533468135176,1.3571953867028494,1.353750241821786,not_queried,not_queried,not_queried,not_queried
sum-r3-n8192-fp32,fp32,False,,,,torch,,,3,1.353750241821786,1.3562591587516961,1.353750241821786,not_queried,not_queried,not_queried,not_queried
sum-r3-n8192-fp32,fp32,False,,,,torch,,,4,1.351846723414179,1.35450881953867,1.353750241821786,not_queried,not_queried,not_queried,not_queried
sum-r3-n8192-fp32,fp32,False,,,,torch,,,5,1.350762976720181,1.3528616010854817,1.353750241821786,not_queried,not_queried,not_queried,not_queried
sum-r3-n8192-fp32,fp32,False,,,,torch,,,6,1.3527498284059107,1.3542211668928088,1.353750241821786,not_queried,not_queried,not_queried,not_queried
sum-r3-n8192-fp32,fp32,False,,,,torch,,,7,1.3551118351225937,1.3564789687924017,1.353750241821786,not_queried,not_queried,not_queried,not_queried
sum-r3-n8192-fp32,fp32,False,256,1,64,l1_recheck,1,0,1,1.3182707507200915,1.3193246753246752,1.3199109054059006,38,32,0,256
sum-r3-n8192-fp32,fp32,False,256,1,64,l1_recheck,1,0,2,1.3199109054059006,1.3205512265512265,1.3199109054059006,38,32,0,256
sum-r3-n8192-fp32,fp32,False,256,1,64,l1_recheck,1,0,3,1.3209895894985006,1.3217936507936507,1.3199109054059006,38,32,0,256
sum-r3-n8192-fp32,fp32,False,256,1,64,l1_recheck,1,0,4,1.320191640702505,1.320922077922078,1.3199109054059006,38,32,0,256
sum-r3-n8192-fp32,fp32,False,256,1,64,l1_recheck,1,0,5,1.3188469736779063,1.3196940836940838,1.3199109054059006,38,32,0,256
sum-r3-n8192-fp32,fp32,False,256,1,64,l1_recheck,1,0,6,1.3194971786432967,1.3203189033189031,1.3199109054059006,38,32,0,256
sum-r3-n8192-fp32,fp32,False,256,1,64,l1_recheck,1,0,7,1.330948756714748,1.3316637806637808,1.3199109054059006,38,32,0,256
