case,cohort,route,original_case_status,original_cohort_status,sample_index,event_us_per_op,p50_us
partition-sum-17x1024-fp16-br4,default,native,passed,failed,0,2.1977093392040903,2.1989028326003424
partition-sum-17x1024-fp16-br4,default,native,passed,failed,1,2.1994278203079474,2.1989028326003424
partition-sum-17x1024-fp16-br4,default,native,passed,failed,2,2.1989028326003424,2.1989028326003424
partition-sum-17x1024-fp16-br4,default,native,passed,failed,3,2.196229343369846,2.1989028326003424
partition-sum-17x1024-fp16-br4,default,native,passed,failed,4,2.196492015065013,2.1989028326003424
partition-sum-17x1024-fp16-br4,default,native,passed,failed,5,2.198974324828817,2.1989028326003424
partition-sum-17x1024-fp16-br4,default,native,passed,failed,6,2.198998155571642,2.1989028326003424
partition-sum-17x1024-fp16-br4,default,torch,passed,failed,0,0.978837470787798,0.97896765560084
partition-sum-17x1024-fp16-br4,default,torch,passed,failed,1,0.9791571115482749,0.97896765560084
partition-sum-17x1024-fp16-br4,default,torch,passed,failed,2,0.97896765560084,0.97896765560084
partition-sum-17x1024-fp16-br4,default,torch,passed,failed,3,0.9778903674528089,0.97896765560084
partition-sum-17x1024-fp16-br4,default,torch,passed,failed,4,0.9788256518413566,0.97896765560084
partition-sum-17x1024-fp16-br4,default,torch,passed,failed,5,0.9791925683875994,0.97896765560084
partition-sum-17x1024-fp16-br4,default,torch,passed,failed,6,0.9789913816948157,0.97896765560084
partition-sum-17x1024-fp16-br4,rows1,native,passed,passed,0,0.9235015384253584,0.9234609291356985
partition-sum-17x1024-fp16-br4,rows1,native,passed,passed,1,0.9234609291356985,0.9234609291356985
partition-sum-17x1024-fp16-br4,rows1,native,passed,passed,2,0.9234913861029435,0.9234609291356985
partition-sum-17x1024-fp16-br4,rows1,native,passed,passed,3,0.9229829365825937,0.9234609291356985
partition-sum-17x1024-fp16-br4,rows1,native,passed,passed,4,0.9225965422220239,0.9234609291356985
partition-sum-17x1024-fp16-br4,rows1,native,passed,passed,5,0.9234710814581135,0.9234609291356985
partition-sum-17x1024-fp16-br4,rows1,native,passed,passed,6,0.9233388739759185,0.9234609291356985
partition-sum-17x1024-fp16-br4,rows2,native,passed,passed,0,1.3017507445760619,1.3005095642882507
partition-sum-17x1024-fp16-br4,rows2,native,passed,passed,1,1.3009676582369454,1.3005095642882507
partition-sum-17x1024-fp16-br4,rows2,native,passed,passed,2,1.3012778982627615,1.3005095642882507
partition-sum-17x1024-fp16-br4,rows2,native,passed,passed,3,1.3005095642882507,1.3005095642882507
partition-sum-17x1024-fp16-br4,rows2,native,passed,passed,4,1.3000662227041622,1.3005095642882507
partition-sum-17x1024-fp16-br4,rows2,native,passed,passed,5,1.3001253422548589,1.3005095642882507
partition-sum-17x1024-fp16-br4,rows2,native,passed,passed,6,1.2995195044755592,1.3005095642882507
partition-sum-17x1024-fp16-br4,recheck,native,passed,passed,0,2.1985304606882137,2.1985304606882137
partition-sum-17x1024-fp16-br4,recheck,native,passed,passed,1,2.198266558680657,2.1985304606882137
partition-sum-17x1024-fp16-br4,recheck,native,passed,passed,2,2.2004728294926448,2.1985304606882137
partition-sum-17x1024-fp16-br4,recheck,native,passed,passed,3,2.1966118555716663,2.1985304606882137
partition-sum-17x1024-fp16-br4,recheck,native,passed,passed,4,2.1988901321446868,2.1985304606882137
partition-sum-17x1024-fp16-br4,recheck,native,passed,passed,5,2.199921261789648,2.1985304606882137
partition-sum-17x1024-fp16-br4,recheck,native,passed,passed,6,2.1980987834707078,2.1985304606882137
partition-max-17x1024-fp16-br4,default,native,passed,failed,0,2.1650736043741414,2.1640832921960853
partition-max-17x1024-fp16-br4,default,native,passed,failed,1,2.1640832921960853,2.1640832921960853
partition-max-17x1024-fp16-br4,default,native,passed,failed,2,2.1617877666766825,2.1640832921960853
partition-max-17x1024-fp16-br4,default,native,passed,failed,3,2.162237817114526,2.1640832921960853
partition-max-17x1024-fp16-br4,default,native,passed,failed,4,2.1627329732035543,2.1640832921960853
partition-max-17x1024-fp16-br4,default,native,passed,failed,5,2.164781004517943,2.1640832921960853
partition-max-17x1024-fp16-br4,default,native,passed,failed,6,2.1642184414706387,2.1640832921960853
partition-max-17x1024-fp16-br4,default,torch,passed,failed,0,0.914602070829294,0.9132472964098853
partition-max-17x1024-fp16-br4,default,torch,passed,failed,1,0.9185635086393704,0.9132472964098853
partition-max-17x1024-fp16-br4,default,torch,passed,failed,2,0.9126867169011248,0.9132472964098853
partition-max-17x1024-fp16-br4,default,torch,passed,failed,3,0.9143124183599096,0.9132472964098853
partition-max-17x1024-fp16-br4,default,torch,passed,failed,4,0.9119393007598654,0.9132472964098853
partition-max-17x1024-fp16-br4,default,torch,passed,failed,5,0.911649648290481,0.9132472964098853
partition-max-17x1024-fp16-br4,default,torch,passed,failed,6,0.9132472964098853,0.9132472964098853
partition-max-17x1024-fp16-br4,rows1,native,passed,passed,0,0.9300118286533919,0.9297875428382565
partition-max-17x1024-fp16-br4,rows1,native,passed,passed,1,0.9297426689624264,0.9297875428382565
partition-max-17x1024-fp16-br4,rows1,native,passed,passed,2,0.9286771442125035,0.9297875428382565
partition-max-17x1024-fp16-br4,rows1,native,passed,passed,3,0.9288566397158236,0.9297875428382565
partition-max-17x1024-fp16-br4,rows1,native,passed,passed,4,0.9297875428382565,0.9297875428382565
partition-max-17x1024-fp16-br4,rows1,native,passed,passed,5,0.929821135572118,0.9297875428382565
partition-max-17x1024-fp16-br4,rows1,native,passed,passed,6,0.9303707360960176,0.9297875428382565
partition-max-17x1024-fp16-br4,rows2,native,passed,passed,0,1.41727047533683,1.41727047533683
partition-max-17x1024-fp16-br4,rows2,native,passed,passed,1,1.4179275106749438,1.41727047533683
partition-max-17x1024-fp16-br4,rows2,native,passed,passed,2,1.4130719204277313,1.41727047533683
partition-max-17x1024-fp16-br4,rows2,native,passed,passed,3,1.4179756272007042,1.41727047533683
partition-max-17x1024-fp16-br4,rows2,native,passed,passed,4,1.41811985738214,1.41727047533683
partition-max-17x1024-fp16-br4,rows2,native,passed,passed,5,1.4162288659801692,1.41727047533683
partition-max-17x1024-fp16-br4,rows2,native,passed,passed,6,1.4153314868049442,1.41727047533683
partition-max-17x1024-fp16-br4,recheck,native,passed,passed,0,2.16433719159216,2.1639338520475757
partition-max-17x1024-fp16-br4,recheck,native,passed,passed,1,2.167182772112623,2.1639338520475757
partition-max-17x1024-fp16-br4,recheck,native,passed,passed,2,2.1547470259718615,2.1639338520475757
partition-max-17x1024-fp16-br4,recheck,native,passed,passed,3,2.16319445186423,2.1639338520475757
partition-max-17x1024-fp16-br4,recheck,native,passed,passed,4,2.1639338520475757,2.1639338520475757
partition-max-17x1024-fp16-br4,recheck,native,passed,passed,5,2.1636649033694613,2.1639338520475757
partition-max-17x1024-fp16-br4,recheck,native,passed,passed,6,2.1642026337805147,2.1639338520475757
partition-sum-65x2048-fp16-br8,default,native,failed,failed,0,6.3262058381111395,6.3262058381111395
partition-sum-65x2048-fp16-br8,default,native,failed,failed,1,6.3267344813193045,6.3262058381111395
partition-sum-65x2048-fp16-br8,default,native,failed,failed,2,6.3273290818737395,6.3262058381111395
partition-sum-65x2048-fp16-br8,default,native,failed,failed,3,6.322307955834173,6.3262058381111395
partition-sum-65x2048-fp16-br8,default,native,failed,failed,4,6.325809601814516,6.3262058381111395
partition-sum-65x2048-fp16-br8,default,native,failed,failed,5,6.3238274358933975,6.3262058381111395
partition-sum-65x2048-fp16-br8,default,native,failed,failed,6,6.3262717954574095,6.3262058381111395
partition-sum-65x2048-fp16-br8,rows1,native,passed,passed,0,1.1210585327948375,1.1211927221455704
partition-sum-65x2048-fp16-br8,rows1,native,passed,passed,1,1.1209512413094898,1.1211927221455704
partition-sum-65x2048-fp16-br8,rows1,native,passed,passed,2,1.1185220340913744,1.1211927221455704
partition-sum-65x2048-fp16-br8,rows1,native,passed,passed,3,1.1211927221455704,1.1211927221455704
partition-sum-65x2048-fp16-br8,rows1,native,passed,passed,4,1.1215953901898346,1.1211927221455704
partition-sum-65x2048-fp16-br8,rows1,native,passed,passed,5,1.1215550933877887,1.1211927221455704
partition-sum-65x2048-fp16-br8,rows1,native,passed,passed,6,1.1212599168130017,1.1211927221455704
partition-sum-65x2048-fp16-br8,rows2,native,passed,passed,0,2.4210178909670326,2.418346681456635
partition-sum-65x2048-fp16-br8,rows2,native,passed,passed,1,2.418346681456635,2.418346681456635
partition-sum-65x2048-fp16-br8,rows2,native,passed,passed,2,2.4190145299054575,2.418346681456635
partition-sum-65x2048-fp16-br8,rows2,native,passed,passed,3,2.4181240653070275,2.418346681456635
partition-sum-65x2048-fp16-br8,rows2,native,passed,passed,4,2.418420948268135,2.418346681456635
partition-sum-65x2048-fp16-br8,rows2,native,passed,passed,5,2.4181487594825635,2.418346681456635
partition-sum-65x2048-fp16-br8,rows2,native,passed,passed,6,2.418198332118527,2.418346681456635
partition-sum-65x2048-fp16-br8,recheck,native,passed,passed,0,6.320473807198661,6.325261499974634
partition-sum-65x2048-fp16-br8,recheck,native,passed,passed,1,6.325061847637226,6.325261499974634
partition-sum-65x2048-fp16-br8,recheck,native,passed,passed,2,6.325261499974634,6.325261499974634
partition-sum-65x2048-fp16-br8,recheck,native,passed,passed,3,6.329915926053927,6.325261499974634
partition-sum-65x2048-fp16-br8,recheck,native,passed,passed,4,6.327389308384487,6.325261499974634
partition-sum-65x2048-fp16-br8,recheck,native,passed,passed,5,6.322401963271104,6.325261499974634
partition-sum-65x2048-fp16-br8,recheck,native,passed,passed,6,6.33058077329165,6.325261499974634
partition-sum-65x2048-fp16-br8,independent_retest,native,passed,passed,0,6.328914519279234,6.327196674962198
partition-sum-65x2048-fp16-br8,independent_retest,native,passed,passed,1,6.327659360824093,6.327196674962198
partition-sum-65x2048-fp16-br8,independent_retest,native,passed,passed,2,6.327196674962198,6.327196674962198
partition-sum-65x2048-fp16-br8,independent_retest,native,passed,passed,3,6.324686358051915,6.327196674962198
partition-sum-65x2048-fp16-br8,independent_retest,native,passed,passed,4,6.325941516507056,6.327196674962198
partition-sum-65x2048-fp16-br8,independent_retest,native,passed,passed,5,6.328188004032258,6.327196674962198
partition-sum-65x2048-fp16-br8,independent_retest,native,passed,passed,6,6.326404202368952,6.327196674962198
partition-sum-65x2048-fp16-br8,independent_retest,torch,passed,passed,0,1.2831416393275132,1.2831285155936598
partition-sum-65x2048-fp16-br8,independent_retest,torch,passed,passed,1,1.2807098310321225,1.2831285155936598
partition-sum-65x2048-fp16-br8,independent_retest,torch,passed,passed,2,1.2826421539345816,1.2831285155936598
partition-sum-65x2048-fp16-br8,independent_retest,torch,passed,passed,3,1.2836805938603177,1.2831285155936598
partition-sum-65x2048-fp16-br8,independent_retest,torch,passed,passed,4,1.2831285155936598,1.2831285155936598
partition-sum-65x2048-fp16-br8,independent_retest,torch,passed,passed,5,1.2813670950462333,1.2831285155936598
partition-sum-65x2048-fp16-br8,independent_retest,torch,passed,passed,6,1.2839040890890765,1.2831285155936598
partition-max-65x2048-fp16-br8,default,native,passed,failed,0,6.371274675641741,6.370477057122565
partition-max-65x2048-fp16-br8,default,native,passed,failed,1,6.373070060432731,6.370477057122565
partition-max-65x2048-fp16-br8,default,native,passed,failed,2,6.370477057122565,6.370477057122565
partition-max-65x2048-fp16-br8,default,native,passed,failed,3,6.370477057122565,6.370477057122565
partition-max-65x2048-fp16-br8,default,native,passed,failed,4,6.364426055511871,6.370477057122565
partition-max-65x2048-fp16-br8,default,native,passed,failed,5,6.366686635203176,6.370477057122565
partition-max-65x2048-fp16-br8,default,native,passed,failed,6,6.36894771030971,6.370477057122565
partition-max-65x2048-fp16-br8,default,torch,passed,failed,0,1.2686339818799017,1.2673358004275146
partition-max-65x2048-fp16-br8,default,torch,passed,failed,1,1.267190022733819,1.2673358004275146
partition-max-65x2048-fp16-br8,default,torch,passed,failed,2,1.2673358004275146,1.2673358004275146
partition-max-65x2048-fp16-br8,default,torch,passed,failed,3,1.267666933915902,1.2673358004275146
partition-max-65x2048-fp16-br8,default,torch,passed,failed,4,1.2659712935789436,1.2673358004275146
partition-max-65x2048-fp16-br8,default,torch,passed,failed,5,1.268196846195828,1.2673358004275146
partition-max-65x2048-fp16-br8,default,torch,passed,failed,6,1.2666204336543903,1.2673358004275146
partition-max-65x2048-fp16-br8,rows1,native,passed,passed,0,1.1233306231366598,1.1251618700003443
partition-max-65x2048-fp16-br8,rows1,native,passed,passed,1,1.1245041470083241,1.1251618700003443
partition-max-65x2048-fp16-br8,rows1,native,passed,passed,2,1.1250458916728983,1.1251618700003443
partition-max-65x2048-fp16-br8,rows1,native,passed,passed,3,1.1256648911637084,1.1251618700003443
partition-max-65x2048-fp16-br8,rows1,native,passed,passed,4,1.1251618700003443,1.1251618700003443
partition-max-65x2048-fp16-br8,rows1,native,passed,passed,5,1.1252264411983923,1.1251618700003443
partition-max-65x2048-fp16-br8,rows1,native,passed,passed,6,1.1256520153593357,1.1251618700003443
partition-max-65x2048-fp16-br8,rows2,native,passed,passed,0,2.4175177239752434,2.417996493252841
partition-max-65x2048-fp16-br8,rows2,native,passed,passed,1,2.4152835994571835,2.417996493252841
partition-max-65x2048-fp16-br8,rows2,native,passed,passed,2,2.417996493252841,2.417996493252841
partition-max-65x2048-fp16-br8,rows2,native,passed,passed,3,2.412065183961546,2.417996493252841
partition-max-65x2048-fp16-br8,rows2,native,passed,passed,4,2.4205233090883724,2.417996493252841
partition-max-65x2048-fp16-br8,rows2,native,passed,passed,5,2.4202571720271915,2.417996493252841
partition-max-65x2048-fp16-br8,rows2,native,passed,passed,6,2.420762693727171,2.417996493252841
partition-max-65x2048-fp16-br8,recheck,native,passed,passed,0,6.376082947204163,6.374005937909747
partition-max-65x2048-fp16-br8,recheck,native,passed,passed,1,6.37364794324328,6.374005937909747
partition-max-65x2048-fp16-br8,recheck,native,passed,passed,2,6.376798936537096,6.374005937909747
partition-max-65x2048-fp16-br8,recheck,native,passed,passed,3,6.374005937909747,6.374005937909747
partition-max-65x2048-fp16-br8,recheck,native,passed,passed,4,6.37214447234894,6.374005937909747
partition-max-65x2048-fp16-br8,recheck,native,passed,passed,5,6.376512434099104,6.374005937909747
partition-max-65x2048-fp16-br8,recheck,native,passed,passed,6,6.3737914612243225,6.374005937909747
partition-sum-128x2048-bf16-br8,default,native,passed,failed,0,1.6549858576814893,1.6549858576814893
partition-sum-128x2048-bf16-br8,default,native,passed,failed,1,1.655671025665713,1.6549858576814893
partition-sum-128x2048-bf16-br8,default,native,passed,failed,2,1.6552743777422838,1.6549858576814893
partition-sum-128x2048-bf16-br8,default,native,passed,failed,3,1.6553645066812004,1.6549858576814893
partition-sum-128x2048-bf16-br8,default,native,passed,failed,4,1.6542468272464377,1.6549858576814893
partition-sum-128x2048-bf16-br8,default,native,passed,failed,5,1.6525521076900858,1.6549858576814893
partition-sum-128x2048-bf16-br8,default,native,passed,failed,6,1.6524799776748873,1.6549858576814893
partition-sum-128x2048-bf16-br8,default,torch,passed,failed,0,2.132675985172564,2.136952517480695
partition-sum-128x2048-bf16-br8,default,torch,passed,failed,1,2.1169477493746376,2.136952517480695
partition-sum-128x2048-bf16-br8,default,torch,passed,failed,2,2.137261410600348,2.136952517480695
partition-sum-128x2048-bf16-br8,default,torch,passed,failed,3,2.136952517480695,2.136952517480695
partition-sum-128x2048-bf16-br8,default,torch,passed,failed,4,2.13773669886755,2.136952517480695
partition-sum-128x2048-bf16-br8,default,torch,passed,failed,5,2.137356468253788,2.136952517480695
partition-sum-128x2048-bf16-br8,default,torch,passed,failed,6,2.1365961840423795,2.136952517480695
partition-sum-128x2048-bf16-br8,rows1,native,passed,passed,0,1.3506242979608685,1.352418947290075
partition-sum-128x2048-bf16-br8,rows1,native,passed,passed,1,1.352418947290075,1.352418947290075
partition-sum-128x2048-bf16-br8,rows1,native,passed,passed,2,1.3541683146458487,1.352418947290075
partition-sum-128x2048-bf16-br8,rows1,native,passed,passed,3,1.3523737776788591,1.352418947290075
partition-sum-128x2048-bf16-br8,rows1,native,passed,passed,4,1.3530523331070508,1.352418947290075
partition-sum-128x2048-bf16-br8,rows1,native,passed,passed,5,1.350307661233489,1.352418947290075
partition-sum-128x2048-bf16-br8,rows1,native,passed,passed,6,1.3542286531563537,1.352418947290075
partition-sum-128x2048-bf16-br8,rows2,native,passed,passed,0,1.473697791951798,1.4813665167443686
partition-sum-128x2048-bf16-br8,rows2,native,passed,passed,1,1.4815026512878509,1.4813665167443686
partition-sum-128x2048-bf16-br8,rows2,native,passed,passed,2,1.4816387858313331,1.4813665167443686
partition-sum-128x2048-bf16-br8,rows2,native,passed,passed,3,1.4811093486746445,1.4813665167443686
partition-sum-128x2048-bf16-br8,rows2,native,passed,passed,4,1.4818807401896579,1.4813665167443686
partition-sum-128x2048-bf16-br8,rows2,native,passed,passed,5,1.4787648594009648,1.4813665167443686
partition-sum-128x2048-bf16-br8,rows2,native,passed,passed,6,1.4813665167443686,1.4813665167443686
partition-sum-128x2048-bf16-br8,recheck,native,passed,passed,0,1.642338406421204,1.6460937336220511
partition-sum-128x2048-bf16-br8,recheck,native,passed,passed,1,1.6433459232446332,1.6460937336220511
partition-sum-128x2048-bf16-br8,recheck,native,passed,passed,2,1.6464051876170478,1.6460937336220511
partition-sum-128x2048-bf16-br8,recheck,native,passed,passed,3,1.6474675705693063,1.6460937336220511
partition-sum-128x2048-bf16-br8,recheck,native,passed,passed,4,1.6460937336220511,1.6460937336220511
partition-sum-128x2048-bf16-br8,recheck,native,passed,passed,5,1.6457639909174446,1.6460937336220511
partition-sum-128x2048-bf16-br8,recheck,native,passed,passed,6,1.647998898528343,1.6460937336220511
partition-max-128x2048-bf16-br8,default,native,passed,failed,0,1.6631673529073854,1.6631318458636326
partition-max-128x2048-bf16-br8,default,native,passed,failed,1,1.663539318889895,1.6631318458636326
partition-max-128x2048-bf16-br8,default,native,passed,failed,2,1.6622815247638003,1.6631318458636326
partition-max-128x2048-bf16-br8,default,native,passed,failed,3,1.6633268046131595,1.6631318458636326
partition-max-128x2048-bf16-br8,default,native,passed,failed,4,1.6589508584626407,1.6631318458636326
partition-max-128x2048-bf16-br8,default,native,passed,failed,5,1.6631318458636326,1.6631318458636326
partition-max-128x2048-bf16-br8,default,native,passed,failed,6,1.6630432762489187,1.6631318458636326
partition-max-128x2048-bf16-br8,default,torch,passed,failed,0,1.3343254042549368,1.3325821110075968
partition-max-128x2048-bf16-br8,default,torch,passed,failed,1,1.3325821110075968,1.3325821110075968
partition-max-128x2048-bf16-br8,default,torch,passed,failed,2,1.3312470839798816,1.3325821110075968
partition-max-128x2048-bf16-br8,default,torch,passed,failed,3,1.3319853332145082,1.3325821110075968
partition-max-128x2048-bf16-br8,default,torch,passed,failed,4,1.332707785389906,1.3325821110075968
partition-max-128x2048-bf16-br8,default,torch,passed,failed,5,1.331011532274492,1.3325821110075968
partition-max-128x2048-bf16-br8,default,torch,passed,failed,6,1.3332574060358153,1.3325821110075968
partition-max-128x2048-bf16-br8,rows1,native,passed,passed,0,1.3433100794481774,1.3523888342159311
partition-max-128x2048-bf16-br8,rows1,native,passed,passed,1,1.3516498279150175,1.3523888342159311
partition-max-128x2048-bf16-br8,rows1,native,passed,passed,2,1.351891181957037,1.3523888342159311
partition-max-128x2048-bf16-br8,rows1,native,passed,passed,3,1.3524642292635078,1.3523888342159311
partition-max-128x2048-bf16-br8,rows1,native,passed,passed,4,1.3548772078726183,1.3523888342159311
partition-max-128x2048-bf16-br8,rows1,native,passed,passed,5,1.3523888342159311,1.3523888342159311
partition-max-128x2048-bf16-br8,rows1,native,passed,passed,6,1.3546207972935267,1.3523888342159311
partition-max-128x2048-bf16-br8,rows2,native,passed,passed,0,1.486236210946394,1.4862734546209728
partition-max-128x2048-bf16-br8,rows2,native,passed,passed,1,1.487000956995674,1.4862734546209728
partition-max-128x2048-bf16-br8,rows2,native,passed,passed,2,1.4862734546209728,1.4862734546209728
partition-max-128x2048-bf16-br8,rows2,native,passed,passed,3,1.4875232022533869,1.4862734546209728
partition-max-128x2048-bf16-br8,rows2,native,passed,passed,4,1.4850052241202043,1.4862734546209728
partition-max-128x2048-bf16-br8,rows2,native,passed,passed,5,1.488008203836521,1.4862734546209728
partition-max-128x2048-bf16-br8,rows2,native,passed,passed,6,1.4836622283324084,1.4862734546209728
partition-max-128x2048-bf16-br8,recheck,native,passed,passed,0,1.658842715626423,1.6641771771651583
partition-max-128x2048-bf16-br8,recheck,native,passed,passed,1,1.6566977301147683,1.6641771771651583
partition-max-128x2048-bf16-br8,recheck,native,passed,passed,2,1.6657252911010074,1.6641771771651583
partition-max-128x2048-bf16-br8,recheck,native,passed,passed,3,1.6654455466348617,1.6641771771651583
partition-max-128x2048-bf16-br8,recheck,native,passed,passed,4,1.6636363100701559,1.6641771771651583
partition-max-128x2048-bf16-br8,recheck,native,passed,passed,5,1.6666019071429587,1.6641771771651583
partition-max-128x2048-bf16-br8,recheck,native,passed,passed,6,1.6641771771651583,1.6641771771651583
partition-sum-65x512-fp32-br8,default,native,passed,failed,0,1.327682170029804,1.3279548370727052
partition-sum-65x512-fp32-br8,default,native,passed,failed,1,1.326509518883676,1.3279548370727052
partition-sum-65x512-fp32-br8,default,native,passed,failed,2,1.3279548370727052,1.3279548370727052
partition-sum-65x512-fp32-br8,default,native,passed,failed,3,1.3277093960981712,1.3279548370727052
partition-sum-65x512-fp32-br8,default,native,passed,failed,4,1.3283638376370568,1.3279548370727052
partition-sum-65x512-fp32-br8,default,native,passed,failed,5,1.3298364834842606,1.3279548370727052
partition-sum-65x512-fp32-br8,default,native,passed,failed,6,1.3284729450901402,1.3279548370727052
partition-sum-65x512-fp32-br8,default,torch,passed,failed,0,1.0003373429581925,1.0007146886877112
partition-sum-65x512-fp32-br8,default,torch,passed,failed,1,0.9993309002250652,1.0007146886877112
partition-sum-65x512-fp32-br8,default,torch,passed,failed,2,1.0005636941595804,1.0007146886877112
partition-sum-65x512-fp32-br8,default,torch,passed,failed,3,1.001117247035521,1.0007146886877112
partition-sum-65x512-fp32-br8,default,torch,passed,failed,4,1.0015072459377878,1.0007146886877112
partition-sum-65x512-fp32-br8,default,torch,passed,failed,5,1.0007146886877112,1.0007146886877112
partition-sum-65x512-fp32-br8,default,torch,passed,failed,6,1.0008279111520078,1.0007146886877112
partition-sum-65x512-fp32-br8,rows1,native,passed,passed,0,1.005445772463137,1.0061606845340214
partition-sum-65x512-fp32-br8,rows1,native,passed,passed,1,1.0061491717089404,1.0061606845340214
partition-sum-65x512-fp32-br8,rows1,native,passed,passed,2,1.0067142452205624,1.0061606845340214
partition-sum-65x512-fp32-br8,rows1,native,passed,passed,3,1.0061606845340214,1.0061606845340214
partition-sum-65x512-fp32-br8,rows1,native,passed,passed,4,1.0065643207446948,1.0061606845340214
partition-sum-65x512-fp32-br8,rows1,native,passed,passed,5,1.0063682590518985,1.0061606845340214
partition-sum-65x512-fp32-br8,rows1,native,passed,passed,6,1.0056072097640854,1.0061606845340214
partition-sum-65x512-fp32-br8,rows2,native,passed,passed,0,1.053967203253765,1.0505977172139367
partition-sum-65x512-fp32-br8,rows2,native,passed,passed,1,1.0518761972006727,1.0505977172139367
partition-sum-65x512-fp32-br8,rows2,native,passed,passed,2,1.0548753415689724,1.0505977172139367
partition-sum-65x512-fp32-br8,rows2,native,passed,passed,3,1.0500719388696944,1.0505977172139367
partition-sum-65x512-fp32-br8,rows2,native,passed,passed,4,1.0505977172139367,1.0505977172139367
partition-sum-65x512-fp32-br8,rows2,native,passed,passed,5,1.0463081635839047,1.0505977172139367
partition-sum-65x512-fp32-br8,rows2,native,passed,passed,6,1.049856855821999,1.0505977172139367
partition-sum-65x512-fp32-br8,recheck,native,passed,passed,0,1.3284349300033615,1.3319747879526382
partition-sum-65x512-fp32-br8,recheck,native,passed,passed,1,1.3281158311430707,1.3319747879526382
partition-sum-65x512-fp32-br8,recheck,native,passed,passed,2,1.3319747879526382,1.3319747879526382
partition-sum-65x512-fp32-br8,recheck,native,passed,passed,3,1.3320508555064217,1.3319747879526382
partition-sum-65x512-fp32-br8,recheck,native,passed,passed,4,1.337155644900721,1.3319747879526382
partition-sum-65x512-fp32-br8,recheck,native,passed,passed,5,1.3362592476411814,1.3319747879526382
partition-sum-65x512-fp32-br8,recheck,native,passed,passed,6,1.3312304126049008,1.3319747879526382
partition-max-65x512-fp32-br8,default,native,passed,failed,0,1.2999628460596477,1.2999628460596477
partition-max-65x512-fp32-br8,default,native,passed,failed,1,1.299578624026256,1.2999628460596477
partition-max-65x512-fp32-br8,default,native,passed,failed,2,1.3002435813562523,1.2999628460596477
partition-max-65x512-fp32-br8,default,native,passed,failed,3,1.2994603849248625,1.2999628460596477
partition-max-65x512-fp32-br8,default,native,passed,failed,4,1.3007902995848553,1.2999628460596477
partition-max-65x512-fp32-br8,default,native,passed,failed,5,1.3005981885681592,1.2999628460596477
partition-max-65x512-fp32-br8,default,native,passed,failed,6,1.2985443071197467,1.2999628460596477
partition-max-65x512-fp32-br8,default,torch,passed,failed,0,1.0280820286083874,1.028011991114171
partition-max-65x512-fp32-br8,default,torch,passed,failed,1,1.027790408471179,1.028011991114171
partition-max-65x512-fp32-br8,default,torch,passed,failed,2,1.027043979097336,1.028011991114171
partition-max-65x512-fp32-br8,default,torch,passed,failed,3,1.0279070217680009,1.028011991114171
partition-max-65x512-fp32-br8,default,torch,passed,failed,4,1.0282919673007278,1.028011991114171
partition-max-65x512-fp32-br8,default,torch,passed,failed,5,1.0285368378450224,1.028011991114171
partition-max-65x512-fp32-br8,default,torch,passed,failed,6,1.028011991114171,1.028011991114171
partition-max-65x512-fp32-br8,rows1,native,passed,passed,0,0.998196545528162,0.9978225331045247
partition-max-65x512-fp32-br8,rows1,native,passed,passed,1,0.9974045963471737,0.9978225331045247
partition-max-65x512-fp32-br8,rows1,native,passed,passed,2,0.9973715711485046,0.9978225331045247
partition-max-65x512-fp32-br8,rows1,native,passed,passed,3,0.9977015772900443,0.9978225331045247
partition-max-65x512-fp32-br8,rows1,native,passed,passed,4,0.9978225331045247,0.9978225331045247
partition-max-65x512-fp32-br8,rows1,native,passed,passed,5,0.9994064314665011,0.9978225331045247
partition-max-65x512-fp32-br8,rows1,native,passed,passed,6,1.000495279641976,0.9978225331045247
partition-max-65x512-fp32-br8,rows2,native,passed,passed,0,1.0408144662084986,1.0414005243815443
partition-max-65x512-fp32-br8,rows2,native,passed,passed,1,1.041613686965482,1.0414005243815443
partition-max-65x512-fp32-br8,rows2,native,passed,passed,2,1.0414005243815443,1.0414005243815443
partition-max-65x512-fp32-br8,rows2,native,passed,passed,3,1.0407611954100546,1.0414005243815443
partition-max-65x512-fp32-br8,rows2,native,passed,passed,4,1.040420214665916,1.0414005243815443
partition-max-65x512-fp32-br8,rows2,native,passed,passed,5,1.0414857894151193,1.0414005243815443
partition-max-65x512-fp32-br8,rows2,native,passed,passed,6,1.0414005243815443,1.0414005243815443
partition-max-65x512-fp32-br8,recheck,native,passed,passed,0,1.3011546993674505,1.3005399913424802
partition-max-65x512-fp32-br8,recheck,native,passed,passed,1,1.2987708207628912,1.3005399913424802
partition-max-65x512-fp32-br8,recheck,native,passed,passed,2,1.3005399913424802,1.3005399913424802
partition-max-65x512-fp32-br8,recheck,native,passed,passed,3,1.301184636083913,1.3005399913424802
partition-max-65x512-fp32-br8,recheck,native,passed,passed,4,1.301799344108883,1.3005399913424802
partition-max-65x512-fp32-br8,recheck,native,passed,passed,5,1.2994754506414143,1.3005399913424802
partition-max-65x512-fp32-br8,recheck,native,passed,passed,6,1.299115651523037,1.3005399913424802
partition-sum-1024x512-fp16-br4,default,native,passed,failed,0,2.7495283367990075,2.74746840027557
partition-sum-1024x512-fp16-br4,default,native,passed,failed,1,2.747850966179508,2.74746840027557
partition-sum-1024x512-fp16-br4,default,native,passed,failed,2,2.748939689548536,2.74746840027557
partition-sum-1024x512-fp16-br4,default,native,passed,failed,3,2.7454086829876077,2.74746840027557
partition-sum-1024x512-fp16-br4,default,native,passed,failed,4,2.74746840027557,2.74746840027557
partition-sum-1024x512-fp16-br4,default,native,passed,failed,5,2.742760537684649,2.74746840027557
partition-sum-1024x512-fp16-br4,default,native,passed,failed,6,2.745702896995106,2.74746840027557
partition-sum-1024x512-fp16-br4,default,torch,passed,failed,0,2.5785814778188643,2.5811703285474454
partition-sum-1024x512-fp16-br4,default,torch,passed,failed,1,2.5815155800808682,2.5811703285474454
partition-sum-1024x512-fp16-br4,default,torch,passed,failed,2,2.581831899921546,2.5811703285474454
partition-sum-1024x512-fp16-br4,default,torch,passed,failed,3,2.5822633036066978,2.5811703285474454
partition-sum-1024x512-fp16-br4,default,torch,passed,failed,4,2.5811703285474454,2.5811703285474454
partition-sum-1024x512-fp16-br4,default,torch,passed,failed,5,2.5787829281239025,2.5811703285474454
partition-sum-1024x512-fp16-br4,default,torch,passed,failed,6,2.5797897510314254,2.5811703285474454
partition-sum-1024x512-fp16-br4,rows1,native,passed,passed,0,3.114794504370674,3.1183301198754325
partition-sum-1024x512-fp16-br4,rows1,native,passed,passed,1,3.1191974354100926,3.1183301198754325
partition-sum-1024x512-fp16-br4,rows1,native,passed,passed,2,3.1181633666594566,3.1183301198754325
partition-sum-1024x512-fp16-br4,rows1,native,passed,passed,3,3.1224328454231984,3.1183301198754325
partition-sum-1024x512-fp16-br4,rows1,native,passed,passed,4,3.120565010592681,3.1183301198754325
partition-sum-1024x512-fp16-br4,rows1,native,passed,passed,5,3.1183301198754325,3.1183301198754325
partition-sum-1024x512-fp16-br4,rows1,native,passed,passed,6,3.115962025396987,3.1183301198754325
partition-sum-1024x512-fp16-br4,rows2,native,passed,passed,0,3.047169850284892,3.047169850284892
partition-sum-1024x512-fp16-br4,rows2,native,passed,passed,1,3.043705359437412,3.047169850284892
partition-sum-1024x512-fp16-br4,rows2,native,passed,passed,2,3.047939960221599,3.047169850284892
partition-sum-1024x512-fp16-br4,rows2,native,passed,passed,3,3.0480552615975975,3.047169850284892
partition-sum-1024x512-fp16-br4,rows2,native,passed,passed,4,3.046400027167528,3.047169850284892
partition-sum-1024x512-fp16-br4,rows2,native,passed,passed,5,3.0537913616438557,3.047169850284892
partition-sum-1024x512-fp16-br4,rows2,native,passed,passed,6,3.047054548908893,3.047169850284892
partition-sum-1024x512-fp16-br4,recheck,native,passed,passed,0,2.7524648001283323,2.7524648001283323
partition-sum-1024x512-fp16-br4,recheck,native,passed,passed,1,2.751372939227981,2.7524648001283323
partition-sum-1024x512-fp16-br4,recheck,native,passed,passed,2,2.753586123243876,2.7524648001283323
partition-sum-1024x512-fp16-br4,recheck,native,passed,passed,3,2.7527598620148144,2.7524648001283323
partition-sum-1024x512-fp16-br4,recheck,native,passed,passed,4,2.7528190063124773,2.7524648001283323
partition-sum-1024x512-fp16-br4,recheck,native,passed,passed,5,2.7499563343586773,2.7524648001283323
partition-sum-1024x512-fp16-br4,recheck,native,passed,passed,6,2.7510481952590284,2.7524648001283323
partition-max-1024x512-fp16-br4,default,native,passed,failed,0,2.726341811093417,2.726516290144487
partition-max-1024x512-fp16-br4,default,native,passed,failed,1,2.727185379375111,2.726516290144487
partition-max-1024x512-fp16-br4,default,native,passed,failed,2,2.727127291939475,2.726516290144487
partition-max-1024x512-fp16-br4,default,native,passed,failed,3,2.726487246426669,2.726516290144487
partition-max-1024x512-fp16-br4,default,native,passed,failed,4,2.726516290144487,2.726516290144487
partition-max-1024x512-fp16-br4,default,native,passed,failed,5,2.722385363145308,2.726516290144487
partition-max-1024x512-fp16-br4,default,native,passed,failed,6,2.727156335657293,2.726516290144487
partition-max-1024x512-fp16-br4,default,torch,passed,failed,0,3.160978925989029,2.5984326626392122
partition-max-1024x512-fp16-br4,default,torch,passed,failed,1,2.5848810723487365,2.5984326626392122
partition-max-1024x512-fp16-br4,default,torch,passed,failed,2,2.5984326626392122,2.5984326626392122
partition-max-1024x512-fp16-br4,default,torch,passed,failed,3,2.593944468396775,2.5984326626392122
partition-max-1024x512-fp16-br4,default,torch,passed,failed,4,2.597866139513381,2.5984326626392122
partition-max-1024x512-fp16-br4,default,torch,passed,failed,5,2.598824845983627,2.5984326626392122
partition-max-1024x512-fp16-br4,default,torch,passed,failed,6,2.6003064094705786,2.5984326626392122
partition-max-1024x512-fp16-br4,rows1,native,passed,passed,0,2.9568238155022493,2.9568238155022493
partition-max-1024x512-fp16-br4,rows1,native,passed,passed,1,2.9575213264016544,2.9568238155022493
partition-max-1024x512-fp16-br4,rows1,native,passed,passed,2,2.957362833406903,2.9568238155022493
partition-max-1024x512-fp16-br4,rows1,native,passed,passed,3,2.9555239839819563,2.9568238155022493
partition-max-1024x512-fp16-br4,rows1,native,passed,passed,4,2.9438890392197177,2.9568238155022493
partition-max-1024x512-fp16-br4,rows1,native,passed,passed,5,2.9553338396290876,2.9568238155022493
partition-max-1024x512-fp16-br4,rows1,native,passed,passed,6,2.9608818030578803,2.9568238155022493
partition-max-1024x512-fp16-br4,rows2,native,passed,passed,0,2.7925725648240447,2.793028290972158
partition-max-1024x512-fp16-br4,rows2,native,passed,passed,1,2.793028290972158,2.793028290972158
partition-max-1024x512-fp16-br4,rows2,native,passed,passed,2,2.7930891902934905,2.793028290972158
partition-max-1024x512-fp16-br4,rows2,native,passed,passed,3,2.793119526758392,2.793028290972158
partition-max-1024x512-fp16-br4,rows2,native,passed,passed,4,2.791630549671388,2.793028290972158
partition-max-1024x512-fp16-br4,rows2,native,passed,passed,5,2.7889869757858863,2.793028290972158
partition-max-1024x512-fp16-br4,rows2,native,passed,passed,6,2.795641528392758,2.793028290972158
partition-max-1024x512-fp16-br4,recheck,native,passed,passed,0,2.701766484065427,2.719797139896096
partition-max-1024x512-fp16-br4,recheck,native,passed,passed,1,2.7209479252268327,2.719797139896096
partition-max-1024x512-fp16-br4,recheck,native,passed,passed,2,2.719797139896096,2.719797139896096
partition-max-1024x512-fp16-br4,recheck,native,passed,passed,3,2.7183216105964068,2.719797139896096
partition-max-1024x512-fp16-br4,recheck,native,passed,passed,4,2.7184102171092626,2.719797139896096
partition-max-1024x512-fp16-br4,recheck,native,passed,passed,5,2.7233972466988248,2.719797139896096
partition-max-1024x512-fp16-br4,recheck,native,passed,passed,6,2.725522044069142,2.719797139896096
partition-sum-37x257-fp32-br4,default,native,passed,failed,0,0.996093664083395,0.9954479148796013
partition-sum-37x257-fp32-br4,default,native,passed,failed,1,0.9964281374269778,0.9954479148796013
partition-sum-37x257-fp32-br4,default,native,passed,failed,2,0.994963602976756,0.9954479148796013
partition-sum-37x257-fp32-br4,default,native,passed,failed,3,0.9953441276206626,0.9954479148796013
partition-sum-37x257-fp32-br4,default,native,passed,failed,4,0.9960245012163041,0.9954479148796013
partition-sum-37x257-fp32-br4,default,native,passed,failed,5,0.9954479148796013,0.9954479148796013
partition-sum-37x257-fp32-br4,default,native,passed,failed,6,0.9946637540250212,0.9954479148796013
partition-sum-37x257-fp32-br4,default,torch,passed,failed,0,0.9214588473824894,0.9200094026677749
partition-sum-37x257-fp32-br4,default,torch,passed,failed,1,0.9181835370905259,0.9200094026677749
partition-sum-37x257-fp32-br4,default,torch,passed,failed,2,0.9189270524417653,0.9200094026677749
partition-sum-37x257-fp32-br4,default,torch,passed,failed,3,0.9200094026677749,0.9200094026677749
partition-sum-37x257-fp32-br4,default,torch,passed,failed,4,0.9202258727129768,0.9200094026677749
partition-sum-37x257-fp32-br4,default,torch,passed,failed,5,0.9195953256943646,0.9200094026677749
partition-sum-37x257-fp32-br4,default,torch,passed,failed,6,0.9200847148895264,0.9200094026677749
partition-sum-37x257-fp32-br4,rows1,native,passed,passed,0,0.9341920768958625,0.9343354753196852
partition-sum-37x257-fp32-br4,rows1,native,passed,passed,1,0.9345362188658015,0.9343354753196852
partition-sum-37x257-fp32-br4,rows1,native,passed,passed,2,0.9348421782449959,0.9343354753196852
partition-sum-37x257-fp32-br4,rows1,native,passed,passed,3,0.9339434626389619,0.9343354753196852
partition-sum-37x257-fp32-br4,rows1,native,passed,passed,4,0.9343354753196852,0.9343354753196852
partition-sum-37x257-fp32-br4,rows1,native,passed,passed,5,0.9356931656125992,0.9343354753196852
partition-sum-37x257-fp32-br4,rows1,native,passed,passed,6,0.9341824600119996,0.9343354753196852
partition-sum-37x257-fp32-br4,rows2,native,passed,passed,0,0.9492879371120505,0.9494929419176847
partition-sum-37x257-fp32-br4,rows2,native,passed,passed,1,0.9493850531140922,0.9494929419176847
partition-sum-37x257-fp32-br4,rows2,native,passed,passed,2,0.9494929419176847,0.9494929419176847
partition-sum-37x257-fp32-br4,rows2,native,passed,passed,3,0.9476693638760373,0.9494929419176847
partition-sum-37x257-fp32-br4,rows2,native,passed,passed,4,0.949676401120217,0.9494929419176847
partition-sum-37x257-fp32-br4,rows2,native,passed,passed,5,0.949546886319481,0.9494929419176847
partition-sum-37x257-fp32-br4,rows2,native,passed,passed,6,0.949546886319481,0.9494929419176847
partition-sum-37x257-fp32-br4,recheck,native,passed,passed,0,0.9958195781327813,0.9964315254849742
partition-sum-37x257-fp32-br4,recheck,native,passed,passed,1,0.9964315254849742,0.9964315254849742
partition-sum-37x257-fp32-br4,recheck,native,passed,passed,2,0.997053731485192,0.9964315254849742
partition-sum-37x257-fp32-br4,recheck,native,passed,passed,3,0.9966763652178395,0.9964315254849742
partition-sum-37x257-fp32-br4,recheck,native,passed,passed,4,0.9964315254849742,0.9964315254849742
partition-sum-37x257-fp32-br4,recheck,native,passed,passed,5,0.9952280720866534,0.9964315254849742
partition-sum-37x257-fp32-br4,recheck,native,passed,passed,6,0.9964111601688947,0.9964315254849742
partition-max-37x257-fp32-br4,default,native,passed,failed,0,0.9753367684104226,0.9765934510664507
partition-max-37x257-fp32-br4,default,native,passed,failed,1,0.9761512929742987,0.9765934510664507
partition-max-37x257-fp32-br4,default,native,passed,failed,2,0.9765934510664507,0.9765934510664507
partition-max-37x257-fp32-br4,default,native,passed,failed,3,0.9767214168201793,0.9765934510664507
partition-max-37x257-fp32-br4,default,native,passed,failed,4,0.975150541825728,0.9765934510664507
partition-max-37x257-fp32-br4,default,native,passed,failed,5,0.9767912951382723,0.9765934510664507
partition-max-37x257-fp32-br4,default,native,passed,failed,6,0.9766400077126243,0.9765934510664507
partition-max-37x257-fp32-br4,default,torch,passed,failed,0,0.9185777728870088,0.9179770717043925
partition-max-37x257-fp32-br4,default,torch,passed,failed,1,0.9168225925630872,0.9179770717043925
partition-max-37x257-fp32-br4,default,torch,passed,failed,2,0.9179770717043925,0.9179770717043925
partition-max-37x257-fp32-br4,default,torch,passed,failed,3,0.9163157378283255,0.9179770717043925
partition-max-37x257-fp32-br4,default,torch,passed,failed,4,1.0855338903439362,0.9179770717043925
partition-max-37x257-fp32-br4,default,torch,passed,failed,5,0.9172637128261772,0.9179770717043925
partition-max-37x257-fp32-br4,default,torch,passed,failed,6,0.9185026677566095,0.9179770717043925
partition-max-37x257-fp32-br4,rows1,native,passed,passed,0,0.9576362534655668,0.9581297825356825
partition-max-37x257-fp32-br4,rows1,native,passed,passed,1,0.9572886271649096,0.9581297825356825
partition-max-37x257-fp32-br4,rows1,native,passed,passed,2,0.9581409801136364,0.9581297825356825
partition-max-37x257-fp32-br4,rows1,native,passed,passed,3,0.9581297825356825,0.9581297825356825
partition-max-37x257-fp32-br4,rows1,native,passed,passed,4,0.958544761432092,0.9581297825356825
partition-max-37x257-fp32-br4,rows1,native,passed,passed,5,0.9590943619559916,0.9581297825356825
partition-max-37x257-fp32-br4,rows1,native,passed,passed,6,0.9572437532890796,0.9581297825356825
partition-max-37x257-fp32-br4,rows2,native,passed,passed,0,0.9394891578030874,0.939803191369883
partition-max-37x257-fp32-br4,rows2,native,passed,passed,1,0.939803191369883,0.939803191369883
partition-max-37x257-fp32-br4,rows2,native,passed,passed,2,0.9401060273587246,0.939803191369883
partition-max-37x257-fp32-br4,rows2,native,passed,passed,3,0.9403527918937825,0.939803191369883
partition-max-37x257-fp32-br4,rows2,native,passed,passed,4,0.9404088633475663,0.939803191369883
partition-max-37x257-fp32-br4,rows2,native,passed,passed,5,0.9395789055547474,0.939803191369883
partition-max-37x257-fp32-br4,rows2,native,passed,passed,6,0.9391863218142457,0.939803191369883
partition-max-37x257-fp32-br4,recheck,native,passed,passed,0,0.976624462485972,0.9768394343760791
partition-max-37x257-fp32-br4,recheck,native,passed,passed,1,0.9769978391531423,0.9768394343760791
partition-max-37x257-fp32-br4,recheck,native,passed,passed,2,0.9764886508330456,0.9768394343760791
partition-max-37x257-fp32-br4,recheck,native,passed,passed,3,0.977020432277279,0.9768394343760791
partition-max-37x257-fp32-br4,recheck,native,passed,passed,4,0.9768394343760791,0.9768394343760791
partition-max-37x257-fp32-br4,recheck,native,passed,passed,5,0.975707923509798,0.9768394343760791
partition-max-37x257-fp32-br4,recheck,native,passed,passed,6,0.9772806747183616,0.9768394343760791
partition-sum-3x8191-bf16-br4,default,native,passed,failed,0,4.89868202401166,4.897447135580245
partition-sum-3x8191-bf16-br4,default,native,passed,failed,1,4.893176208189384,4.897447135580245
partition-sum-3x8191-bf16-br4,default,native,passed,failed,2,4.893690713086919,4.897447135580245
partition-sum-3x8191-bf16-br4,default,native,passed,failed,3,4.896624004421522,4.897447135580245
partition-sum-3x8191-bf16-br4,default,native,passed,failed,4,4.897858892852937,4.897447135580245
partition-sum-3x8191-bf16-br4,default,native,passed,failed,5,4.898579276386817,4.897447135580245
partition-sum-3x8191-bf16-br4,default,native,passed,failed,6,4.897447135580245,4.897447135580245
partition-sum-3x8191-bf16-br4,default,torch,passed,failed,0,1.9662970203464314,1.9675552238852292
partition-sum-3x8191-bf16-br4,default,torch,passed,failed,1,1.9666440608137745,1.9675552238852292
partition-sum-3x8191-bf16-br4,default,torch,passed,failed,2,1.9675552238852292,1.9675552238852292
partition-sum-3x8191-bf16-br4,default,torch,passed,failed,3,1.9653856956352622,1.9675552238852292
partition-sum-3x8191-bf16-br4,default,torch,passed,failed,4,1.9684663869566836,1.9675552238852292
partition-sum-3x8191-bf16-br4,default,torch,passed,failed,5,1.9778385808912373,1.9675552238852292
partition-sum-3x8191-bf16-br4,default,torch,passed,failed,6,1.968661647731975,1.9675552238852292
partition-sum-3x8191-bf16-br4,rows1,native,passed,passed,0,1.3943184300472862,1.3985530308314733
partition-sum-3x8191-bf16-br4,rows1,native,passed,passed,1,1.3985530308314733,1.3985530308314733
partition-sum-3x8191-bf16-br4,rows1,native,passed,passed,2,1.3972595903210174,1.3985530308314733
partition-sum-3x8191-bf16-br4,rows1,native,passed,passed,3,1.397182608009281,1.3985530308314733
partition-sum-3x8191-bf16-br4,rows1,native,passed,passed,4,1.4024180935737782,1.3985530308314733
partition-sum-3x8191-bf16-br4,rows1,native,passed,passed,5,1.3993845774715108,1.3985530308314733
partition-sum-3x8191-bf16-br4,rows1,native,passed,passed,6,1.4011400265801222,1.3985530308314733
partition-sum-3x8191-bf16-br4,rows2,native,passed,passed,0,2.4237612419322057,2.423189424621272
partition-sum-3x8191-bf16-br4,rows2,native,passed,passed,1,2.4230335448599103,2.423189424621272
partition-sum-3x8191-bf16-br4,rows2,native,passed,passed,2,2.4233714457090736,2.423189424621272
partition-sum-3x8191-bf16-br4,rows2,native,passed,passed,3,2.420850260003569,2.423189424621272
partition-sum-3x8191-bf16-br4,rows2,native,passed,passed,4,2.4244629913175166,2.423189424621272
partition-sum-3x8191-bf16-br4,rows2,native,passed,passed,5,2.423189424621272,2.423189424621272
partition-sum-3x8191-bf16-br4,rows2,native,passed,passed,6,2.4223577431615837,2.423189424621272
partition-sum-3x8191-bf16-br4,recheck,native,passed,passed,0,4.9026166621725356,4.903737158324588
partition-sum-3x8191-bf16-br4,recheck,native,passed,passed,1,4.904603341325599,4.903737158324588
partition-sum-3x8191-bf16-br4,recheck,native,passed,passed,2,4.903737158324588,4.903737158324588
partition-sum-3x8191-bf16-br4,recheck,native,passed,passed,3,4.905622112217234,4.903737158324588
partition-sum-3x8191-bf16-br4,recheck,native,passed,passed,4,4.904399511232898,4.903737158324588
partition-sum-3x8191-bf16-br4,recheck,native,passed,passed,5,4.90368629569438,4.903737158324588
partition-sum-3x8191-bf16-br4,recheck,native,passed,passed,6,4.899916387909087,4.903737158324588
partition-max-3x8191-bf16-br4,default,native,passed,failed,0,5.587374513799494,5.58597824790261
partition-max-3x8191-bf16-br4,default,native,passed,failed,1,5.58597824790261,5.58597824790261
partition-max-3x8191-bf16-br4,default,native,passed,failed,2,5.58522181077437,5.58597824790261
partition-max-3x8191-bf16-br4,default,native,passed,failed,3,5.584523461081765,5.58597824790261
partition-max-3x8191-bf16-br4,default,native,passed,failed,4,5.5840583281083545,5.58597824790261
partition-max-3x8191-bf16-br4,default,native,passed,failed,5,5.589061650362882,5.58597824790261
partition-max-3x8191-bf16-br4,default,native,passed,failed,6,5.587956255132502,5.58597824790261
partition-max-3x8191-bf16-br4,default,torch,passed,failed,0,1.3849761451065414,1.3849761451065414
partition-max-3x8191-bf16-br4,default,torch,passed,failed,1,1.385555787156463,1.3849761451065414
partition-max-3x8191-bf16-br4,default,torch,passed,failed,2,1.378772023838771,1.3849761451065414
partition-max-3x8191-bf16-br4,default,torch,passed,failed,3,1.3814554274457056,1.3849761451065414
partition-max-3x8191-bf16-br4,default,torch,passed,failed,4,1.385813299215065,1.3849761451065414
partition-max-3x8191-bf16-br4,default,torch,passed,failed,5,1.3796307705733262,1.3849761451065414
partition-max-3x8191-bf16-br4,default,torch,passed,failed,6,1.385920622563712,1.3849761451065414
partition-max-3x8191-bf16-br4,rows1,native,passed,passed,0,1.3836888356822161,1.3839863082020445
partition-max-3x8191-bf16-br4,rows1,native,passed,passed,1,1.3866206125599714,1.3839863082020445
partition-max-3x8191-bf16-br4,rows1,native,passed,passed,2,1.3789725402578774,1.3839863082020445
partition-max-3x8191-bf16-br4,rows1,native,passed,passed,3,1.3864081924881677,1.3839863082020445
partition-max-3x8191-bf16-br4,rows1,native,passed,passed,4,1.383278135771903,1.3839863082020445
partition-max-3x8191-bf16-br4,rows1,native,passed,passed,5,1.385501740219517,1.3839863082020445
partition-max-3x8191-bf16-br4,rows1,native,passed,passed,6,1.3839863082020445,1.3839863082020445
partition-max-3x8191-bf16-br4,rows2,native,passed,passed,0,2.423440395257412,2.4215498704176683
partition-max-3x8191-bf16-br4,rows2,native,passed,passed,1,2.4215498704176683,2.4215498704176683
partition-max-3x8191-bf16-br4,rows2,native,passed,passed,2,2.4214974427834535,2.4215498704176683
partition-max-3x8191-bf16-br4,rows2,native,passed,passed,3,2.42218017578125,2.4215498704176683
partition-max-3x8191-bf16-br4,rows2,native,passed,passed,4,2.419160696176382,2.4215498704176683
partition-max-3x8191-bf16-br4,rows2,native,passed,passed,5,2.4232567029121594,2.4215498704176683
partition-max-3x8191-bf16-br4,rows2,native,passed,passed,6,2.418635441706731,2.4215498704176683
partition-max-3x8191-bf16-br4,recheck,native,passed,passed,0,5.581853376116071,5.584193638392857
partition-max-3x8191-bf16-br4,recheck,native,passed,passed,1,5.585598318917411,5.584193638392857
partition-max-3x8191-bf16-br4,recheck,native,passed,passed,2,5.584720284598214,5.584193638392857
partition-max-3x8191-bf16-br4,recheck,native,passed,passed,3,5.584193638392857,5.584193638392857
partition-max-3x8191-bf16-br4,recheck,native,passed,passed,4,5.583316040039063,5.584193638392857
partition-max-3x8191-bf16-br4,recheck,native,passed,passed,5,5.58741193498884,5.584193638392857
partition-max-3x8191-bf16-br4,recheck,native,passed,passed,6,5.580682809012277,5.584193638392857
partition-sum-256x128-bf16-br8,default,native,passed,failed,0,1.2772664646644376,1.27798964074776
partition-sum-256x128-bf16-br8,default,native,passed,failed,1,1.2786404022389213,1.27798964074776
partition-sum-256x128-bf16-br8,default,native,passed,failed,2,1.27798964074776,1.27798964074776
partition-sum-256x128-bf16-br8,default,native,passed,failed,3,1.2773966385146318,1.27798964074776
partition-sum-256x128-bf16-br8,default,native,passed,failed,4,1.2787561362746072,1.27798964074776
partition-sum-256x128-bf16-br8,default,native,passed,failed,5,1.2776858658440369,1.27798964074776
partition-sum-256x128-bf16-br8,default,native,passed,failed,6,1.2784813487597104,1.27798964074776
partition-sum-256x128-bf16-br8,default,torch,passed,failed,0,0.9301351018650389,0.9309767470847191
partition-sum-256x128-bf16-br8,default,torch,passed,failed,1,0.9306746262770432,0.9309767470847191
partition-sum-256x128-bf16-br8,default,torch,passed,failed,2,0.9339009195534773,0.9309767470847191
partition-sum-256x128-bf16-br8,default,torch,passed,failed,3,0.9309767470847191,0.9309767470847191
partition-sum-256x128-bf16-br8,default,torch,passed,failed,4,0.9317429022995011,0.9309767470847191
partition-sum-256x128-bf16-br8,default,torch,passed,failed,5,0.9311709790888023,0.9309767470847191
partition-sum-256x128-bf16-br8,default,torch,passed,failed,6,0.9301782734652841,0.9309767470847191
partition-sum-256x128-bf16-br8,rows1,native,passed,passed,0,1.2373459427445024,1.2373459427445024
partition-sum-256x128-bf16-br8,rows1,native,passed,passed,1,1.2370678936993633,1.2373459427445024
partition-sum-256x128-bf16-br8,rows1,native,passed,passed,2,1.2370678936993633,1.2373459427445024
partition-sum-256x128-bf16-br8,rows1,native,passed,passed,3,1.235462330005787,1.2373459427445024
partition-sum-256x128-bf16-br8,rows1,native,passed,passed,4,1.237409144272039,1.2373459427445024
partition-sum-256x128-bf16-br8,rows1,native,passed,passed,5,1.2383193969726562,1.2373459427445024
partition-sum-256x128-bf16-br8,rows1,native,passed,passed,6,1.2376367074471932,1.2373459427445024
partition-sum-256x128-bf16-br8,rows2,native,passed,passed,0,1.2705612779596416,1.270144586458639
partition-sum-256x128-bf16-br8,rows2,native,passed,passed,1,1.2705131614338812,1.270144586458639
partition-sum-256x128-bf16-br8,rows2,native,passed,passed,2,1.26950355016383,1.270144586458639
partition-sum-256x128-bf16-br8,rows2,native,passed,passed,3,1.270144586458639,1.270144586458639
partition-sum-256x128-bf16-br8,rows2,native,passed,passed,4,1.270000356277203,1.270144586458639
partition-sum-256x128-bf16-br8,rows2,native,passed,passed,5,1.2700484728029635,1.270144586458639
partition-sum-256x128-bf16-br8,rows2,native,passed,passed,6,1.2703689312524453,1.270144586458639
partition-sum-256x128-bf16-br8,recheck,native,passed,passed,0,1.2790964814403174,1.2792012636618846
partition-sum-256x128-bf16-br8,recheck,native,passed,passed,1,1.2796333683726122,1.2792012636618846
partition-sum-256x128-bf16-br8,recheck,native,passed,passed,2,1.279397657155381,1.2792012636618846
partition-sum-256x128-bf16-br8,recheck,native,passed,passed,3,1.2785202767842871,1.2792012636618846
partition-sum-256x128-bf16-br8,recheck,native,passed,passed,4,1.2792012636618846,1.2792012636618846
partition-sum-256x128-bf16-br8,recheck,native,passed,passed,5,1.2782060276821752,1.2792012636618846
partition-sum-256x128-bf16-br8,recheck,native,passed,passed,6,1.2795416595380935,1.2792012636618846
partition-max-256x128-bf16-br8,default,native,passed,failed,0,1.335666667813717,1.3362592476411814
partition-max-256x128-bf16-br8,default,native,passed,failed,1,1.3362592476411814,1.3362592476411814
partition-max-256x128-bf16-br8,default,native,passed,failed,2,1.3370796905427023,1.3362592476411814
partition-max-256x128-bf16-br8,default,native,passed,failed,3,1.3373227218492094,1.3362592476411814
partition-max-256x128-bf16-br8,default,native,passed,failed,4,1.334542407480121,1.3362592476411814
partition-max-256x128-bf16-br8,default,native,passed,failed,5,1.3359857666740078,1.3362592476411814
partition-max-256x128-bf16-br8,default,native,passed,failed,6,1.337094858775153,1.3362592476411814
partition-max-256x128-bf16-br8,default,torch,passed,failed,0,0.9343379924639199,0.934738500158214
partition-max-256x128-bf16-br8,default,torch,passed,failed,1,0.9334036402640175,0.934738500158214
partition-max-256x128-bf16-br8,default,torch,passed,failed,2,0.9332987893671075,0.934738500158214
partition-max-256x128-bf16-br8,default,torch,passed,failed,3,0.934738500158214,0.934738500158214
partition-max-256x128-bf16-br8,default,torch,passed,failed,4,0.9406402701550134,0.934738500158214
partition-max-256x128-bf16-br8,default,torch,passed,failed,5,0.9361972489170522,0.934738500158214
partition-max-256x128-bf16-br8,default,torch,passed,failed,6,0.938285316168929,0.934738500158214
partition-max-256x128-bf16-br8,rows1,native,passed,passed,0,1.1865164828138286,1.2012007317575468
partition-max-256x128-bf16-br8,rows1,native,passed,passed,1,1.2012007317575468,1.2012007317575468
partition-max-256x128-bf16-br8,rows1,native,passed,passed,2,1.2012147449311756,1.2012007317575468
partition-max-256x128-bf16-br8,rows1,native,passed,passed,3,1.2004205612909227,1.2012007317575468
partition-max-256x128-bf16-br8,rows1,native,passed,passed,4,1.201883432816486,1.2012007317575468
partition-max-256x128-bf16-br8,rows1,native,passed,passed,5,1.2000723079759248,1.2012007317575468
partition-max-256x128-bf16-br8,rows1,native,passed,passed,6,1.2035831788770195,1.2012007317575468
partition-max-256x128-bf16-br8,rows2,native,passed,passed,0,1.1792481354484456,1.1802612948858016
partition-max-256x128-bf16-br8,rows2,native,passed,passed,1,1.1798830460118115,1.1802612948858016
partition-max-256x128-bf16-br8,rows2,native,passed,passed,2,1.1788833738946034,1.1802612948858016
partition-max-256x128-bf16-br8,rows2,native,passed,passed,3,1.180490981934882,1.1802612948858016
partition-max-256x128-bf16-br8,rows2,native,passed,passed,4,1.1802612948858016,1.1802612948858016
partition-max-256x128-bf16-br8,rows2,native,passed,passed,5,1.1843545958989528,1.1802612948858016
partition-max-256x128-bf16-br8,rows2,native,passed,passed,6,1.1845302330158003,1.1802612948858016
partition-max-256x128-bf16-br8,recheck,native,passed,passed,0,1.3292955259749832,1.338942083065722
partition-max-256x128-bf16-br8,recheck,native,passed,passed,1,1.3394389191085116,1.338942083065722
partition-max-256x128-bf16-br8,recheck,native,passed,passed,2,1.3425026042763435,1.338942083065722
partition-max-256x128-bf16-br8,recheck,native,passed,passed,3,1.3417987874897344,1.338942083065722
partition-max-256x128-bf16-br8,recheck,native,passed,passed,4,1.3374516777593812,1.338942083065722
partition-max-256x128-bf16-br8,recheck,native,passed,passed,5,1.338942083065722,1.338942083065722
partition-max-256x128-bf16-br8,recheck,native,passed,passed,6,1.3340567000150039,1.338942083065722
