function,entry,grid_x,grid_y,grid_z,block_x,block_y,block_z,dynamic_shared_bytes,host_arg0,host_arg3
0000028C856FE2C0,workload_rows_kernel,5,1,1,128,1,1,0,0xb05000080,0xb0500a880
0000028C856FE2C0,workload_rows_kernel,5,1,1,128,1,1,0,0xb05000080,0xb0500a880
0000028C856FE2C0,workload_rows_kernel,5,1,1,128,1,1,0,0xb05000080,0xb0500a880
0000028C856FE2C0,workload_rows_kernel,5,1,1,128,1,1,0,0xb05000080,0xb0500a880
0000028C856FE2C0,workload_rows_kernel,5,1,1,128,1,1,0,0xb05000080,0xb0500a880
0000028C856FE2C0,workload_rows_kernel,5,1,1,128,1,1,0,0xb05000080,0xb0500a880
0000028C856FE2C0,workload_rows_kernel,5,1,1,128,1,1,0,0xb05000080,0xb0500a880
0000028C856FE2C0,workload_rows_kernel,5,1,1,128,1,1,0,0xb05000080,0xb0500a880
0000028C856FE2C0,workload_rows_kernel,5,1,1,128,1,1,0,0xb05000080,0xb0500a880
0000028C856FE2C0,workload_rows_kernel,5,1,1,128,1,1,0,0xb05000080,0xb0500a880
0000028C856FE2C0,workload_rows_kernel,5,1,1,128,1,1,0,0xb05000080,0xb0500a880
0000028C856FE2C0,workload_rows_kernel,5,1,1,128,1,1,0,0xb05000080,0xb0500a880
0000028C856FE2C0,workload_rows_kernel,5,1,1,128,1,1,0,0xb05000080,0xb0500a880
0000028C856FE2C0,workload_rows_kernel,5,1,1,128,1,1,0,0xb05000080,0xb0500a880
0000028C856FE2C0,workload_rows_kernel,5,1,1,128,1,1,0,0xb05000080,0xb0500a880
0000028C856FE2C0,workload_rows_kernel,5,1,1,128,1,1,0,0xb05000080,0xb0500a880
0000028C856FE2C0,workload_rows_kernel,5,1,1,128,1,1,0,0xb05000080,0xb0500a880
0000028C856FE2C0,workload_rows_kernel,5,1,1,128,1,1,0,0xb05000080,0xb0500a880
0000028C856FE2C0,workload_rows_kernel,5,1,1,128,1,1,0,0xb05000080,0xb0500a880
0000028C856FE2C0,workload_rows_kernel,5,1,1,128,1,1,0,0xb05000080,0xb0500a880
0000028C856FE2C0,workload_rows_kernel,5,1,1,128,1,1,0,0xb05000080,0xb0500a880
0000028C856FE2C0,workload_rows_kernel,5,1,1,128,1,1,0,0xb05000080,0xb0500a880
0000028C856FE2C0,workload_rows_kernel,5,1,1,128,1,1,0,0xb05000080,0xb0500a880
0000028C856FE2C0,workload_rows_kernel,5,1,1,128,1,1,0,0xb05000080,0xb0500a880
0000028C856FE2C0,workload_rows_kernel,5,1,1,128,1,1,0,0xb05000080,0xb0500a880
0000028C856FE2C0,workload_rows_kernel,5,1,1,128,1,1,0,0xb05000080,0xb0500a880
0000028C856FE2C0,workload_rows_kernel,5,1,1,128,1,1,0,0xb05000080,0xb0500a880
0000028C856FE2C0,workload_rows_kernel,5,1,1,128,1,1,0,0xb05000080,0xb0500a880
0000028C856FE2C0,workload_rows_kernel,5,1,1,128,1,1,0,0xb05000080,0xb0500a880
0000028C856FE2C0,workload_rows_kernel,5,1,1,128,1,1,0,0xb05000080,0xb0500a880
0000028C856FE2C0,workload_rows_kernel,5,1,1,128,1,1,0,0xb05000080,0xb0500a880
0000028C856FE2C0,workload_rows_kernel,5,1,1,128,1,1,0,0xb05000080,0xb0500a880
0000028C856FE2C0,workload_rows_kernel,5,1,1,128,1,1,0,0xb05000080,0xb0500a880
0000028C856FE2C0,workload_rows_kernel,5,1,1,128,1,1,0,0xb05000080,0xb0500a880
0000028C856FE2C0,workload_rows_kernel,5,1,1,128,1,1,0,0xb05000080,0xb0500a880
0000028C856FE2C0,workload_rows_kernel,5,1,1,128,1,1,0,0xb05000080,0xb0500a880
0000028C856FE2C0,workload_rows_kernel,5,1,1,128,1,1,0,0xb05000080,0xb0500a880
0000028C856FE2C0,workload_rows_kernel,5,1,1,128,1,1,0,0xb05000080,0xb0500a880
0000028C856FE2C0,workload_rows_kernel,5,1,1,128,1,1,0,0xb05000080,0xb0500a880
0000028C856FE2C0,workload_rows_kernel,5,1,1,128,1,1,0,0xb05000080,0xb0500a880
0000028C856FE2C0,workload_rows_kernel,5,1,1,128,1,1,0,0xb05000080,0xb0500a880
0000028C856FE2C0,workload_rows_kernel,5,1,1,128,1,1,0,0xb05000080,0xb0500a880
0000028C856FE2C0,workload_rows_kernel,5,1,1,128,1,1,0,0xb05000080,0xb0500a880
0000028C856FE2C0,workload_rows_kernel,5,1,1,128,1,1,0,0xb05000080,0xb0500a880
0000028C856FE2C0,workload_rows_kernel,5,1,1,128,1,1,0,0xb05000080,0xb0500a880
0000028C856FE2C0,workload_rows_kernel,5,1,1,128,1,1,0,0xb05000080,0xb0500a880
0000028C856FE2C0,workload_rows_kernel,5,1,1,128,1,1,0,0xb05000080,0xb0500a880
0000028C856FE2C0,workload_rows_kernel,5,1,1,128,1,1,0,0xb05000080,0xb0500a880
0000028C856FE2C0,workload_rows_kernel,5,1,1,128,1,1,0,0xb05000080,0xb0500a880
0000028C856FE2C0,workload_rows_kernel,5,1,1,128,1,1,0,0xb05000080,0xb0500a880
0000028C856FE2C0,workload_rows_kernel,5,1,1,128,1,1,0,0xb05000080,0xb0500a880
0000028C856FE2C0,workload_rows_kernel,5,1,1,128,1,1,0,0xb05000080,0xb0500a880
0000028C856FE2C0,workload_rows_kernel,5,1,1,128,1,1,0,0xb05000080,0xb0500a880
0000028C856FE2C0,workload_rows_kernel,5,1,1,128,1,1,0,0xb05000080,0xb0500a880
0000028C856FE2C0,workload_rows_kernel,5,1,1,128,1,1,0,0xb05000080,0xb0500a880
0000028C856FE2C0,workload_rows_kernel,5,1,1,128,1,1,0,0xb05000080,0xb0500a880
0000028C856FE2C0,workload_rows_kernel,5,1,1,128,1,1,0,0xb05000080,0xb0500a880
0000028C856FE2C0,workload_rows_kernel,5,1,1,128,1,1,0,0xb05000080,0xb0500a880
0000028C856FE2C0,workload_rows_kernel,5,1,1,128,1,1,0,0xb05000080,0xb0500a880
0000028C856FE2C0,workload_rows_kernel,5,1,1,128,1,1,0,0xb05000080,0xb0500a880
0000028C856FE2C0,workload_rows_kernel,5,1,1,128,1,1,0,0xb05000080,0xb0500a880
0000028C856FE2C0,workload_rows_kernel,5,1,1,128,1,1,0,0xb05000080,0xb0500a880
0000028C856FE2C0,workload_rows_kernel,5,1,1,128,1,1,0,0xb05000080,0xb0500a880
0000028C856FE2C0,workload_rows_kernel,5,1,1,128,1,1,0,0xb05000080,0xb0500a880
0000028C856FE2C0,workload_rows_kernel,5,1,1,128,1,1,0,0xb05000080,0xb0500a880
0000028C856FE2C0,workload_rows_kernel,5,1,1,128,1,1,0,0xb05000080,0xb0500a880
0000028C856FE2C0,workload_rows_kernel,5,1,1,128,1,1,0,0xb05000080,0xb0500a880
0000028C856FE2C0,workload_rows_kernel,5,1,1,128,1,1,0,0xb05000080,0xb0500a880
0000028C856FE2C0,workload_rows_kernel,5,1,1,128,1,1,0,0xb05000080,0xb0500a880
0000028C856FE2C0,workload_rows_kernel,5,1,1,128,1,1,0,0xb05000080,0xb0500a880
0000028C856FE2C0,workload_rows_kernel,5,1,1,128,1,1,0,0xb05000080,0xb0500a880
0000028C856FE2C0,workload_rows_kernel,5,1,1,128,1,1,0,0xb05000080,0xb0500a880
0000028C856FE2C0,workload_rows_kernel,5,1,1,128,1,1,0,0xb05000080,0xb0500a880
0000028C856FE2C0,workload_rows_kernel,5,1,1,128,1,1,0,0xb05000080,0xb0500a880
0000028C856FE2C0,workload_rows_kernel,5,1,1,128,1,1,0,0xb05000080,0xb0500a880
0000028C856FE2C0,workload_rows_kernel,5,1,1,128,1,1,0,0xb05000080,0xb0500a880
0000028C856FE2C0,workload_rows_kernel,5,1,1,128,1,1,0,0xb05000080,0xb0500a880
0000028C856FE2C0,workload_rows_kernel,5,1,1,128,1,1,0,0xb05000080,0xb0500a880
0000028C856FE2C0,workload_rows_kernel,5,1,1,128,1,1,0,0xb05000080,0xb0500a880
0000028C856FE2C0,workload_rows_kernel,5,1,1,128,1,1,0,0xb05000080,0xb0500a880
0000028C856FE2C0,workload_rows_kernel,5,1,1,128,1,1,0,0xb05000080,0xb0500a880
0000028C856FE2C0,workload_rows_kernel,5,1,1,128,1,1,0,0xb05000080,0xb0500a880
0000028C856FE2C0,workload_rows_kernel,5,1,1,128,1,1,0,0xb05000080,0xb0500a880
0000028C856FE2C0,workload_rows_kernel,5,1,1,128,1,1,0,0xb05000080,0xb0500a880
0000028C856FE2C0,workload_rows_kernel,5,1,1,128,1,1,0,0xb05000080,0xb0500a880
0000028C856FE2C0,workload_rows_kernel,5,1,1,128,1,1,0,0xb05000080,0xb0500a880
0000028C856FE2C0,workload_rows_kernel,5,1,1,128,1,1,0,0xb05000080,0xb0500a880
0000028C856FE2C0,workload_rows_kernel,5,1,1,128,1,1,0,0xb05000080,0xb0500a880
0000028C856FE2C0,workload_rows_kernel,5,1,1,128,1,1,0,0xb05000080,0xb0500a880
0000028C856FE2C0,workload_rows_kernel,5,1,1,128,1,1,0,0xb05000080,0xb0500a880
0000028C856FE2C0,workload_rows_kernel,5,1,1,128,1,1,0,0xb05000080,0xb0500a880
0000028C856FE2C0,workload_rows_kernel,5,1,1,128,1,1,0,0xb05000080,0xb0500a880
0000028C856FE2C0,workload_rows_kernel,5,1,1,128,1,1,0,0xb05000080,0xb0500a880
0000028C856FE2C0,workload_rows_kernel,5,1,1,128,1,1,0,0xb05000080,0xb0500a880
0000028C856FE2C0,workload_rows_kernel,5,1,1,128,1,1,0,0xb05000080,0xb0500a880
0000028C856FE2C0,workload_rows_kernel,5,1,1,128,1,1,0,0xb05000080,0xb0500a880
0000028C856FE2C0,workload_rows_kernel,5,1,1,128,1,1,0,0xb05000080,0xb0500a880
0000028C856FE2C0,workload_rows_kernel,5,1,1,128,1,1,0,0xb05000080,0xb0500a880
0000028C856FE2C0,workload_rows_kernel,5,1,1,128,1,1,0,0xb05000080,0xb0500a880
0000028C856FE2C0,workload_rows_kernel,5,1,1,128,1,1,0,0xb05000080,0xb0500a880
