dataset,cohort,case_id,operation,dimensions,tile,precision,native_worker_hint,p50_us,sample1_us,sample2_us,sample3_us,sample4_us,sample5_us,sample6_us,sample7_us,source_sha256,normalized_source_sha256
original16,baseline,aligned16-scan-128x8192-fp16,scan,128x8192,1x8192x1,fp16,0,12.344130527826003,12.340717080198688,12.34185489607446,12.352221453631365,12.344004313151041,12.344130527826003,12.345900358977142,12.344382957175926,6f66b82ac9b1357bdcd16e7ee0648fc13f0d7801c4d2248c5d26ae20f66e5fc6,6f66b82ac9b1357bdcd16e7ee0648fc13f0d7801c4d2248c5d26ae20f66e5fc6
original16,hint4,aligned16-scan-128x8192-fp16,scan,128x8192,1x8192x1,fp16,4,12.347007751464844,12.347647666931152,12.347264289855957,12.344575881958008,12.345600128173828,12.348799705505371,12.343680381774902,12.347007751464844,8cf761617eec28155a0ddf1fe24072db5a73ffeddc912f6bc1ee47f794d51fb5,6f66b82ac9b1357bdcd16e7ee0648fc13f0d7801c4d2248c5d26ae20f66e5fc6
original16,hint8,aligned16-scan-128x8192-fp16,scan,128x8192,1x8192x1,fp16,8,16.20612113706527,16.22858355122228,16.210250854492188,16.20529543968939,16.20678194107548,16.20612113706527,16.20430484894783,16.200835935531124,e40332802f2c882fd5e4a71ce3158321fbf47190822cc022273e289cb86600ec,6f66b82ac9b1357bdcd16e7ee0648fc13f0d7801c4d2248c5d26ae20f66e5fc6
original16,recheck,aligned16-scan-128x8192-fp16,scan,128x8192,1x8192x1,fp16,0,12.322175979614258,12.31334400177002,12.337535858154297,12.322175979614258,12.322688102722168,12.33779239654541,12.31935977935791,12.319104194641113,6f66b82ac9b1357bdcd16e7ee0648fc13f0d7801c4d2248c5d26ae20f66e5fc6,6f66b82ac9b1357bdcd16e7ee0648fc13f0d7801c4d2248c5d26ae20f66e5fc6
original16,baseline,aligned16-scan-128x8192-bf16,scan,128x8192,1x8192x1,bf16,0,12.356772717134453,12.322385811511381,12.35841539171007,12.356772717134453,12.359048348885995,12.355887330608603,12.358542548285591,12.356013545283565,2d6ed5716e5887ade222a99310f65fb5b2a13b637dbc4d8d7d554957327143bd,2d6ed5716e5887ade222a99310f65fb5b2a13b637dbc4d8d7d554957327143bd
original16,hint4,aligned16-scan-128x8192-bf16,scan,128x8192,1x8192x1,bf16,4,12.359300778235918,12.359300778235918,12.353485484182098,12.355887330608603,12.360185222861208,12.359680364161362,12.358542548285591,12.36638010284047,4dfcb6bf6852067b22f447f01a9f5931f77bb7e9bcc935065f983a9f0ff3adc5,2d6ed5716e5887ade222a99310f65fb5b2a13b637dbc4d8d7d554957327143bd
original16,hint8,aligned16-scan-128x8192-bf16,scan,128x8192,1x8192x1,bf16,8,16.13724862375567,16.13543233563823,16.13724862375567,16.141378341182584,16.128990419449345,16.12733902469758,16.145837845340854,16.143194629300027,240eebfcc9f8f370c099efc40b203850d1c93d602fb8fb9d2c6a98b2c74607c6,2d6ed5716e5887ade222a99310f65fb5b2a13b637dbc4d8d7d554957327143bd
original16,recheck,aligned16-scan-128x8192-bf16,scan,128x8192,1x8192x1,bf16,0,12.32327119803723,12.323903213312596,12.323144983362269,12.317076318057968,12.318846149209104,12.324788599838445,12.323650783962673,12.32327119803723,2d6ed5716e5887ade222a99310f65fb5b2a13b637dbc4d8d7d554957327143bd,2d6ed5716e5887ade222a99310f65fb5b2a13b637dbc4d8d7d554957327143bd
original16,baseline,aligned16-control-scan-128x8192-fp32,scan,128x8192,1x8192x1,fp32,0,13.843911488850912,13.840640385945639,13.844195471869575,13.845191531711155,13.843200471666124,13.843911488850912,13.856710857815212,13.843342463175455,d0e24c895b3e388f9f460887e05d49013143c9723702dfb80c5d195687ef97a6,d0e24c895b3e388f9f460887e05d49013143c9723702dfb80c5d195687ef97a6
original16,hint4,aligned16-control-scan-128x8192-fp32,scan,128x8192,1x8192x1,fp32,4,13.937351438734266,13.917297787136501,13.936924404568142,13.963235219319662,13.968355390760633,13.887146843804253,14.632960425482857,13.937351438734266,9c01a332ad83b56e483f34af04c37894bed4af33ebd869f5182b16a9d25f1abd,d0e24c895b3e388f9f460887e05d49013143c9723702dfb80c5d195687ef97a6
original16,hint8,aligned16-control-scan-128x8192-fp32,scan,128x8192,1x8192x1,fp32,8,18.407726994267218,18.39160919189453,18.389902468080873,18.4024175008138,18.407726994267218,18.40924439606843,18.45210040057147,18.483200073242188,b29823090a43e97e2dc3ea8065cbab74402fa7e9b8852ef3a2cce879b7228544,d0e24c895b3e388f9f460887e05d49013143c9723702dfb80c5d195687ef97a6
original16,recheck,aligned16-control-scan-128x8192-fp32,scan,128x8192,1x8192x1,fp32,0,13.845191531711155,13.8319640689426,13.836373223198784,13.845191531711155,13.843484454684788,13.85941293504503,13.882026672363281,13.896675109863281,d0e24c895b3e388f9f460887e05d49013143c9723702dfb80c5d195687ef97a6,d0e24c895b3e388f9f460887e05d49013143c9723702dfb80c5d195687ef97a6
original16,baseline,rowblock-reduce_sum-128x65-fp32-br1,reduce_sum,128x65,1x128x1,fp32,0,1.0175391771516746,1.0170865559446218,1.0163963697233254,1.0175391771516746,1.0166226381755006,1.0181954736867662,1.0190893352361015,1.0184670126899171,f9ba23988b03e696a8670fc79befeb5855669d4126be207cb67c2f0e1201f1b5,f9ba23988b03e696a8670fc79befeb5855669d4126be207cb67c2f0e1201f1b5
original16,hint4,rowblock-reduce_sum-128x65-fp32-br1,reduce_sum,128x65,1x128x1,fp32,4,1.026480027607509,1.026480027607509,1.0268799747739519,1.0257256882531303,1.026399987084525,1.0254743269511633,1.0270971059799194,1.0295085396085466,1e03e14d9cff2ab7a1e22a329262cc40a5e3c6ca963b27193d71394b867bb293,f9ba23988b03e696a8670fc79befeb5855669d4126be207cb67c2f0e1201f1b5
original16,hint8,rowblock-reduce_sum-128x65-fp32-br1,reduce_sum,128x65,1x128x1,fp32,8,1.194784575404383,1.1965383877411733,1.19643933206632,1.194784575404383,1.1932570104440932,1.1949683552947492,1.1945299812443348,1.1932428897415077,1d63c2ac07e76ada2e02d86e7ff5df781f0fa2f5e972ac420a5a2e2d6cde7e18,f9ba23988b03e696a8670fc79befeb5855669d4126be207cb67c2f0e1201f1b5
original16,recheck,rowblock-reduce_sum-128x65-fp32-br1,reduce_sum,128x65,1x128x1,fp32,0,1.0250007455999202,1.0276771025224165,1.0258618268099697,1.0250007455999202,1.0223709453235974,1.0255476344715466,1.0240465510975232,1.0246399966153232,f9ba23988b03e696a8670fc79befeb5855669d4126be207cb67c2f0e1201f1b5,f9ba23988b03e696a8670fc79befeb5855669d4126be207cb67c2f0e1201f1b5
original16,baseline,rowblock-reduce_sum-128x65-fp32-br4,reduce_sum,128x65,4x128x1,fp32,0,0.9422403387336492,0.9422403387336492,0.9390977927190028,0.9424327460111805,0.9427106853317866,0.9420479314561179,0.9404980016401765,0.942614481693021,5c4ee3bcc7395c121aba142fd5cd116dfc8a16348947fc8f23ece232a9be3cff,5c4ee3bcc7395c121aba142fd5cd116dfc8a16348947fc8f23ece232a9be3cff
original16,hint4,rowblock-reduce_sum-128x65-fp32-br4,reduce_sum,128x65,4x128x1,fp32,4,0.9454118972745221,0.9452564131929145,0.9454118972745221,0.944956533303747,0.9454563331190262,0.9431906015391981,0.9457117771636897,0.9457117771636897,9b59c8610c824eba17aad69a78ba857c43d66dce3ee803c6a98e2c17d25c8fbe,5c4ee3bcc7395c121aba142fd5cd116dfc8a16348947fc8f23ece232a9be3cff
original16,hint8,rowblock-reduce_sum-128x65-fp32-br4,reduce_sum,128x65,4x128x1,fp32,8,0.978303995999423,0.9778036637739702,0.9787578582763672,0.9767097993330522,0.978303995999423,0.9781876477328214,0.9785600142045454,0.9784203442660245,309cba1f858124fa592284ff88573fe58660ec699357ddaa999c05d09bf1621a,5c4ee3bcc7395c121aba142fd5cd116dfc8a16348947fc8f23ece232a9be3cff
original16,recheck,rowblock-reduce_sum-128x65-fp32-br4,reduce_sum,128x65,4x128x1,fp32,0,0.9422107453041888,0.9422216212495844,0.9446399769884475,0.9404459202543218,0.9422543302495429,0.9421780363042304,0.9422107453041888,0.942069114522731,5c4ee3bcc7395c121aba142fd5cd116dfc8a16348947fc8f23ece232a9be3cff,5c4ee3bcc7395c121aba142fd5cd116dfc8a16348947fc8f23ece232a9be3cff
original16,baseline,rowblock-reduce_sum-17x1024-fp16-br1,reduce_sum,17x1024,1x1024x1,fp16,0,0.9244450116707544,0.9256056438358042,0.924886628880783,0.9244450116707544,0.9231919390985457,0.9259343123364233,0.9235822855529479,0.9223908144110065,f0edd2ae7d38a40c20af76e236a6e3c5417eefa3b3f3c905082185b853589b97,f0edd2ae7d38a40c20af76e236a6e3c5417eefa3b3f3c905082185b853589b97
original16,hint4,rowblock-reduce_sum-17x1024-fp16-br1,reduce_sum,17x1024,1x1024x1,fp16,4,0.9274825238166972,0.928354060396235,0.9274825238166972,0.9271775103629903,0.9275369847074468,0.9268398690730968,0.9348793029785156,0.9252711356954372,789c54bdb22139a967b96dc31e47da200749d85a6a29c2d3cbeeae254fc5e1d4,f0edd2ae7d38a40c20af76e236a6e3c5417eefa3b3f3c905082185b853589b97
original16,hint8,rowblock-reduce_sum-17x1024-fp16-br1,reduce_sum,17x1024,1x1024x1,fp16,8,0.9374714819624396,0.9375154062961534,0.9375154062961534,0.93641557703725,0.9374714819624396,0.9374384567637705,0.9377464187900695,0.9371854821029975,2bc8fb510a3983250461aea015e87dc202a0a10451e63b79fe800c00da2a16c1,f0edd2ae7d38a40c20af76e236a6e3c5417eefa3b3f3c905082185b853589b97
original16,recheck,rowblock-reduce_sum-17x1024-fp16-br1,reduce_sum,17x1024,1x1024x1,fp16,0,0.9235608527000915,0.9236044376454455,0.9235063918093418,0.9256415671490609,0.9203145453270446,0.9232885482463431,0.9235608527000915,0.9236806504269863,f0edd2ae7d38a40c20af76e236a6e3c5417eefa3b3f3c905082185b853589b97,f0edd2ae7d38a40c20af76e236a6e3c5417eefa3b3f3c905082185b853589b97
original16,baseline,rowblock-reduce_sum-17x1024-fp16-br4,reduce_sum,17x1024,4x1024x1,fp16,0,2.1990931557177396,2.1982417646236287,2.2013634732358724,2.1990931557177396,2.1985256203878283,2.198620238975895,2.200819548503356,2.1991877743058064,fa1153ec906dd239d15319828593b3638521163710396869c43828220c3a583a,fa1153ec906dd239d15319828593b3638521163710396869c43828220c3a583a
original16,hint4,rowblock-reduce_sum-17x1024-fp16-br4,reduce_sum,17x1024,4x1024x1,fp16,4,2.207417653284227,2.2078433488312825,2.206944736542382,2.2068737285517104,2.209049427481777,2.206684491375577,2.207937967419349,2.207417653284227,b476f4e2977a6f4c51b8caf411c93b3757ffcb4bd447e84744005b12cfae1087,fa1153ec906dd239d15319828593b3638521163710396869c43828220c3a583a
original16,hint8,rowblock-reduce_sum-17x1024-fp16-br4,reduce_sum,17x1024,4x1024x1,fp16,8,1.4770272322527067,1.4645457830954725,1.4737536813330463,1.4770595520500123,1.4770272322527067,1.4797525480976255,1.4769305131566806,1.4799137866403174,51f478c8ceb7b9dcd9b38a22755ef1a08069dc39301f51fc0a0c7b531c87f15c,fa1153ec906dd239d15319828593b3638521163710396869c43828220c3a583a
original16,recheck,rowblock-reduce_sum-17x1024-fp16-br4,reduce_sum,17x1024,4x1024x1,fp16,0,2.202167643135194,2.1999445468118504,2.2028534076505664,2.202167643135194,2.200252013173445,2.2037520199394667,2.199755309635717,2.203066255424094,fa1153ec906dd239d15319828593b3638521163710396869c43828220c3a583a,fa1153ec906dd239d15319828593b3638521163710396869c43828220c3a583a
original16,baseline,aligned16-rmsnorm-1x8192-fp16,rmsnorm,1x8192,1x8192x1,fp16,0,2.89009117569763,2.889746803027045,2.89009117569763,2.887867918801964,2.8908429160395164,2.890435781683032,2.8890890885565987,2.8902792274405105,1eae64f0caffbba7b06f2e522740ce59ab6901948dbe12d813384cf3a4b44ea6,1eae64f0caffbba7b06f2e522740ce59ab6901948dbe12d813384cf3a4b44ea6
original16,hint4,aligned16-rmsnorm-1x8192-fp16,rmsnorm,1x8192,1x8192x1,fp16,4,2.904736392469291,2.9023613987198793,2.905538398099233,2.906278587249388,2.904736392469291,2.9041811931564148,2.9014362197324455,2.905198981963008,fcd5112ab2fb117fba90ff2b2f479fc506f14013ffd9bbc4c40667885a46c2fe,1eae64f0caffbba7b06f2e522740ce59ab6901948dbe12d813384cf3a4b44ea6
original16,hint8,aligned16-rmsnorm-1x8192-fp16,rmsnorm,1x8192,1x8192x1,fp16,8,2.272152867194361,2.2727764406583906,2.273040163991602,2.272152867194361,2.2728723887816527,2.2706900603318942,2.2692990805561144,2.2683158356356117,671394a3a1c80a790f26b8245b7921682f99a303697df91dcee2866f348fe12e,1eae64f0caffbba7b06f2e522740ce59ab6901948dbe12d813384cf3a4b44ea6
original16,recheck,aligned16-rmsnorm-1x8192-fp16,rmsnorm,1x8192,1x8192x1,fp16,0,2.8889943592583953,2.8889943592583953,2.891714978573927,2.8859683364184936,2.8822695604011193,2.8919898645201725,2.8866406341097246,2.890369927705224,1eae64f0caffbba7b06f2e522740ce59ab6901948dbe12d813384cf3a4b44ea6,1eae64f0caffbba7b06f2e522740ce59ab6901948dbe12d813384cf3a4b44ea6
original16,baseline,aligned16-layernorm-1x8192-bf16,layernorm,1x8192,1x8192x1,bf16,0,3.27366524002179,3.2723070001926553,3.2735956931600767,3.2732124069110067,3.27366524002179,3.2742574263592155,3.2741878794975023,3.274814579762569,4c78f32b8d3cfbf10f6a70ebbd154ca7ac7b2f50ff14be5980db4061477176a9,4c78f32b8d3cfbf10f6a70ebbd154ca7ac7b2f50ff14be5980db4061477176a9
original16,hint4,aligned16-layernorm-1x8192-bf16,layernorm,1x8192,1x8192x1,bf16,4,3.2884380353595617,3.2897660187080047,3.2887525851409185,3.2866556733948378,3.2884380353595617,3.287214728345643,3.2878438279083566,3.2956023753299646,429ea571836788311798bc16af8c90855caf982101c6f0069ae9ba49fbb9d5f7,4c78f32b8d3cfbf10f6a70ebbd154ca7ac7b2f50ff14be5980db4061477176a9
original16,hint8,aligned16-layernorm-1x8192-bf16,layernorm,1x8192,1x8192x1,bf16,8,2.6184069592019785,2.6176000678020976,2.6189913957015327,2.6184069592019785,2.618212077928626,2.616765188134235,2.618824295375658,2.6189634074335513,3b6c1553666767e972054fc24f516073d50616a7270ff2d4968fdf7153856f64,4c78f32b8d3cfbf10f6a70ebbd154ca7ac7b2f50ff14be5980db4061477176a9
original16,recheck,aligned16-layernorm-1x8192-bf16,layernorm,1x8192,1x8192x1,bf16,0,3.2745127989254454,3.2758499093072113,3.2745127989254454,3.274583062765115,3.2738442437345627,3.2744071409874356,3.2762722788807452,3.268460145930654,4c78f32b8d3cfbf10f6a70ebbd154ca7ac7b2f50ff14be5980db4061477176a9,4c78f32b8d3cfbf10f6a70ebbd154ca7ac7b2f50ff14be5980db4061477176a9
original16,baseline,coverage-rmsnorm-128x8192-bf16-tile1x8192x1,rmsnorm,128x8192,1x8192x1,bf16,0,7.73224838136688,7.644683958038571,7.644038763571912,7.73224838136688,7.810539786271223,7.80586302749754,7.781593743271715,7.674678291861467,08f0e196b97a371bcd075b8679928d6efcd76990733077437a4e58feb68952d0,08f0e196b97a371bcd075b8679928d6efcd76990733077437a4e58feb68952d0
original16,hint4,coverage-rmsnorm-128x8192-bf16-tile1x8192x1,rmsnorm,128x8192,1x8192x1,bf16,4,7.822781839678364,7.698663280856225,7.6735588812058975,7.673393372566469,7.886534044819493,7.867127695391255,7.86027354578818,7.822781839678364,647c65db56fdea3aeadbe65c907ba608f47d389e38d0f70b580d8c49252c240d,08f0e196b97a371bcd075b8679928d6efcd76990733077437a4e58feb68952d0
original16,hint8,coverage-rmsnorm-128x8192-bf16-tile1x8192x1,rmsnorm,128x8192,1x8192x1,bf16,8,7.8033794620172765,7.707972952990028,7.685577888798908,7.694152583920859,7.857826046827363,7.874809823385099,7.863321071717797,7.8033794620172765,9cfd2bc1ee2bebdc663eff26ae75ec7cef34071a473d0f4cbbe61d6c0a4b4fbd,08f0e196b97a371bcd075b8679928d6efcd76990733077437a4e58feb68952d0
original16,recheck,coverage-rmsnorm-128x8192-bf16-tile1x8192x1,rmsnorm,128x8192,1x8192x1,bf16,0,7.796856535582983,7.710031461314995,7.746258903952206,7.671394668707327,7.806063740193343,7.837385930934874,7.809505943490677,7.796856535582983,08f0e196b97a371bcd075b8679928d6efcd76990733077437a4e58feb68952d0,08f0e196b97a371bcd075b8679928d6efcd76990733077437a4e58feb68952d0
original16,baseline,coverage-layernorm-128x8192-bf16-tile1x8192x1,layernorm,128x8192,1x8192x1,bf16,0,11.216057864102451,11.20791261846369,11.207796443592418,11.209076101129705,11.21745456348766,11.21675664728338,11.216057864102451,11.217686913230203,173beb06ff872029d1a6e3cb4af3366c8c377523f59da7fe43f17225274fa61f,173beb06ff872029d1a6e3cb4af3366c8c377523f59da7fe43f17225274fa61f
original16,hint4,coverage-layernorm-128x8192-bf16-tile1x8192x1,layernorm,128x8192,1x8192x1,bf16,4,11.234890369886763,11.216711837254213,11.220508532577686,11.230288730578476,11.236961450469629,11.237077177240607,11.234890369886763,11.250883809636148,f208b635e6670eb288236f7727af01a3c7086964648b6882a9b7e377bbd0b06c,173beb06ff872029d1a6e3cb4af3366c8c377523f59da7fe43f17225274fa61f
original16,hint8,coverage-layernorm-128x8192-bf16-tile1x8192x1,layernorm,128x8192,1x8192x1,bf16,8,9.882395475813485,10.052399126071375,9.848096532729066,9.861219091322816,9.863505687528443,9.882395475813485,10.076159875369767,10.069300086752882,0140335a282681f1193c77e75b751090804641e5e472b7466cc3b3d01e5d4f88,173beb06ff872029d1a6e3cb4af3366c8c377523f59da7fe43f17225274fa61f
original16,recheck,coverage-layernorm-128x8192-bf16-tile1x8192x1,layernorm,128x8192,1x8192x1,bf16,0,11.211740778780532,11.21185828899515,11.20691496750404,11.208562741334411,11.207620905733657,11.21185828899515,11.211740778780532,11.213506062825521,173beb06ff872029d1a6e3cb4af3366c8c377523f59da7fe43f17225274fa61f,173beb06ff872029d1a6e3cb4af3366c8c377523f59da7fe43f17225274fa61f
original16,baseline,coverage-softmax-1024x512-fp16-tile1x512x1,softmax,1024x512,1x512x1,fp16,0,5.720578995219038,5.641171976101179,5.671766316232506,5.645883478269987,5.720578995219038,5.766125076387557,5.758146976400738,5.747718108943635,507b97b2d1b9a801acbc5b81da04ee52bf02ba0163c9dedaef57f79e812aef6d,507b97b2d1b9a801acbc5b81da04ee52bf02ba0163c9dedaef57f79e812aef6d
original16,hint4,coverage-softmax-1024x512-fp16-tile1x512x1,softmax,1024x512,1x512x1,fp16,4,5.804978382738331,5.700439259975771,5.685468263263944,5.681385088570511,5.804978382738331,5.827726533141317,5.824809979788864,5.815542196925683,ee3b171970fd11986e4b8a24085ff9938ab750c94c84f94db50b155e3e730412,507b97b2d1b9a801acbc5b81da04ee52bf02ba0163c9dedaef57f79e812aef6d
original16,hint8,coverage-softmax-1024x512-fp16-tile1x512x1,softmax,1024x512,1x512x1,fp16,8,8.94921166556222,8.800183023725237,8.800365584237236,8.811794008527484,8.94921166556222,8.961645535060338,8.960548809596471,8.953874451773506,30894f3948351ece49e777927372dc813abe36f774b40194090fdf20850c3b12,507b97b2d1b9a801acbc5b81da04ee52bf02ba0163c9dedaef57f79e812aef6d
original16,recheck,coverage-softmax-1024x512-fp16-tile1x512x1,softmax,1024x512,1x512x1,fp16,0,5.776925928452435,5.662057315602022,5.660430908203125,5.673261305865119,5.80824863209444,5.795659233542049,5.801441865808823,5.776925928452435,507b97b2d1b9a801acbc5b81da04ee52bf02ba0163c9dedaef57f79e812aef6d,507b97b2d1b9a801acbc5b81da04ee52bf02ba0163c9dedaef57f79e812aef6d
original16,baseline,rowblock-scan-17x1024-fp16-br1,scan,17x1024,1x1024x1,fp16,0,1.0135854374278674,1.0127592953768643,1.015528765591708,1.010315634987571,1.0132829492742366,1.0135854374278674,1.0142487612637607,1.0138530731201172,a4309abbf35b2b2cbbd84124a98545358b19019d397fe2b19c60e9373a3829c7,a4309abbf35b2b2cbbd84124a98545358b19019d397fe2b19c60e9373a3829c7
original16,hint4,rowblock-scan-17x1024-fp16-br1,scan,17x1024,1x1024x1,fp16,4,1.0173289754108092,1.0177439155308068,1.017360049540511,1.0170695605369808,1.0147248551234407,1.0173289754108092,1.0174845779558084,1.0166131109452174,d2d93ad6378907c1d2fd4ae2f9f1ed8ecc84e71a70a31de97c6f369330bc7bde,a4309abbf35b2b2cbbd84124a98545358b19019d397fe2b19c60e9373a3829c7
original16,hint8,rowblock-scan-17x1024-fp16-br1,scan,17x1024,1x1024x1,fp16,8,1.0448866378800123,1.0447582057526368,1.044233874218342,1.0450149902853971,1.044897320626796,1.0449508140827048,1.0448866378800123,1.0435811902786623,a06d939a8d63b4d6140be56f95a69b8aff02e7ed9b90d2bd63066300bddf3645,a4309abbf35b2b2cbbd84124a98545358b19019d397fe2b19c60e9373a3829c7
original16,recheck,rowblock-scan-17x1024-fp16-br1,scan,17x1024,1x1024x1,fp16,0,1.01776140230196,1.018384125855592,1.01776140230196,1.0181189012957048,1.0190760122763145,1.0172425519238721,1.0172425519238721,1.0138637955124314,a4309abbf35b2b2cbbd84124a98545358b19019d397fe2b19c60e9373a3829c7,a4309abbf35b2b2cbbd84124a98545358b19019d397fe2b19c60e9373a3829c7
original16,baseline,rowblock-scan-17x1024-fp16-br4,scan,17x1024,4x1024x1,fp16,0,2.6952377189657843,2.694657409495065,2.697123238452771,2.696107858976629,2.69312007569051,2.6952377189657843,2.6959049127594947,2.693555145695932,eb485c2acaff1ad246b554fb0d6adee4e06cca3605f3f29d6ad2c5e94da25876,eb485c2acaff1ad246b554fb0d6adee4e06cca3605f3f29d6ad2c5e94da25876
original16,hint4,rowblock-scan-17x1024-fp16-br4,scan,17x1024,4x1024x1,fp16,4,2.7084070189386353,2.709019761479478,2.7084070189386353,2.706860925397302,2.7069776486127806,2.7085237421541133,2.709048887942931,2.707006775076233,c0d2085b29b0056ba48459edbd9f3602314110caadad80affc0e603f11eb5565,eb485c2acaff1ad246b554fb0d6adee4e06cca3605f3f29d6ad2c5e94da25876
original16,hint8,rowblock-scan-17x1024-fp16-br4,scan,17x1024,4x1024x1,fp16,8,2.970338301225142,2.970530829833219,2.974254644029193,2.9713334708378234,2.970338301225142,2.9666467744354916,2.9695358993865106,2.970113724376714,6500c90911b68f5e850662c4dbf978c2fbab27ca48af0c2e9f8f59a12708a177,eb485c2acaff1ad246b554fb0d6adee4e06cca3605f3f29d6ad2c5e94da25876
original16,recheck,rowblock-scan-17x1024-fp16-br4,scan,17x1024,4x1024x1,fp16,0,2.710110328716939,2.7063348439818653,2.70722138815086,2.708594466054906,2.710110328716939,2.712284279935187,2.711969514132878,2.7120553980992494,eb485c2acaff1ad246b554fb0d6adee4e06cca3605f3f29d6ad2c5e94da25876,eb485c2acaff1ad246b554fb0d6adee4e06cca3605f3f29d6ad2c5e94da25876
original16,baseline,rowblock-reduce_max-17x1024-fp16-br1,reduce_max,17x1024,1x1024x1,fp16,0,0.9317235147817429,0.9327930501722871,0.9314588134513153,0.9315858385308945,0.9317235147817429,0.9296055885480626,0.9317446593291511,0.9346356239042706,11899c6238f547d0506cd7d05ba7426a2c1f5f8a49d9dd18c60e2b781b83295d,11899c6238f547d0506cd7d05ba7426a2c1f5f8a49d9dd18c60e2b781b83295d
original16,hint4,rowblock-reduce_max-17x1024-fp16-br1,reduce_max,17x1024,1x1024x1,fp16,4,0.9299480939956697,0.930215282081811,0.9300228748042797,0.9299480939956697,0.9297770299095202,0.9295418566104514,0.9298197959310576,0.9301190784430454,da03fb1b72fd6dcbbc50d4447a48d9eb970dbea7af9d4e5337ca6a33818c2753,11899c6238f547d0506cd7d05ba7426a2c1f5f8a49d9dd18c60e2b781b83295d
original16,hint8,rowblock-reduce_max-17x1024-fp16-br1,reduce_max,17x1024,1x1024x1,fp16,8,0.9331145590924202,0.9325371600211935,0.9336592491636885,0.9331145590924202,0.9333106507646277,0.933212604928524,0.9313606911517204,0.9293018097573138,17ae770d90af56ee4f1f248815ddfc8bc2e71346a9fb570b8ca4940b84b34b8f,11899c6238f547d0506cd7d05ba7426a2c1f5f8a49d9dd18c60e2b781b83295d
original16,recheck,rowblock-reduce_max-17x1024-fp16-br1,reduce_max,17x1024,1x1024x1,fp16,0,0.9276178634739122,0.9276178634739122,0.928066787241894,0.9295098418233788,0.9276499578997586,0.9265597030862637,0.925896949210595,0.9274895654092999,11899c6238f547d0506cd7d05ba7426a2c1f5f8a49d9dd18c60e2b781b83295d,11899c6238f547d0506cd7d05ba7426a2c1f5f8a49d9dd18c60e2b781b83295d
original16,baseline,rowblock-reduce_max-17x1024-fp16-br4,reduce_max,17x1024,4x1024x1,fp16,0,2.164782995465158,2.164782995465158,2.164830174939386,2.1650655461453843,2.162970531945941,2.164453440699084,2.163982698287087,2.1648771790252335,0eaa88974d208f83f986d051f5745281dc5fda535971d7823bdd0955912cfe6d,0eaa88974d208f83f986d051f5745281dc5fda535971d7823bdd0955912cfe6d
original16,hint4,rowblock-reduce_max-17x1024-fp16-br4,reduce_max,17x1024,4x1024x1,fp16,4,2.172264508156232,2.1747229871772107,2.1751288211706914,2.169949013592202,2.1728849966765007,2.172264508156232,2.171238007801118,2.1710470061757903,96ba4ca495a9f55650a685e18934a39dd33f39e6813f21396d08c5406d4e1f4d,0eaa88974d208f83f986d051f5745281dc5fda535971d7823bdd0955912cfe6d
original16,hint8,rowblock-reduce_max-17x1024-fp16-br4,reduce_max,17x1024,4x1024x1,fp16,8,1.558960385486459,1.556949272093328,1.557284416036403,1.5594966907157835,1.5564632884024012,1.558960385486459,1.561055284865359,1.5597649057641163,f05a6916a3834633795a8072c2c561f9baec50d854ee255d249b77512e9613c1,0eaa88974d208f83f986d051f5745281dc5fda535971d7823bdd0955912cfe6d
original16,recheck,rowblock-reduce_max-17x1024-fp16-br4,reduce_max,17x1024,4x1024x1,fp16,0,2.16545610123029,2.1645208907453983,2.165713201374768,2.16545610123029,2.165385903833119,2.1645442318154253,2.1666717529296875,2.167723842951805,0eaa88974d208f83f986d051f5745281dc5fda535971d7823bdd0955912cfe6d,0eaa88974d208f83f986d051f5745281dc5fda535971d7823bdd0955912cfe6d
extra16,baseline,rowblock-reduce_sum-128x65-fp32-br4,reduce_sum,128x65,4x128x1,fp32,0,0.9461990715659384,0.9459056092870394,0.9464820697827373,0.9461362091033217,0.9463562667674882,0.9461990715659384,0.9460104060880725,0.9462934043048714,5c4ee3bcc7395c121aba142fd5cd116dfc8a16348947fc8f23ece232a9be3cff,5c4ee3bcc7395c121aba142fd5cd116dfc8a16348947fc8f23ece232a9be3cff
extra16,hint8,rowblock-reduce_sum-128x65-fp32-br4,reduce_sum,128x65,4x128x1,fp32,8,0.9801252879338413,0.9808511867174913,0.9811481676603618,0.9801252879338413,0.9792233640218011,0.9799382817220227,0.9811591487437903,0.9794983827978149,309cba1f858124fa592284ff88573fe58660ec699357ddaa999c05d09bf1621a,5c4ee3bcc7395c121aba142fd5cd116dfc8a16348947fc8f23ece232a9be3cff
extra16,recheck,rowblock-reduce_sum-128x65-fp32-br4,reduce_sum,128x65,4x128x1,fp32,0,0.9422889816005555,0.9422889816005555,0.9406061715393395,0.9418930070100614,0.942750924640004,0.9422009690363604,0.942662912075809,0.9426739751076212,5c4ee3bcc7395c121aba142fd5cd116dfc8a16348947fc8f23ece232a9be3cff,5c4ee3bcc7395c121aba142fd5cd116dfc8a16348947fc8f23ece232a9be3cff
extra16,baseline,independent-sum-65x256-fp32-br8,reduce_sum,65x256,8x256x1,fp32,0,1.1122085571289062,1.1119435029871323,1.1126904655905332,1.1129675472483915,1.1124254114487593,1.1118592206169577,1.1111242855296415,1.1122085571289062,3baa839c0fd401dd30b32cfac1a4416e5db872dc5e85a8abffa002a78961f070,3baa839c0fd401dd30b32cfac1a4416e5db872dc5e85a8abffa002a78961f070
extra16,hint8,independent-sum-65x256-fp32-br8,reduce_sum,65x256,8x256x1,fp32,8,1.1773703258744097,1.177080102625535,1.1765361367037614,1.1777329698222587,1.1778054805967293,1.1773703258744097,1.1778176407887213,1.173586254277505,472a151190d5bb9f14e847bee9167fe13e629ffb49eb3802b6711ab60a11b2c9,3baa839c0fd401dd30b32cfac1a4416e5db872dc5e85a8abffa002a78961f070
extra16,recheck,independent-sum-65x256-fp32-br8,reduce_sum,65x256,8x256x1,fp32,0,1.1081639825547072,1.1074547563451964,1.1084735783882045,1.1081639825547072,1.1064488101065608,1.108937876050358,1.108447730691367,1.1079964049216782,3baa839c0fd401dd30b32cfac1a4416e5db872dc5e85a8abffa002a78961f070,3baa839c0fd401dd30b32cfac1a4416e5db872dc5e85a8abffa002a78961f070
extra16,baseline,independent-sum-128x512-bf16-br4,reduce_sum,128x512,4x512x1,bf16,0,1.1713931383684164,1.1702669733930426,1.1714455294791999,1.1711574271511849,1.1713931383684164,1.1714324560921516,1.1709610336576886,1.171668167309383,3c614b6070b4eb0dc44f6e69ca2119a5d0c4992b3d5ac7452ed5be6d98a97970,3c614b6070b4eb0dc44f6e69ca2119a5d0c4992b3d5ac7452ed5be6d98a97970
extra16,hint8,independent-sum-128x512-bf16-br4,reduce_sum,128x512,4x512x1,bf16,8,1.4008415542531347,1.3985801447605828,1.3996789911486684,1.402450015719163,1.402513732435544,1.4006982213045538,1.403294113894829,1.4008415542531347,22df6bb4c41da275fd87c2a44efc03b92122a02ebbc747992fd3695972d86a80,3c614b6070b4eb0dc44f6e69ca2119a5d0c4992b3d5ac7452ed5be6d98a97970
extra16,recheck,independent-sum-128x512-bf16-br4,reduce_sum,128x512,4x512x1,bf16,0,1.167957202808277,1.1657868951007957,1.1685835077277626,1.1687583434971773,1.1686417863175675,1.1677823670388625,1.1678698391866889,1.167957202808277,3c614b6070b4eb0dc44f6e69ca2119a5d0c4992b3d5ac7452ed5be6d98a97970,3c614b6070b4eb0dc44f6e69ca2119a5d0c4992b3d5ac7452ed5be6d98a97970
extra16,baseline,rowblock-reduce_sum-17x1024-fp16-br4,reduce_sum,17x1024,4x1024x1,fp16,0,2.2063206160885787,2.2072404721668146,2.200317022084626,2.2047954586380762,2.206756375360151,2.2059090255845524,2.2063206160885787,2.2134619458065528,fa1153ec906dd239d15319828593b3638521163710396869c43828220c3a583a,fa1153ec906dd239d15319828593b3638521163710396869c43828220c3a583a
extra16,hint8,rowblock-reduce_sum-17x1024-fp16-br4,reduce_sum,17x1024,4x1024x1,fp16,8,1.4744789135626115,1.473943284120877,1.4741218675713155,1.4745275192139833,1.4745924476587262,1.4722718300796727,1.4744789135626115,1.4746086495425168,51f478c8ceb7b9dcd9b38a22755ef1a08069dc39301f51fc0a0c7b531c87f15c,fa1153ec906dd239d15319828593b3638521163710396869c43828220c3a583a
extra16,recheck,rowblock-reduce_sum-17x1024-fp16-br4,reduce_sum,17x1024,4x1024x1,fp16,0,2.198564058191636,2.1999615837545954,2.1973595114315256,2.197166712143842,2.198564058191636,2.1994797650505515,2.1982750387752756,2.1994557100183822,fa1153ec906dd239d15319828593b3638521163710396869c43828220c3a583a,fa1153ec906dd239d15319828593b3638521163710396869c43828220c3a583a
extra16,baseline,independent-sum-65x2048-fp16-br8,reduce_sum,65x2048,8x2048x1,fp16,0,6.3482017021674615,6.350262629521358,6.352856128246753,6.344610932585481,6.352324052290483,6.3482017021674615,6.346871512276786,6.347137550254921,d18eaf4447e1d5b4e4cbfcb63db0e2725acf14299d75271c586275ed48ac5a10,d18eaf4447e1d5b4e4cbfcb63db0e2725acf14299d75271c586275ed48ac5a10
extra16,hint8,independent-sum-65x2048-fp16-br8,reduce_sum,65x2048,8x2048x1,fp16,8,4.235459034577077,4.235459034577077,4.234838444433171,4.235459034577077,4.23395198144954,4.235503291670894,4.2357249074168015,4.236256983373072,a9d8314f3fe53b9011d2fb5c84bb67b299164a5b4c0eafd63ddcc028524999c6,d18eaf4447e1d5b4e4cbfcb63db0e2725acf14299d75271c586275ed48ac5a10
extra16,recheck,independent-sum-65x2048-fp16-br8,reduce_sum,65x2048,8x2048x1,fp16,0,6.329982311694653,6.327721732003348,6.329982311694653,6.330248349672788,6.331777696485643,6.331644429788961,6.32446338604023,6.32752207966594,d18eaf4447e1d5b4e4cbfcb63db0e2725acf14299d75271c586275ed48ac5a10,d18eaf4447e1d5b4e4cbfcb63db0e2725acf14299d75271c586275ed48ac5a10
extra16,baseline,independent-sum-128x4096-fp32-br4,reduce_sum,128x4096,4x4096x1,fp32,0,2.8972662835860326,2.8972662835860326,2.8953055987604484,2.894807485099259,2.8976709429616263,2.8976709429616263,2.895149996215449,2.898978143477512,d96858dd88aa45dabc3d010cd8c7f6d3c74f614190c7a9b6739825d4cc9014b3,d96858dd88aa45dabc3d010cd8c7f6d3c74f614190c7a9b6739825d4cc9014b3
extra16,hint8,independent-sum-128x4096-fp32-br4,reduce_sum,128x4096,4x4096x1,fp32,8,2.954364198626894,2.954364198626894,2.9542400475704307,2.9545193296490293,2.954891551624645,2.9533090302438447,2.955605246803977,2.9539607654918325,f914c55cbe7eddc33af418ecbd73bb03602cd1923a7597fdc0dda4e28982a3fa,d96858dd88aa45dabc3d010cd8c7f6d3c74f614190c7a9b6739825d4cc9014b3
extra16,recheck,independent-sum-128x4096-fp32-br4,reduce_sum,128x4096,4x4096x1,fp32,0,2.895344589695786,2.895251418604995,2.8958409627278647,2.896120244806463,2.896492697975852,2.895344589695786,2.895344589695786,2.894537723425663,d96858dd88aa45dabc3d010cd8c7f6d3c74f614190c7a9b6739825d4cc9014b3,d96858dd88aa45dabc3d010cd8c7f6d3c74f614190c7a9b6739825d4cc9014b3
extra16,baseline,independent-max-128x256-fp16-br4,reduce_max,128x256,4x256x1,fp16,0,1.1195057217437443,1.1191762792001856,1.119860564128007,1.1195057217437443,1.1169964252132,1.1249552622880086,1.1191128268100248,1.1198859639687113,f4a7f42fee78e27e4396429fcb9d250a6cfb0a14d87867b29956473621d1d27c,f4a7f42fee78e27e4396429fcb9d250a6cfb0a14d87867b29956473621d1d27c
extra16,hint8,independent-max-128x256-fp16-br4,reduce_max,128x256,4x256x1,fp16,8,1.3361832932831625,1.3351501555400362,1.3361832932831625,1.3356363313488153,1.3389483262240356,1.3384774318434718,1.3349070110377643,1.3379000202484583,6bef20df571dfaafe3bd277cefe292960f9c602f3973730dc73dbf2106c61c1d,f4a7f42fee78e27e4396429fcb9d250a6cfb0a14d87867b29956473621d1d27c
extra16,recheck,independent-max-128x256-fp16-br4,reduce_max,128x256,4x256x1,fp16,0,1.1166996311497044,1.1193980655154667,1.116367546287743,1.1147900143185177,1.1171148145521008,1.117031819111592,1.1166996311497044,1.1162291861869194,f4a7f42fee78e27e4396429fcb9d250a6cfb0a14d87867b29956473621d1d27c,f4a7f42fee78e27e4396429fcb9d250a6cfb0a14d87867b29956473621d1d27c
extra16,baseline,independent-max-65x512-fp32-br8,reduce_max,65x512,8x512x1,fp32,0,1.3002306000892618,1.3006120698158243,1.2998344836740576,1.301066772985595,1.300157257342407,1.3002306000892618,1.3001865507196901,1.301125469043808,b7c522254b444637ba746deefde51fb866d2681090c99481a3716583ee09025c,b7c522254b444637ba746deefde51fb866d2681090c99481a3716583ee09025c
extra16,hint8,independent-max-65x512-fp32-br8,reduce_max,65x512,8x512x1,fp32,8,1.3867153544419333,1.3881252538179656,1.3758771575375957,1.3762901422874652,1.3867153544419333,1.3908169763641993,1.3921700001426134,1.3856471330963687,10167ec662c158ac168f9814fc57d6b87b7d67c297c5a18ebed5b214bbb31401,b7c522254b444637ba746deefde51fb866d2681090c99481a3716583ee09025c
extra16,recheck,independent-max-65x512-fp32-br8,reduce_max,65x512,8x512x1,fp32,0,1.3011435732047933,1.3006609774829714,1.3011435732047933,1.2990925132964952,1.2998014065232648,1.3021992162330864,1.3017769590217692,1.3021992162330864,b7c522254b444637ba746deefde51fb866d2681090c99481a3716583ee09025c,b7c522254b444637ba746deefde51fb866d2681090c99481a3716583ee09025c
extra16,baseline,rowblock-reduce_max-17x1024-fp16-br4,reduce_max,17x1024,4x1024x1,fp16,0,2.1641522098854544,2.1641522098854544,2.165092247119848,2.164696403171705,2.1618766600383075,2.164449092846562,2.1638555112092392,2.1627918188122734,0eaa88974d208f83f986d051f5745281dc5fda535971d7823bdd0955912cfe6d,0eaa88974d208f83f986d051f5745281dc5fda535971d7823bdd0955912cfe6d
extra16,hint8,rowblock-reduce_max-17x1024-fp16-br4,reduce_max,17x1024,4x1024x1,fp16,8,1.555854136753568,1.555854136753568,1.5564973892704133,1.5539070220066453,1.5525509586560908,1.5563409154402987,1.5561148832933203,1.554689261625902,f05a6916a3834633795a8072c2c561f9baec50d854ee255d249b77512e9613c1,0eaa88974d208f83f986d051f5745281dc5fda535971d7823bdd0955912cfe6d
extra16,recheck,rowblock-reduce_max-17x1024-fp16-br4,reduce_max,17x1024,4x1024x1,fp16,0,2.164585743475398,2.165196270024011,2.1661357704652557,2.164585743475398,2.1641629770261432,2.162072592919026,2.1648674711174922,2.1643743602507706,0eaa88974d208f83f986d051f5745281dc5fda535971d7823bdd0955912cfe6d,0eaa88974d208f83f986d051f5745281dc5fda535971d7823bdd0955912cfe6d
extra16,baseline,independent-max-128x2048-bf16-br8,reduce_max,128x2048,8x2048x1,bf16,0,1.6693581615967608,1.671484380069365,1.6693581615967608,1.670940056987775,1.67264108245951,1.6672659078705747,1.6665345252154278,1.6637959274342686,25fcdecc1f2f0df72c81f6e713109abb6dee29684697657505775faaf67203e4,25fcdecc1f2f0df72c81f6e713109abb6dee29684697657505775faaf67203e4
extra16,hint8,independent-max-128x2048-bf16-br8,reduce_max,128x2048,8x2048x1,bf16,8,1.8247720534768694,1.824188532201621,1.824651242239302,1.822458503288464,1.8247720534768694,1.8259590313804641,1.826401506285302,1.8271861797699993,adc33627e32a4df239146a79b95d9437f9067a54d999daaf9ec01a49374bc5d9,25fcdecc1f2f0df72c81f6e713109abb6dee29684697657505775faaf67203e4
extra16,recheck,independent-max-128x2048-bf16-br8,reduce_max,128x2048,8x2048x1,bf16,0,1.6681924073592476,1.6604011646215466,1.6669866313105044,1.6682110662045686,1.6678399625031843,1.6681924073592476,1.6686190729555876,1.670604097670403,25fcdecc1f2f0df72c81f6e713109abb6dee29684697657505775faaf67203e4,25fcdecc1f2f0df72c81f6e713109abb6dee29684697657505775faaf67203e4
extra16,baseline,independent-max-17x4096-fp32-br4,reduce_max,17x4096,4x4096x1,fp32,0,2.3246552483668244,2.3251059236036826,2.3224018721825335,2.324530081527449,2.320349024094113,2.3246552483668244,2.3247804152062,2.32578193645897,d261ed3476ea29c5a97c19c957023dce9954b203e77b4d6687764e11377aa148,d261ed3476ea29c5a97c19c957023dce9954b203e77b4d6687764e11377aa148
extra16,hint8,independent-max-17x4096-fp32-br4,reduce_max,17x4096,4x4096x1,fp32,8,2.268555682638417,2.268555682638417,2.2653896681928405,2.268209411326238,2.2695698023994186,2.269050487573596,2.2696934575619907,2.26635439960277,57b70b7ba9434196945d3d4001538c31beb80f7cc190755ed306ddc04d53d959,d261ed3476ea29c5a97c19c957023dce9954b203e77b4d6687764e11377aa148
extra16,recheck,independent-max-17x4096-fp32-br4,reduce_max,17x4096,4x4096x1,fp32,0,2.3246288530474426,2.3304554567498674,2.3259923533146374,2.324207296671648,2.324777561584916,2.3246039143486117,2.3246288530474426,2.321678327879086,d261ed3476ea29c5a97c19c957023dce9954b203e77b4d6687764e11377aa148,d261ed3476ea29c5a97c19c957023dce9954b203e77b4d6687764e11377aa148
extra16,baseline,independent-scan-17x256-bf16-br8,scan,17x256,8x256x1,bf16,0,1.788791383488727,1.7880585484163443,1.7890487464299747,1.7887516870258855,1.7876623216403984,1.789405276743079,1.788791383488727,1.7894449732059206,8693abb7a9a97fbc0ddf482b7e8293dc4cd2d34ec85927d68184b48709684466,8693abb7a9a97fbc0ddf482b7e8293dc4cd2d34ec85927d68184b48709684466
extra16,hint8,independent-scan-17x256-bf16-br8,scan,17x256,8x256x1,bf16,8,2.0452567258495495,2.0440631702633723,2.0452567258495495,2.046429374710426,2.0452567258495495,2.0446704014191113,2.043078993970875,2.04527763257485,d410aa7454be84ee0eb267ead60e822cedf952a590d9e469e97f12b1b82fa7a9,8693abb7a9a97fbc0ddf482b7e8293dc4cd2d34ec85927d68184b48709684466
extra16,recheck,independent-scan-17x256-bf16-br8,scan,17x256,8x256x1,bf16,0,1.7877690241887019,1.786553686791724,1.7868238176618303,1.7865085811405392,1.7888042743389423,1.7892992627489699,1.7905597057971325,1.7877690241887019,8693abb7a9a97fbc0ddf482b7e8293dc4cd2d34ec85927d68184b48709684466,8693abb7a9a97fbc0ddf482b7e8293dc4cd2d34ec85927d68184b48709684466
extra16,baseline,independent-scan-65x512-fp16-br4,scan,65x512,4x512x1,fp16,0,1.7492758647332924,1.7482786142870728,1.7458816414022267,1.7486429393068235,1.7501962497439725,1.7492758647332924,1.7497552021612388,1.7523823427350333,299fb5d078c3d31e616ae0dd4989e25c631989a58c7ae1cb38a6984e7f350192,299fb5d078c3d31e616ae0dd4989e25c631989a58c7ae1cb38a6984e7f350192
extra16,hint8,independent-scan-65x512-fp16-br4,scan,65x512,4x512x1,fp16,8,1.8531961289663164,1.8532571338471913,1.8529929811992343,1.8517333742172,1.8531961289663164,1.8537244342622303,1.8531961289663164,1.8530539860801092,05de3e0b1e0e4dc311b0a845a64f2a31a18539e02162739cf9570a8947bde327,299fb5d078c3d31e616ae0dd4989e25c631989a58c7ae1cb38a6984e7f350192
extra16,recheck,independent-scan-65x512-fp16-br4,scan,65x512,4x512x1,fp16,0,1.743623557099081,1.743623557099081,1.7398527987548402,1.7428014998244574,1.7453391722567626,1.746393573221736,1.7433018709352504,1.7455536740820654,299fb5d078c3d31e616ae0dd4989e25c631989a58c7ae1cb38a6984e7f350192,299fb5d078c3d31e616ae0dd4989e25c631989a58c7ae1cb38a6984e7f350192
extra16,baseline,rowblock-scan-17x1024-fp16-br4,scan,17x1024,4x1024x1,fp16,0,2.6967155799437106,2.694155446599039,2.69746330346954,2.6967155799437106,2.6968017320954396,2.696916815939914,2.693551524301593,2.6954498719633295,eb485c2acaff1ad246b554fb0d6adee4e06cca3605f3f29d6ad2c5e94da25876,eb485c2acaff1ad246b554fb0d6adee4e06cca3605f3f29d6ad2c5e94da25876
extra16,hint8,rowblock-scan-17x1024-fp16-br4,scan,17x1024,4x1024x1,fp16,8,2.960806860440019,2.9611037434011265,2.9614376676255376,2.9576533773671025,2.9621795986009682,2.960806860440019,2.956206280252208,2.9602874534717505,6500c90911b68f5e850662c4dbf978c2fbab27ca48af0c2e9f8f59a12708a177,eb485c2acaff1ad246b554fb0d6adee4e06cca3605f3f29d6ad2c5e94da25876
extra16,recheck,rowblock-scan-17x1024-fp16-br4,scan,17x1024,4x1024x1,fp16,0,2.697962790812522,2.697962790812522,2.698225363706931,2.6967375230925037,2.6927991470380386,2.699304781748019,2.6988963591746793,2.695774828266894,eb485c2acaff1ad246b554fb0d6adee4e06cca3605f3f29d6ad2c5e94da25876,eb485c2acaff1ad246b554fb0d6adee4e06cca3605f3f29d6ad2c5e94da25876
extra16,baseline,independent-scan-128x2048-fp32-br8,scan,128x2048,8x2048x1,fp32,0,6.8534242856752625,6.856002274093094,6.853209275465745,6.8534242856752625,6.853997290551246,6.853281301218313,6.8525647783612875,6.853639295884779,27d6146415ff87fdb1077f05843cc1e0007524241e9607ff3205611eb148c09d,27d6146415ff87fdb1077f05843cc1e0007524241e9607ff3205611eb148c09d
extra16,hint8,independent-scan-128x2048-fp32-br8,scan,128x2048,8x2048x1,fp32,8,7.9696925993888605,7.969445259340348,7.975308202928113,7.967628355949156,7.967050613895539,7.970188510033392,7.9696925993888605,7.97027095671623,5f15e3497427ff44f52c5d861b457ca73151c6623c1c5ba316cbeb741d767ae4,27d6146415ff87fdb1077f05843cc1e0007524241e9607ff3205611eb148c09d
extra16,recheck,independent-scan-128x2048-fp32-br8,scan,128x2048,8x2048x1,fp32,0,6.858492569184639,6.858420036208462,6.855391381492077,6.858492569184639,6.864982390067946,6.856977973185795,6.858925080635179,6.8598626365124336,27d6146415ff87fdb1077f05843cc1e0007524241e9607ff3205611eb148c09d,27d6146415ff87fdb1077f05843cc1e0007524241e9607ff3205611eb148c09d
extra16,baseline,independent-scan-65x4096-bf16-br4,scan,65x4096,4x4096x1,bf16,0,10.701245017673658,10.701913418977156,10.697126803190812,10.698239699653957,10.69734988005265,10.703582763671875,10.701245017673658,10.702357914136803,badade35e5b3cf45af2ff43af96cef16d8b0a17da1026a00904d15dd364c5cf5,badade35e5b3cf45af2ff43af96cef16d8b0a17da1026a00904d15dd364c5cf5
extra16,hint8,independent-scan-65x4096-bf16-br4,scan,65x4096,4x4096x1,bf16,8,10.248715015167885,10.246862857899767,10.248715015167885,10.248823774621842,10.248496684622257,10.255032803149934,10.246209489538314,10.255578223695146,d24eda4ee1841b1372c493ce73687b1ed530f4ec3015033a6e8384d8daf3b4a4,badade35e5b3cf45af2ff43af96cef16d8b0a17da1026a00904d15dd364c5cf5
extra16,recheck,independent-scan-65x4096-bf16-br4,scan,65x4096,4x4096x1,bf16,0,10.697276617891045,10.695184687132476,10.694413544029318,10.697607224987399,10.699478477560064,10.699589226835517,10.69672615297379,10.697276617891045,badade35e5b3cf45af2ff43af96cef16d8b0a17da1026a00904d15dd364c5cf5,badade35e5b3cf45af2ff43af96cef16d8b0a17da1026a00904d15dd364c5cf5
