case,dtype,fast_math,stage,threads,programs,warps_per_program,lane,vector,coordinates,integer_extrema,unroll,sample,event_us,graph_host_us,median_us,over_initial,over_recheck,over_fresh_torch,registers,shared_bytes,local_bytes,max_threads
wide-layernorm-128x1024-bf16,bf16,True,initial,128,2,2,1,0,0,0,64,1,1.8770580907021799,1.878508064516129,1.8637832518546813,1.0,1.0110584785007406,1.0224417473092837,40,80,0,128
wide-layernorm-128x1024-bf16,bf16,True,initial,128,2,2,1,0,0,0,64,2,1.872743175875756,1.8740423387096774,1.8637832518546813,1.0,1.0110584785007406,1.0224417473092837,40,80,0,128
wide-layernorm-128x1024-bf16,bf16,True,initial,128,2,2,1,0,0,0,64,3,1.8664258526217552,1.8677540322580646,1.8637832518546813,1.0,1.0110584785007406,1.0224417473092837,40,80,0,128
wide-layernorm-128x1024-bf16,bf16,True,initial,128,2,2,1,0,0,0,64,4,1.8610994277461883,1.8624919354838707,1.8637832518546813,1.0,1.0110584785007406,1.0224417473092837,40,80,0,128
wide-layernorm-128x1024-bf16,bf16,True,initial,128,2,2,1,0,0,0,64,5,1.8629780123310704,1.864469758064516,1.8637832518546813,1.0,1.0110584785007406,1.0224417473092837,40,80,0,128
wide-layernorm-128x1024-bf16,bf16,True,initial,128,2,2,1,0,0,0,64,6,1.8637832518546813,1.865125,1.8637832518546813,1.0,1.0110584785007406,1.0224417473092837,40,80,0,128
wide-layernorm-128x1024-bf16,bf16,True,initial,128,2,2,1,0,0,0,64,7,1.8441909359347435,1.8460443548387098,1.8637832518546813,1.0,1.0110584785007406,1.0224417473092837,40,80,0,128
wide-layernorm-128x1024-bf16,bf16,True,candidates,128,2,2,4,0,1,0,64,1,2.29263881117178,2.294413625304136,2.284691061126635,1.2258351709369109,1.2393910428201682,1.2533450540859097,40,80,0,128
wide-layernorm-128x1024-bf16,bf16,True,candidates,128,2,2,4,0,1,0,64,2,2.2997644057819153,2.3015279805352797,2.284691061126635,1.2258351709369109,1.2393910428201682,1.2533450540859097,40,80,0,128
wide-layernorm-128x1024-bf16,bf16,True,candidates,128,2,2,4,0,1,0,64,3,2.294333056521822,2.2960924574209245,2.284691061126635,1.2258351709369109,1.2393910428201682,1.2533450540859097,40,80,0,128
wide-layernorm-128x1024-bf16,bf16,True,candidates,128,2,2,4,0,1,0,64,4,2.2845665033716354,2.2861678832116787,2.284691061126635,1.2258351709369109,1.2393910428201682,1.2533450540859097,40,80,0,128
wide-layernorm-128x1024-bf16,bf16,True,candidates,128,2,2,4,0,1,0,64,5,2.2820250425315542,2.283766423357664,2.284691061126635,1.2258351709369109,1.2393910428201682,1.2533450540859097,40,80,0,128
wide-layernorm-128x1024-bf16,bf16,True,candidates,128,2,2,4,0,1,0,64,6,2.284591377796628,2.286265206812652,2.284691061126635,1.2258351709369109,1.2393910428201682,1.2533450540859097,40,80,0,128
wide-layernorm-128x1024-bf16,bf16,True,candidates,128,2,2,4,0,1,0,64,7,2.284691061126635,2.2863333333333333,2.284691061126635,1.2258351709369109,1.2393910428201682,1.2533450540859097,40,80,0,128
wide-layernorm-128x1024-bf16,bf16,True,candidates,128,2,2,4,1,1,0,64,1,2.350363618151179,2.3523588390501318,2.3514444154925584,1.2616512210594217,1.2756031639629404,1.2899648789548865,40,80,0,128
wide-layernorm-128x1024-bf16,bf16,True,candidates,128,2,2,4,1,1,0,64,2,2.3527953618434614,2.3546306068601583,2.3514444154925584,1.2616512210594217,1.2756031639629404,1.2899648789548865,40,80,0,128
wide-layernorm-128x1024-bf16,bf16,True,candidates,128,2,2,4,1,1,0,64,3,2.3514444154925584,2.3531767810026385,2.3514444154925584,1.2616512210594217,1.2756031639629404,1.2899648789548865,40,80,0,128
wide-layernorm-128x1024-bf16,bf16,True,candidates,128,2,2,4,1,1,0,64,4,2.3492830221130854,2.350947229551451,2.3514444154925584,1.2616512210594217,1.2756031639629404,1.2899648789548865,40,80,0,128
wide-layernorm-128x1024-bf16,bf16,True,candidates,128,2,2,4,1,1,0,64,5,2.352065838735777,2.353905013192612,2.3514444154925584,1.2616512210594217,1.2756031639629404,1.2899648789548865,40,80,0,128
wide-layernorm-128x1024-bf16,bf16,True,candidates,128,2,2,4,1,1,0,64,6,2.344716859681625,2.346604221635884,2.3514444154925584,1.2616512210594217,1.2756031639629404,1.2899648789548865,40,80,0,128
wide-layernorm-128x1024-bf16,bf16,True,candidates,128,2,2,4,1,1,0,64,7,2.3516064646376154,2.3533825857519792,2.3514444154925584,1.2616512210594217,1.2756031639629404,1.2899648789548865,40,80,0,128
wide-layernorm-128x1024-bf16,bf16,True,candidates,32,1,1,1,0,0,0,64,1,1.8463041689832198,1.8487670979667283,1.8487269600746592,0.9919216508866902,1.0028907951374395,1.0141821059264968,78,0,0,32
wide-layernorm-128x1024-bf16,bf16,True,candidates,32,1,1,1,0,0,0,64,2,1.85167971908936,1.8538817005545287,1.8487269600746592,0.9919216508866902,1.0028907951374395,1.0141821059264968,78,0,0,32
wide-layernorm-128x1024-bf16,bf16,True,candidates,32,1,1,1,0,0,0,64,3,1.8498248313579453,1.8511608133086876,1.8487269600746592,0.9919216508866902,1.0028907951374395,1.0141821059264968,78,0,0,32
wide-layernorm-128x1024-bf16,bf16,True,candidates,32,1,1,1,0,0,0,64,4,1.846890969549662,1.8490628465804066,1.8487269600746592,0.9919216508866902,1.0028907951374395,1.0141821059264968,78,0,0,32
wide-layernorm-128x1024-bf16,bf16,True,candidates,32,1,1,1,0,0,0,64,5,1.970868771706403,2.0724288354898337,1.8487269600746592,0.9919216508866902,1.0028907951374395,1.0141821059264968,78,0,0,32
wide-layernorm-128x1024-bf16,bf16,True,candidates,32,1,1,1,0,0,0,64,6,1.8487269600746592,1.8514824399260628,1.8487269600746592,0.9919216508866902,1.0028907951374395,1.0141821059264968,78,0,0,32
wide-layernorm-128x1024-bf16,bf16,True,candidates,32,1,1,1,0,0,0,64,7,1.8483673490570125,1.9101866913123844,1.8487269600746592,0.9919216508866902,1.0028907951374395,1.0141821059264968,78,0,0,32
wide-layernorm-128x1024-bf16,bf16,True,candidates,32,1,1,4,0,1,0,64,1,2.256763164813702,2.258449519230769,2.260750807248629,1.212990193467464,1.226404019443533,1.2402118128779,79,0,0,32
wide-layernorm-128x1024-bf16,bf16,True,candidates,32,1,1,4,0,1,0,64,2,2.2502646079430213,2.2518197115384617,2.260750807248629,1.212990193467464,1.226404019443533,1.2402118128779,79,0,0,32
wide-layernorm-128x1024-bf16,bf16,True,candidates,32,1,1,4,0,1,0,64,3,2.2614645957946777,2.2628269230769233,2.260750807248629,1.212990193467464,1.226404019443533,1.2402118128779,79,0,0,32
wide-layernorm-128x1024-bf16,bf16,True,candidates,32,1,1,4,0,1,0,64,4,2.2631876285259542,2.2652764423076923,2.260750807248629,1.212990193467464,1.226404019443533,1.2402118128779,79,0,0,32
wide-layernorm-128x1024-bf16,bf16,True,candidates,32,1,1,4,0,1,0,64,5,2.2595445926372824,2.2605817307692306,2.260750807248629,1.212990193467464,1.226404019443533,1.2402118128779,79,0,0,32
wide-layernorm-128x1024-bf16,bf16,True,candidates,32,1,1,4,0,1,0,64,6,2.260750807248629,2.2636153846153846,2.260750807248629,1.212990193467464,1.226404019443533,1.2402118128779,79,0,0,32
wide-layernorm-128x1024-bf16,bf16,True,candidates,32,1,1,4,0,1,0,64,7,2.262867780832144,2.2649110576923075,2.260750807248629,1.212990193467464,1.226404019443533,1.2402118128779,79,0,0,32
wide-layernorm-128x1024-bf16,bf16,True,candidates,32,1,1,4,1,1,0,64,1,2.3949874994408993,2.3972977099236643,2.3948572367505565,1.2849440697395444,1.2991535961094132,1.313780459859202,78,0,0,32
wide-layernorm-128x1024-bf16,bf16,True,candidates,32,1,1,4,1,1,0,64,2,2.394492462391162,2.3982315521628497,2.3948572367505565,1.2849440697395444,1.2991535961094132,1.313780459859202,78,0,0,32
wide-layernorm-128x1024-bf16,bf16,True,candidates,32,1,1,4,1,1,0,64,3,2.3950135131525325,2.39724427480916,2.3948572367505565,1.2849440697395444,1.2991535961094132,1.313780459859202,78,0,0,32
wide-layernorm-128x1024-bf16,bf16,True,candidates,32,1,1,4,1,1,0,64,4,2.394805015195114,2.396994910941476,2.3948572367505565,1.2849440697395444,1.2991535961094132,1.313780459859202,78,0,0,32
wide-layernorm-128x1024-bf16,bf16,True,candidates,32,1,1,4,1,1,0,64,5,2.3938931763627145,2.395824427480916,2.3948572367505565,1.2849440697395444,1.2991535961094132,1.313780459859202,78,0,0,32
wide-layernorm-128x1024-bf16,bf16,True,candidates,32,1,1,4,1,1,0,64,6,2.3949352778854562,2.3968753180661575,2.3948572367505565,1.2849440697395444,1.2991535961094132,1.313780459859202,78,0,0,32
wide-layernorm-128x1024-bf16,bf16,True,candidates,32,1,1,4,1,1,0,64,7,2.3948572367505565,2.3968066157760815,2.3948572367505565,1.2849440697395444,1.2991535961094132,1.313780459859202,78,0,0,32
wide-layernorm-128x1024-bf16,bf16,True,candidates,64,2,1,1,0,0,0,64,1,3.153069581700322,3.1557508305647843,3.153035363485647,1.691739294442103,1.710447357058549,1.7297048802011588,48,0,0,64
wide-layernorm-128x1024-bf16,bf16,True,candidates,64,2,1,1,0,0,0,64,2,3.154226157356338,3.157016611295681,3.153035363485647,1.691739294442103,1.710447357058549,1.7297048802011588,48,0,0,64
wide-layernorm-128x1024-bf16,bf16,True,candidates,64,2,1,1,0,0,0,64,3,3.15092625412038,3.154056478405316,3.153035363485647,1.691739294442103,1.710447357058549,1.7297048802011588,48,0,0,64
wide-layernorm-128x1024-bf16,bf16,True,candidates,64,2,1,1,0,0,0,64,4,3.153035363485647,3.1556411960132893,3.153035363485647,1.691739294442103,1.710447357058549,1.7297048802011588,48,0,0,64
wide-layernorm-128x1024-bf16,bf16,True,candidates,64,2,1,1,0,0,0,64,5,3.1515386334289346,3.1538372093023255,3.153035363485647,1.691739294442103,1.710447357058549,1.7297048802011588,48,0,0,64
wide-layernorm-128x1024-bf16,bf16,True,candidates,64,2,1,1,0,0,0,64,6,3.1525933148456966,3.154581395348837,3.153035363485647,1.691739294442103,1.710447357058549,1.7297048802011588,48,0,0,64
wide-layernorm-128x1024-bf16,bf16,True,candidates,64,2,1,1,0,0,0,64,7,3.1571179766987645,3.1593089700996684,3.153035363485647,1.691739294442103,1.710447357058549,1.7297048802011588,48,0,0,64
wide-layernorm-128x1024-bf16,bf16,True,candidates,64,2,1,4,0,1,0,64,1,3.9627536726586614,3.9669917695473256,3.217256334092882,1.7261966115916847,1.7452857197090224,1.764935479755167,48,0,0,64
wide-layernorm-128x1024-bf16,bf16,True,candidates,64,2,1,4,0,1,0,64,2,3.3297698095502186,3.3432592592592596,3.217256334092882,1.7261966115916847,1.7452857197090224,1.764935479755167,48,0,0,64
wide-layernorm-128x1024-bf16,bf16,True,candidates,64,2,1,4,0,1,0,64,3,3.2105980390383873,3.214082304526749,3.217256334092882,1.7261966115916847,1.7452857197090224,1.764935479755167,48,0,0,64
wide-layernorm-128x1024-bf16,bf16,True,candidates,64,2,1,4,0,1,0,64,4,3.2097132804462447,3.2136008230452675,3.217256334092882,1.7261966115916847,1.7452857197090224,1.764935479755167,48,0,0,64
wide-layernorm-128x1024-bf16,bf16,True,candidates,64,2,1,4,0,1,0,64,5,3.2090812651708784,3.2125020576131686,3.217256334092882,1.7261966115916847,1.7452857197090224,1.764935479755167,48,0,0,64
wide-layernorm-128x1024-bf16,bf16,True,candidates,64,2,1,4,0,1,0,64,6,3.2178883493682484,3.2213456790123454,3.217256334092882,1.7261966115916847,1.7452857197090224,1.764935479755167,48,0,0,64
wide-layernorm-128x1024-bf16,bf16,True,candidates,64,2,1,4,0,1,0,64,7,3.217256334092882,3.2674650205761315,3.217256334092882,1.7261966115916847,1.7452857197090224,1.764935479755167,48,0,0,64
wide-layernorm-128x1024-bf16,bf16,True,candidates,64,2,1,4,1,1,0,64,1,2.619192231961382,2.620582655826558,2.619830495942899,1.405651914371407,1.421196285846008,1.437197199438541,48,0,0,64
wide-layernorm-128x1024-bf16,bf16,True,candidates,64,2,1,4,1,1,0,64,2,2.620135671724149,2.621509485094851,2.619830495942899,1.405651914371407,1.421196285846008,1.437197199438541,48,0,0,64
wide-layernorm-128x1024-bf16,bf16,True,candidates,64,2,1,4,1,1,0,64,3,2.6211347295662897,2.6223685636856366,2.619830495942899,1.405651914371407,1.421196285846008,1.437197199438541,48,0,0,64
wide-layernorm-128x1024-bf16,bf16,True,candidates,64,2,1,4,1,1,0,64,4,2.6192199376217395,2.6202926829268294,2.619830495942899,1.405651914371407,1.421196285846008,1.437197199438541,48,0,0,64
wide-layernorm-128x1024-bf16,bf16,True,candidates,64,2,1,4,1,1,0,64,5,2.619830495942899,2.6211842818428184,2.619830495942899,1.405651914371407,1.421196285846008,1.437197199438541,48,0,0,64
wide-layernorm-128x1024-bf16,bf16,True,candidates,64,2,1,4,1,1,0,64,6,2.6198027902825416,2.6215880758807586,2.619830495942899,1.405651914371407,1.421196285846008,1.437197199438541,48,0,0,64
wide-layernorm-128x1024-bf16,bf16,True,candidates,64,2,1,4,1,1,0,64,7,2.619858201603256,2.6211355013550133,2.619830495942899,1.405651914371407,1.421196285846008,1.437197199438541,48,0,0,64
wide-layernorm-128x1024-bf16,bf16,True,candidates,128,4,1,1,0,0,0,64,1,3.1881675592632996,3.190725752508361,3.1888866105605924,1.710975032846378,1.7298958134624134,1.74937230218601,48,0,0,128
wide-layernorm-128x1024-bf16,bf16,True,candidates,128,4,1,1,0,0,0,64,2,3.1909758909091503,3.192314381270903,3.1888866105605924,1.710975032846378,1.7298958134624134,1.74937230218601,48,0,0,128
wide-layernorm-128x1024-bf16,bf16,True,candidates,128,4,1,1,0,0,0,64,3,3.1888866105605924,3.190321070234114,3.1888866105605924,1.710975032846378,1.7298958134624134,1.74937230218601,48,0,0,128
wide-layernorm-128x1024-bf16,bf16,True,candidates,128,4,1,1,0,0,0,64,4,3.185838680203543,3.188010033444816,3.1888866105605924,1.710975032846378,1.7298958134624134,1.74937230218601,48,0,0,128
wide-layernorm-128x1024-bf16,bf16,True,candidates,128,4,1,1,0,0,0,64,5,3.188441349909856,3.190361204013378,3.1888866105605924,1.710975032846378,1.7298958134624134,1.74937230218601,48,0,0,128
wide-layernorm-128x1024-bf16,bf16,True,candidates,128,4,1,1,0,0,0,64,6,3.189126464435488,3.19099331103679,3.1888866105605924,1.710975032846378,1.7298958134624134,1.74937230218601,48,0,0,128
wide-layernorm-128x1024-bf16,bf16,True,candidates,128,4,1,1,0,0,0,64,7,3.1894347021810985,3.1917525083612044,3.1888866105605924,1.710975032846378,1.7298958134624134,1.74937230218601,48,0,0,128
wide-layernorm-128x1024-bf16,bf16,True,candidates,128,4,1,4,0,1,0,64,1,3.2877365423708547,3.2887244897959182,3.2967576526460194,1.7688524936391405,1.7884133109110303,1.8085486343287867,48,0,0,128
wide-layernorm-128x1024-bf16,bf16,True,candidates,128,4,1,4,0,1,0,64,2,3.2892691683607036,3.2903571428571428,3.2967576526460194,1.7688524936391405,1.7884133109110303,1.8085486343287867,48,0,0,128
wide-layernorm-128x1024-bf16,bf16,True,candidates,128,4,1,4,0,1,0,64,3,3.2965137196235914,3.298238095238095,3.2967576526460194,1.7688524936391405,1.7884133109110303,1.8085486343287867,48,0,0,128
wide-layernorm-128x1024-bf16,bf16,True,candidates,128,4,1,4,0,1,0,64,4,3.2984989192210086,3.2997823129251698,3.2967576526460194,1.7688524936391405,1.7884133109110303,1.8085486343287867,48,0,0,128
wide-layernorm-128x1024-bf16,bf16,True,candidates,128,4,1,4,0,1,0,64,5,3.2967576526460194,3.2983639455782314,3.2967576526460194,1.7688524936391405,1.7884133109110303,1.8085486343287867,48,0,0,128
wide-layernorm-128x1024-bf16,bf16,True,candidates,128,4,1,4,0,1,0,64,6,3.297210226253587,3.298789115646258,3.2967576526460194,1.7688524936391405,1.7884133109110303,1.8085486343287867,48,0,0,128
wide-layernorm-128x1024-bf16,bf16,True,candidates,128,4,1,4,0,1,0,64,7,3.296896746369446,3.2985136054421766,3.2967576526460194,1.7688524936391405,1.7884133109110303,1.8085486343287867,48,0,0,128
wide-layernorm-128x1024-bf16,bf16,True,candidates,128,4,1,4,1,1,0,64,1,2.839130401611328,2.8401970588235295,2.838859333711512,1.5231703208441842,1.5400142670902057,1.5573529242935702,48,0,0,128
wide-layernorm-128x1024-bf16,bf16,True,candidates,128,4,1,4,1,1,0,64,2,2.8382267671472885,2.840529411764706,2.838859333711512,1.5231703208441842,1.5400142670902057,1.5573529242935702,48,0,0,128
wide-layernorm-128x1024-bf16,bf16,True,candidates,128,4,1,4,1,1,0,64,3,2.838859333711512,2.840526470588235,2.838859333711512,1.5231703208441842,1.5400142670902057,1.5573529242935702,48,0,0,128
wide-layernorm-128x1024-bf16,bf16,True,candidates,128,4,1,4,1,1,0,64,4,2.8382871291216683,2.8393705882352944,2.838859333711512,1.5231703208441842,1.5400142670902057,1.5573529242935702,48,0,0,128
wide-layernorm-128x1024-bf16,bf16,True,candidates,128,4,1,4,1,1,0,64,5,2.839762743781595,2.8411411764705883,2.838859333711512,1.5231703208441842,1.5400142670902057,1.5573529242935702,48,0,0,128
wide-layernorm-128x1024-bf16,bf16,True,candidates,128,4,1,4,1,1,0,64,6,2.839130401611328,2.839926470588235,2.838859333711512,1.5231703208441842,1.5400142670902057,1.5573529242935702,48,0,0,128
wide-layernorm-128x1024-bf16,bf16,True,candidates,128,4,1,4,1,1,0,64,7,2.8387388341567097,2.839576470588235,2.838859333711512,1.5231703208441842,1.5400142670902057,1.5573529242935702,48,0,0,128
wide-layernorm-128x1024-bf16,bf16,True,torch,,,,,,,,,1,1.822874757177629,1.8247796976241901,1.822874757177629,,,,not_queried,not_queried,not_queried,not_queried
wide-layernorm-128x1024-bf16,bf16,True,torch,,,,,,,,,2,1.8220564510600872,1.8238142548596115,1.822874757177629,,,,not_queried,not_queried,not_queried,not_queried
wide-layernorm-128x1024-bf16,bf16,True,torch,,,,,,,,,3,1.8207294637132154,1.8222807775377972,1.822874757177629,,,,not_queried,not_queried,not_queried,not_queried
wide-layernorm-128x1024-bf16,bf16,True,torch,,,,,,,,,4,1.819667939748414,1.821473002159827,1.822874757177629,,,,not_queried,not_queried,not_queried,not_queried
wide-layernorm-128x1024-bf16,bf16,True,torch,,,,,,,,,5,1.8278068394176903,1.829583153347732,1.822874757177629,,,,not_queried,not_queried,not_queried,not_queried
wide-layernorm-128x1024-bf16,bf16,True,torch,,,,,,,,,6,1.8273202389414316,1.8288228941684666,1.822874757177629,,,,not_queried,not_queried,not_queried,not_queried
wide-layernorm-128x1024-bf16,bf16,True,torch,,,,,,,,,7,1.8267894769590307,1.8283930885529158,1.822874757177629,,,,not_queried,not_queried,not_queried,not_queried
wide-layernorm-128x1024-bf16,bf16,True,recheck,128,2,2,1,0,0,0,64,1,1.845636275566293,1.8467427466150872,1.8433980738863032,0.989062473896526,1.0,1.0112587640088069,40,80,0,128
wide-layernorm-128x1024-bf16,bf16,True,recheck,128,2,2,1,0,0,0,64,2,1.8444874392717905,1.8455338491295938,1.8433980738863032,0.989062473896526,1.0,1.0112587640088069,40,80,0,128
wide-layernorm-128x1024-bf16,bf16,True,recheck,128,2,2,1,0,0,0,64,3,1.8433980738863032,1.8444042553191489,1.8433980738863032,0.989062473896526,1.0,1.0112587640088069,40,80,0,128
wide-layernorm-128x1024-bf16,bf16,True,recheck,128,2,2,1,0,0,0,64,4,1.8424671992111943,1.843531914893617,1.8433980738863032,0.989062473896526,1.0,1.0112587640088069,40,80,0,128
wide-layernorm-128x1024-bf16,bf16,True,recheck,128,2,2,1,0,0,0,64,5,1.8421304433442638,1.8432882011605416,1.8433980738863032,0.989062473896526,1.0,1.0112587640088069,40,80,0,128
wide-layernorm-128x1024-bf16,bf16,True,recheck,128,2,2,1,0,0,0,64,6,1.8411400977601395,1.842036750483559,1.8433980738863032,0.989062473896526,1.0,1.0112587640088069,40,80,0,128
wide-layernorm-128x1024-bf16,bf16,True,recheck,128,2,2,1,0,0,0,64,7,1.8449032929234164,1.8459013539651836,1.8433980738863032,0.989062473896526,1.0,1.0112587640088069,40,80,0,128
wide-rmsnorm-32x4096-fp16,fp16,True,initial,256,1,8,1,0,0,0,64,1,1.6052064380130253,1.606197635135135,1.5995502471923828,1.0,1.0032326562016451,1.0674955544555809,39,32,0,256
wide-rmsnorm-32x4096-fp16,fp16,True,initial,256,1,8,1,0,0,0,64,2,1.6056042748528558,1.6066655405405403,1.5995502471923828,1.0,1.0032326562016451,1.0674955544555809,39,32,0,256
wide-rmsnorm-32x4096-fp16,fp16,True,initial,256,1,8,1,0,0,0,64,3,1.6021276164699245,1.6031942567567565,1.5995502471923828,1.0,1.0032326562016451,1.0674955544555809,39,32,0,256
wide-rmsnorm-32x4096-fp16,fp16,True,initial,256,1,8,1,0,0,0,64,4,1.5995502471923828,1.6006368243243243,1.5995502471923828,1.0,1.0032326562016451,1.0674955544555809,39,32,0,256
wide-rmsnorm-32x4096-fp16,fp16,True,initial,256,1,8,1,0,0,0,64,5,1.5982357231346336,1.5995084459459459,1.5995502471923828,1.0,1.0032326562016451,1.0674955544555809,39,32,0,256
wide-rmsnorm-32x4096-fp16,fp16,True,initial,256,1,8,1,0,0,0,64,6,1.5958487020956504,1.596927364864865,1.5995502471923828,1.0,1.0032326562016451,1.0674955544555809,39,32,0,256
wide-rmsnorm-32x4096-fp16,fp16,True,initial,256,1,8,1,0,0,0,64,7,1.5973535743919578,1.598552364864865,1.5995502471923828,1.0,1.0032326562016451,1.0674955544555809,39,32,0,256
wide-rmsnorm-32x4096-fp16,fp16,True,candidates,256,1,8,4,0,1,0,64,1,2.389842740338833,2.391507462686567,2.389307923577911,1.4937373350863805,1.4985660743462763,1.5945579647290375,39,32,0,256
wide-rmsnorm-32x4096-fp16,fp16,True,candidates,256,1,8,4,0,1,0,64,2,2.3892568711617694,2.3900024875621892,2.389307923577911,1.4937373350863805,1.4985660743462763,1.5945579647290375,39,32,0,256
wide-rmsnorm-32x4096-fp16,fp16,True,candidates,256,1,8,4,0,1,0,64,3,2.388976747123756,2.389808457711443,2.389307923577911,1.4937373350863805,1.4985660743462763,1.5945579647290375,39,32,0,256
wide-rmsnorm-32x4096-fp16,fp16,True,candidates,256,1,8,4,0,1,0,64,4,2.3897664463935206,2.3912437810945275,2.389307923577911,1.4937373350863805,1.4985660743462763,1.5945579647290375,39,32,0,256
wide-rmsnorm-32x4096-fp16,fp16,True,candidates,256,1,8,4,0,1,0,64,5,2.389307923577911,2.3905199004975124,2.389307923577911,1.4937373350863805,1.4985660743462763,1.5945579647290375,39,32,0,256
wide-rmsnorm-32x4096-fp16,fp16,True,candidates,256,1,8,4,0,1,0,64,6,2.389180577216457,2.3902885572139305,2.389307923577911,1.4937373350863805,1.4985660743462763,1.5945579647290375,39,32,0,256
wide-rmsnorm-32x4096-fp16,fp16,True,candidates,256,1,8,4,0,1,0,64,7,2.3905559558773515,2.3919601990049753,2.389307923577911,1.4937373350863805,1.4985660743462763,1.5945579647290375,39,32,0,256
wide-rmsnorm-32x4096-fp16,fp16,True,candidates,256,1,8,4,1,1,0,64,1,1.6015884529831064,1.6028410256410255,1.6020610841930423,1.001569714365064,1.004807444913586,1.0691712175620518,40,32,0,256
wide-rmsnorm-32x4096-fp16,fp16,True,candidates,256,1,8,4,1,1,0,64,2,1.601430909246461,1.6021128205128206,1.6020610841930423,1.001569714365064,1.004807444913586,1.0691712175620518,40,32,0,256
wide-rmsnorm-32x4096-fp16,fp16,True,candidates,256,1,8,4,1,1,0,64,3,1.6020610841930423,1.603254700854701,1.6020610841930423,1.001569714365064,1.004807444913586,1.0691712175620518,40,32,0,256
wide-rmsnorm-32x4096-fp16,fp16,True,candidates,256,1,8,4,1,1,0,64,4,1.6024636814736912,1.6038478632478634,1.6020610841930423,1.001569714365064,1.004807444913586,1.0691712175620518,40,32,0,256
wide-rmsnorm-32x4096-fp16,fp16,True,candidates,256,1,8,4,1,1,0,64,5,1.602201152051616,1.6031931623931623,1.6020610841930423,1.001569714365064,1.004807444913586,1.0691712175620518,40,32,0,256
wide-rmsnorm-32x4096-fp16,fp16,True,candidates,256,1,8,4,1,1,0,64,6,1.602201152051616,1.6029846153846155,1.6020610841930423,1.001569714365064,1.004807444913586,1.0691712175620518,40,32,0,256
wide-rmsnorm-32x4096-fp16,fp16,True,candidates,256,1,8,4,1,1,0,64,7,1.6007133549095218,1.6016273504273504,1.6020610841930423,1.001569714365064,1.004807444913586,1.0691712175620518,40,32,0,256
wide-rmsnorm-32x4096-fp16,fp16,True,candidates,128,1,4,1,0,0,0,64,1,1.7006417271081238,1.7014181494661922,1.7006417271081238,1.06319994016642,1.0666369000465876,1.134961209625093,48,16,0,128
wide-rmsnorm-32x4096-fp16,fp16,True,candidates,128,1,4,1,0,0,0,64,2,1.6989836234639124,1.6995658362989325,1.7006417271081238,1.06319994016642,1.0666369000465876,1.134961209625093,48,16,0,128
wide-rmsnorm-32x4096-fp16,fp16,True,candidates,128,1,4,1,0,0,0,64,3,1.6992387058896101,1.700282918149466,1.7006417271081238,1.06319994016642,1.0666369000465876,1.134961209625093,48,16,0,128
wide-rmsnorm-32x4096-fp16,fp16,True,candidates,128,1,4,1,0,0,0,64,4,1.700678109274216,1.7017348754448398,1.7006417271081238,1.06319994016642,1.0666369000465876,1.134961209625093,48,16,0,128
wide-rmsnorm-32x4096-fp16,fp16,True,candidates,128,1,4,1,0,0,0,64,5,1.700987900703403,1.7018434163701068,1.7006417271081238,1.06319994016642,1.0666369000465876,1.134961209625093,48,16,0,128
wide-rmsnorm-32x4096-fp16,fp16,True,candidates,128,1,4,1,0,0,0,64,6,1.6998946709140763,1.7007330960854092,1.7006417271081238,1.06319994016642,1.0666369000465876,1.134961209625093,48,16,0,128
wide-rmsnorm-32x4096-fp16,fp16,True,candidates,128,1,4,1,0,0,0,64,7,1.7007875272811943,1.7016245551601423,1.7006417271081238,1.06319994016642,1.0666369000465876,1.134961209625093,48,16,0,128
wide-rmsnorm-32x4096-fp16,fp16,True,candidates,128,1,4,4,0,1,0,64,1,2.206542651592722,2.207258660508083,2.206116956045666,1.3792107874810196,1.383669301786546,1.4723013842931694,48,16,0,128
wide-rmsnorm-32x4096-fp16,fp16,True,candidates,128,1,4,4,0,1,0,64,2,2.206116956045666,2.2067782909930718,2.206116956045666,1.3792107874810196,1.383669301786546,1.4723013842931694,48,16,0,128
wide-rmsnorm-32x4096-fp16,fp16,True,candidates,128,1,4,4,0,1,0,64,3,2.2057384816934,2.206637413394919,2.206116956045666,1.3792107874810196,1.383669301786546,1.4723013842931694,48,16,0,128
wide-rmsnorm-32x4096-fp16,fp16,True,candidates,128,1,4,4,0,1,0,64,4,2.205667649901216,2.206801385681293,2.206116956045666,1.3792107874810196,1.383669301786546,1.4723013842931694,48,16,0,128
wide-rmsnorm-32x4096-fp16,fp16,True,candidates,128,1,4,4,0,1,0,64,5,2.205502023322478,2.2068198614318706,2.206116956045666,1.3792107874810196,1.383669301786546,1.4723013842931694,48,16,0,128
wide-rmsnorm-32x4096-fp16,fp16,True,candidates,128,1,4,4,0,1,0,64,6,2.2062115746337327,2.2072655889145496,2.206116956045666,1.3792107874810196,1.383669301786546,1.4723013842931694,48,16,0,128
wide-rmsnorm-32x4096-fp16,fp16,True,candidates,128,1,4,4,0,1,0,64,7,2.2086237319347215,2.2099676674364894,2.206116956045666,1.3792107874810196,1.383669301786546,1.4723013842931694,48,16,0,128
wide-rmsnorm-32x4096-fp16,fp16,True,candidates,128,1,4,4,1,1,0,64,1,1.742089448151765,1.7430981481481482,1.7426394709834345,1.0894559105237298,1.0929777469293034,1.1629893412594388,48,16,0,128
wide-rmsnorm-32x4096-fp16,fp16,True,candidates,128,1,4,4,1,1,0,64,2,1.7426394709834345,1.7435759259259258,1.7426394709834345,1.0894559105237298,1.0929777469293034,1.1629893412594388,48,16,0,128
wide-rmsnorm-32x4096-fp16,fp16,True,candidates,128,1,4,4,1,1,0,64,3,1.7450666074399594,1.7461481481481482,1.7426394709834345,1.0894559105237298,1.0929777469293034,1.1629893412594388,48,16,0,128
wide-rmsnorm-32x4096-fp16,fp16,True,candidates,128,1,4,4,1,1,0,64,4,1.743663363986545,1.7445611111111112,1.7426394709834345,1.0894559105237298,1.0929777469293034,1.1629893412594388,48,16,0,128
wide-rmsnorm-32x4096-fp16,fp16,True,candidates,128,1,4,4,1,1,0,64,5,1.741311956334997,1.7423351851851854,1.7426394709834345,1.0894559105237298,1.0929777469293034,1.1629893412594388,48,16,0,128
wide-rmsnorm-32x4096-fp16,fp16,True,candidates,128,1,4,4,1,1,0,64,6,1.7438720420554832,1.7448518518518519,1.7426394709834345,1.0894559105237298,1.0929777469293034,1.1629893412594388,48,16,0,128
wide-rmsnorm-32x4096-fp16,fp16,True,candidates,128,1,4,4,1,1,0,64,7,1.7421083803530093,1.7431333333333332,1.7426394709834345,1.0894559105237298,1.0929777469293034,1.1629893412594388,48,16,0,128
wide-rmsnorm-32x4096-fp16,fp16,True,candidates,64,1,2,1,0,0,0,64,1,2.0661169850928154,2.0673525641025643,2.0658106681628103,1.2914947009566178,1.2956696593110568,1.3786648518741293,80,8,0,64
wide-rmsnorm-32x4096-fp16,fp16,True,candidates,64,1,2,1,0,0,0,64,2,2.0645415477263622,2.0658055555555555,2.0658106681628103,1.2914947009566178,1.2956696593110568,1.3786648518741293,80,8,0,64
wide-rmsnorm-32x4096-fp16,fp16,True,candidates,64,1,2,1,0,0,0,64,3,2.0670577807304187,2.068232905982906,2.0658106681628103,1.2914947009566178,1.2956696593110568,1.3786648518741293,80,8,0,64
wide-rmsnorm-32x4096-fp16,fp16,True,candidates,64,1,2,1,0,0,0,64,4,2.0658106681628103,2.066786324786325,2.0658106681628103,1.2914947009566178,1.2956696593110568,1.3786648518741293,80,8,0,64
wide-rmsnorm-32x4096-fp16,fp16,True,candidates,64,1,2,1,0,0,0,64,5,2.0659200554220085,2.066912393162393,2.0658106681628103,1.2914947009566178,1.2956696593110568,1.3786648518741293,80,8,0,64
wide-rmsnorm-32x4096-fp16,fp16,True,candidates,64,1,2,1,0,0,0,64,6,2.0657886602939706,2.066393162393162,2.0658106681628103,1.2914947009566178,1.2956696593110568,1.3786648518741293,80,8,0,64
wide-rmsnorm-32x4096-fp16,fp16,True,candidates,64,1,2,1,0,0,0,64,7,2.064760322244758,2.065551282051282,2.0658106681628103,1.2914947009566178,1.2956696593110568,1.3786648518741293,80,8,0,64
wide-rmsnorm-32x4096-fp16,fp16,True,candidates,64,1,2,4,0,1,0,64,1,2.315377866588353,2.3160531400966184,2.3155756042775324,1.4476416782417159,1.4523214060906438,1.545351055967648,80,8,0,64
wide-rmsnorm-32x4096-fp16,fp16,True,candidates,64,1,2,4,0,1,0,64,2,2.3159218755897117,2.3167173913043477,2.3155756042775324,1.4476416782417159,1.4523214060906438,1.545351055967648,80,8,0,64
wide-rmsnorm-32x4096-fp16,fp16,True,candidates,64,1,2,4,0,1,0,64,3,2.3155756042775324,2.316635265700483,2.3155756042775324,1.4476416782417159,1.4523214060906438,1.545351055967648,80,8,0,64
wide-rmsnorm-32x4096-fp16,fp16,True,candidates,64,1,2,4,0,1,0,64,4,2.313967902879208,2.3147560386473427,2.3155756042775324,1.4476416782417159,1.4523214060906438,1.545351055967648,80,8,0,64
wide-rmsnorm-32x4096-fp16,fp16,True,candidates,64,1,2,4,0,1,0,64,5,2.3159961424012114,2.31737922705314,2.3155756042775324,1.4476416782417159,1.4523214060906438,1.545351055967648,80,8,0,64
wide-rmsnorm-32x4096-fp16,fp16,True,candidates,64,1,2,4,0,1,0,64,6,2.3162681469018906,2.3174710144927535,2.3155756042775324,1.4476416782417159,1.4523214060906438,1.545351055967648,80,8,0,64
wide-rmsnorm-32x4096-fp16,fp16,True,candidates,64,1,2,4,0,1,0,64,7,2.3154519491149608,2.317132850241546,2.3155756042775324,1.4476416782417159,1.4523214060906438,1.545351055967648,80,8,0,64
wide-rmsnorm-32x4096-fp16,fp16,True,candidates,64,1,2,4,1,1,0,64,1,1.870520091478389,1.87150884086444,1.8707212436878378,1.1695295267975663,1.1733102136753757,1.2484675706609414,80,8,0,64
wide-rmsnorm-32x4096-fp16,fp16,True,candidates,64,1,2,4,1,1,0,64,2,1.8707212436878378,1.871662082514735,1.8707212436878378,1.1695295267975663,1.1733102136753757,1.2484675706609414,80,8,0,64
wide-rmsnorm-32x4096-fp16,fp16,True,candidates,64,1,2,4,1,1,0,64,3,1.870600582340143,1.8716267190569744,1.8707212436878378,1.1695295267975663,1.1733102136753757,1.2484675706609414,80,8,0,64
wide-rmsnorm-32x4096-fp16,fp16,True,candidates,64,1,2,4,1,1,0,64,4,1.8716869841390134,1.8726561886051083,1.8707212436878378,1.1695295267975663,1.1733102136753757,1.2484675706609414,80,8,0,64
wide-rmsnorm-32x4096-fp16,fp16,True,candidates,64,1,2,4,1,1,0,64,5,1.8708621401683756,1.8720098231827114,1.8707212436878378,1.1695295267975663,1.1733102136753757,1.2484675706609414,80,8,0,64
wide-rmsnorm-32x4096-fp16,fp16,True,candidates,64,1,2,4,1,1,0,64,6,1.8685082696041564,1.8695284872298625,1.8707212436878378,1.1695295267975663,1.1733102136753757,1.2484675706609414,80,8,0,64
wide-rmsnorm-32x4096-fp16,fp16,True,candidates,64,1,2,4,1,1,0,64,7,1.8750466157504757,1.8765834970530453,1.8707212436878378,1.1695295267975663,1.1733102136753757,1.2484675706609414,80,8,0,64
wide-rmsnorm-32x4096-fp16,fp16,True,torch,,,,,,,,,1,1.498042802637845,1.4992339373970347,1.4984139657688298,,,,not_queried,not_queried,not_queried,not_queried
wide-rmsnorm-32x4096-fp16,fp16,True,torch,,,,,,,,,2,1.4993081257802847,1.500517298187809,1.4984139657688298,,,,not_queried,not_queried,not_queried,not_queried
wide-rmsnorm-32x4096-fp16,fp16,True,torch,,,,,,,,,3,1.4984139657688298,1.499686985172982,1.4984139657688298,,,,not_queried,not_queried,not_queried,not_queried
wide-rmsnorm-32x4096-fp16,fp16,True,torch,,,,,,,,,4,1.4959509408061546,1.4971070840197693,1.4984139657688298,,,,not_queried,not_queried,not_queried,not_queried
wide-rmsnorm-32x4096-fp16,fp16,True,torch,,,,,,,,,5,1.4987513182387124,1.5000658978583197,1.4984139657688298,,,,not_queried,not_queried,not_queried,not_queried
wide-rmsnorm-32x4096-fp16,fp16,True,torch,,,,,,,,,6,1.4943989183403907,1.495850082372323,1.4984139657688298,,,,not_queried,not_queried,not_queried,not_queried
wide-rmsnorm-32x4096-fp16,fp16,True,torch,,,,,,,,,7,1.4984814614008444,1.5001070840197694,1.4984139657688298,,,,not_queried,not_queried,not_queried,not_queried
wide-rmsnorm-32x4096-fp16,fp16,True,recheck,256,1,8,1,0,0,0,64,1,1.5986188908213192,1.5995343642611684,1.5943961127107495,0.9967777601918538,1.0,1.0640558277849952,39,32,0,256
wide-rmsnorm-32x4096-fp16,fp16,True,recheck,256,1,8,1,0,0,0,64,2,1.5951703258396424,1.5961408934707904,1.5943961127107495,0.9967777601918538,1.0,1.0640558277849952,39,32,0,256
wide-rmsnorm-32x4096-fp16,fp16,True,recheck,256,1,8,1,0,0,0,64,3,1.5949767070127927,1.5958539518900343,1.5943961127107495,0.9967777601918538,1.0,1.0640558277849952,39,32,0,256
wide-rmsnorm-32x4096-fp16,fp16,True,recheck,256,1,8,1,0,0,0,64,4,1.5935516357421875,1.5943865979381444,1.5943961127107495,0.9967777601918538,1.0,1.0640558277849952,39,32,0,256
wide-rmsnorm-32x4096-fp16,fp16,True,recheck,256,1,8,1,0,0,0,64,5,1.5943961127107495,1.5952182130584192,1.5943961127107495,0.9967777601918538,1.0,1.0640558277849952,39,32,0,256
wide-rmsnorm-32x4096-fp16,fp16,True,recheck,256,1,8,1,0,0,0,64,6,1.5902438606183553,1.5911924398625428,1.5943961127107495,0.9967777601918538,1.0,1.0640558277849952,39,32,0,256
wide-rmsnorm-32x4096-fp16,fp16,True,recheck,256,1,8,1,0,0,0,64,7,1.59342841184426,1.5943453608247422,1.5943961127107495,0.9967777601918538,1.0,1.0640558277849952,39,32,0,256
