case,pair,stage,threads,programs,lane,vector,coordinates,unroll,fast_div_sqrt,source_rsqrt_observed,sample,event_us,graph_host_us,median_us,over_matched_initial,over_matched_recheck,over_fresh_torch,registers,shared_bytes,local_bytes,max_threads
wide-layernorm-128x1024-bf16,wide-layernorm-128x1024-bf16,initial,128,2,1,0,0,64,0,False,1,1.8728634667774988,1.8741488095238092,1.8619326939658514,1.0,1.0119034300231216,1.0613071881146987,40,80,0,128
wide-layernorm-128x1024-bf16,wide-layernorm-128x1024-bf16,initial,128,2,1,0,0,64,0,False,2,1.873513630458287,1.874890873015873,1.8619326939658514,1.0,1.0119034300231216,1.0613071881146987,40,80,0,128
wide-layernorm-128x1024-bf16,wide-layernorm-128x1024-bf16,initial,128,2,1,0,0,64,0,False,3,1.8523631020197793,1.8536785714285713,1.8619326939658514,1.0,1.0119034300231216,1.0613071881146987,40,80,0,128
wide-layernorm-128x1024-bf16,wide-layernorm-128x1024-bf16,initial,128,2,1,0,0,64,0,False,4,1.851184784419953,1.8525416666666665,1.8619326939658514,1.0,1.0119034300231216,1.0613071881146987,40,80,0,128
wide-layernorm-128x1024-bf16,wide-layernorm-128x1024-bf16,initial,128,2,1,0,0,64,0,False,5,1.8804825676812067,1.881890873015873,1.8619326939658514,1.0,1.0119034300231216,1.0613071881146987,40,80,0,128
wide-layernorm-128x1024-bf16,wide-layernorm-128x1024-bf16,initial,128,2,1,0,0,64,0,False,6,1.8619326939658514,1.8632301587301587,1.8619326939658514,1.0,1.0119034300231216,1.0613071881146987,40,80,0,128
wide-layernorm-128x1024-bf16,wide-layernorm-128x1024-bf16,initial,128,2,1,0,0,64,0,False,7,1.8454348851764013,1.846611111111111,1.8619326939658514,1.0,1.0119034300231216,1.0613071881146987,40,80,0,128
wide-layernorm-128x1024-bf16,wide-layernorm-128x1024-bf16,candidates,128,2,1,0,0,64,1,True,1,1.848914282662528,1.8509196428571428,1.8513143062591553,0.9942971151744056,1.0061326613070758,1.055254675456305,40,80,0,128
wide-layernorm-128x1024-bf16,wide-layernorm-128x1024-bf16,candidates,128,2,1,0,0,64,1,True,2,1.8498286179133825,1.8510491071428572,1.8513143062591553,0.9942971151744056,1.0061326613070758,1.055254675456305,40,80,0,128
wide-layernorm-128x1024-bf16,wide-layernorm-128x1024-bf16,candidates,128,2,1,0,0,64,1,True,3,1.8514742170061385,1.8527656250000002,1.8513143062591553,0.9942971151744056,1.0061326613070758,1.055254675456305,40,80,0,128
wide-layernorm-128x1024-bf16,wide-layernorm-128x1024-bf16,candidates,128,2,1,0,0,64,1,True,4,1.8513143062591553,1.8529218750000003,1.8513143062591553,0.9942971151744056,1.0061326613070758,1.055254675456305,40,80,0,128
wide-layernorm-128x1024-bf16,wide-layernorm-128x1024-bf16,candidates,128,2,1,0,0,64,1,True,5,1.8508114133562361,1.8524598214285715,1.8513143062591553,0.9942971151744056,1.0061326613070758,1.055254675456305,40,80,0,128
wide-layernorm-128x1024-bf16,wide-layernorm-128x1024-bf16,candidates,128,2,1,0,0,64,1,True,6,1.8582400253840856,1.8597968749999998,1.8513143062591553,0.9942971151744056,1.0061326613070758,1.055254675456305,40,80,0,128
wide-layernorm-128x1024-bf16,wide-layernorm-128x1024-bf16,candidates,128,2,1,0,0,64,1,True,7,1.851588487625122,1.8534776785714284,1.8513143062591553,0.9942971151744056,1.0061326613070758,1.055254675456305,40,80,0,128
wide-layernorm-128x1024-bf16,wide-layernorm-128x1024-bf16,recheck,128,2,1,0,0,64,0,False,1,1.8396962587313836,1.8420366598778004,1.8400300253190236,0.9882365948469513,1.0,1.0488226016690625,40,80,0,128
wide-layernorm-128x1024-bf16,wide-layernorm-128x1024-bf16,recheck,128,2,1,0,0,64,0,False,2,1.8403011718252769,1.8415560081466393,1.8400300253190236,0.9882365948469513,1.0,1.0488226016690625,40,80,0,128
wide-layernorm-128x1024-bf16,wide-layernorm-128x1024-bf16,recheck,128,2,1,0,0,64,0,False,3,1.8405513413811896,1.8419103869653768,1.8400300253190236,0.9882365948469513,1.0,1.0488226016690625,40,80,0,128
wide-layernorm-128x1024-bf16,wide-layernorm-128x1024-bf16,recheck,128,2,1,0,0,64,0,False,4,1.8398214988941572,1.8423319755600815,1.8400300253190236,0.9882365948469513,1.0,1.0488226016690625,40,80,0,128
wide-layernorm-128x1024-bf16,wide-layernorm-128x1024-bf16,recheck,128,2,1,0,0,64,0,False,5,1.8400300253190236,1.8414643584521384,1.8400300253190236,0.9882365948469513,1.0,1.0488226016690625,40,80,0,128
wide-layernorm-128x1024-bf16,wide-layernorm-128x1024-bf16,recheck,128,2,1,0,0,64,0,False,6,1.8399465836721136,1.842849287169043,1.8400300253190236,0.9882365948469513,1.0,1.0488226016690625,40,80,0,128
wide-layernorm-128x1024-bf16,wide-layernorm-128x1024-bf16,recheck,128,2,1,0,0,64,0,False,7,1.8404678997342796,2.0006293279022405,1.8400300253190236,0.9882365948469513,1.0,1.0488226016690625,40,80,0,128
wide-layernorm-128x1024-bf16,wide-layernorm-128x1024-bf16,torch,,,,,,,,,1,1.7524164514483356,1.755411405295316,1.7543767863038602,,,,not_queried,not_queried,not_queried,not_queried
wide-layernorm-128x1024-bf16,wide-layernorm-128x1024-bf16,torch,,,,,,,,,2,1.7501431715706943,1.7530794297352341,1.7543767863038602,,,,not_queried,not_queried,not_queried,not_queried
wide-layernorm-128x1024-bf16,wide-layernorm-128x1024-bf16,torch,,,,,,,,,3,1.7543767863038602,1.7572993890020365,1.7543767863038602,,,,not_queried,not_queried,not_queried,not_queried
wide-layernorm-128x1024-bf16,wide-layernorm-128x1024-bf16,torch,,,,,,,,,4,1.7552528459040064,1.7586904276985742,1.7543767863038602,,,,not_queried,not_queried,not_queried,not_queried
wide-layernorm-128x1024-bf16,wide-layernorm-128x1024-bf16,torch,,,,,,,,,5,1.7519993985986029,1.754969450101833,1.7543767863038602,,,,not_queried,not_queried,not_queried,not_queried
wide-layernorm-128x1024-bf16,wide-layernorm-128x1024-bf16,torch,,,,,,,,,6,1.7555238370254422,1.7587494908350307,1.7543767863038602,,,,not_queried,not_queried,not_queried,not_queried
wide-layernorm-128x1024-bf16,wide-layernorm-128x1024-bf16,torch,,,,,,,,,7,1.7551485826915734,1.758285132382892,1.7543767863038602,,,,not_queried,not_queried,not_queried,not_queried
wide-rmsnorm-32x4096-fp16,wide-rmsnorm-32x4096-fp16,initial,256,1,1,0,0,64,0,False,1,1.5953140522781952,1.596477508650519,1.5963061375601482,1.0,1.0025904820428861,0.9381083239682576,39,32,0,256
wide-rmsnorm-32x4096-fp16,wide-rmsnorm-32x4096-fp16,initial,256,1,1,0,0,64,0,False,2,1.6025246220888976,1.6036228373702424,1.5963061375601482,1.0,1.0025904820428861,0.9381083239682576,39,32,0,256
wide-rmsnorm-32x4096-fp16,wide-rmsnorm-32x4096-fp16,initial,256,1,1,0,0,64,0,False,3,1.5972451602711397,1.5983581314878892,1.5963061375601482,1.0,1.0025904820428861,0.9381083239682576,39,32,0,256
wide-rmsnorm-32x4096-fp16,wide-rmsnorm-32x4096-fp16,initial,256,1,1,0,0,64,0,False,4,1.5934361388526572,1.59489446366782,1.5963061375601482,1.0,1.0025904820428861,0.9381083239682576,39,32,0,256
wide-rmsnorm-32x4096-fp16,wide-rmsnorm-32x4096-fp16,initial,256,1,1,0,0,64,0,False,5,1.5972273407510407,1.598750865051903,1.5963061375601482,1.0,1.0025904820428861,0.9381083239682576,39,32,0,256
wide-rmsnorm-32x4096-fp16,wide-rmsnorm-32x4096-fp16,initial,256,1,1,0,0,64,0,False,6,1.5904775705304526,1.5916972318339102,1.5963061375601482,1.0,1.0025904820428861,0.9381083239682576,39,32,0,256
wide-rmsnorm-32x4096-fp16,wide-rmsnorm-32x4096-fp16,initial,256,1,1,0,0,64,0,False,7,1.5963061375601482,1.5973252595155711,1.5963061375601482,1.0,1.0025904820428861,0.9381083239682576,39,32,0,256
wide-rmsnorm-32x4096-fp16,wide-rmsnorm-32x4096-fp16,candidates,256,1,1,0,0,64,1,True,1,1.6037034352620443,1.6047349999999998,1.5958869934082032,0.9997374287161575,1.002327230572848,0.9378620036612498,39,32,0,256
wide-rmsnorm-32x4096-fp16,wide-rmsnorm-32x4096-fp16,candidates,256,1,1,0,0,64,1,True,2,1.6018260955810546,1.6028850000000001,1.5958869934082032,0.9997374287161575,1.002327230572848,0.9378620036612498,39,32,0,256
wide-rmsnorm-32x4096-fp16,wide-rmsnorm-32x4096-fp16,candidates,256,1,1,0,0,64,1,True,3,1.5967573801676431,1.5978533333333333,1.5958869934082032,0.9997374287161575,1.002327230572848,0.9378620036612498,39,32,0,256
wide-rmsnorm-32x4096-fp16,wide-rmsnorm-32x4096-fp16,candidates,256,1,1,0,0,64,1,True,4,1.5958869934082032,1.5970583333333332,1.5958869934082032,0.9997374287161575,1.002327230572848,0.9378620036612498,39,32,0,256
wide-rmsnorm-32x4096-fp16,wide-rmsnorm-32x4096-fp16,candidates,256,1,1,0,0,64,1,True,5,1.5903573354085287,1.5913733333333333,1.5958869934082032,0.9997374287161575,1.002327230572848,0.9378620036612498,39,32,0,256
wide-rmsnorm-32x4096-fp16,wide-rmsnorm-32x4096-fp16,candidates,256,1,1,0,0,64,1,True,6,1.5919787089029949,1.5931416666666667,1.5958869934082032,0.9997374287161575,1.002327230572848,0.9378620036612498,39,32,0,256
wide-rmsnorm-32x4096-fp16,wide-rmsnorm-32x4096-fp16,candidates,256,1,1,0,0,64,1,True,7,1.5880533854166667,1.5891616666666666,1.5958869934082032,0.9997374287161575,1.002327230572848,0.9378620036612498,39,32,0,256
wide-rmsnorm-32x4096-fp16,wide-rmsnorm-32x4096-fp16,recheck,256,1,1,0,0,64,0,False,1,1.583211440918745,1.584518282988871,1.5921816196653915,0.9974162112155625,1.0,0.935684450202201,39,32,0,256
wide-rmsnorm-32x4096-fp16,wide-rmsnorm-32x4096-fp16,recheck,256,1,1,0,0,64,0,False,2,1.5888930959049583,1.5901732909379969,1.5921816196653915,0.9974162112155625,1.0,0.935684450202201,39,32,0,256
wide-rmsnorm-32x4096-fp16,wide-rmsnorm-32x4096-fp16,recheck,256,1,1,0,0,64,0,False,3,1.5921816196653915,1.593535771065183,1.5921816196653915,0.9974162112155625,1.0,0.935684450202201,39,32,0,256
wide-rmsnorm-32x4096-fp16,wide-rmsnorm-32x4096-fp16,recheck,256,1,1,0,0,64,0,False,4,1.5926374426327752,1.5937949125596185,1.5921816196653915,0.9974162112155625,1.0,0.935684450202201,39,32,0,256
wide-rmsnorm-32x4096-fp16,wide-rmsnorm-32x4096-fp16,recheck,256,1,1,0,0,64,0,False,5,1.5919537081816997,1.5931558028616852,1.5921816196653915,0.9974162112155625,1.0,0.935684450202201,39,32,0,256
wide-rmsnorm-32x4096-fp16,wide-rmsnorm-32x4096-fp16,recheck,256,1,1,0,0,64,0,False,6,1.5923281428544813,1.5935866454689982,1.5921816196653915,0.9974162112155625,1.0,0.935684450202201,39,32,0,256
wide-rmsnorm-32x4096-fp16,wide-rmsnorm-32x4096-fp16,recheck,256,1,1,0,0,64,0,False,7,1.5934351934727122,1.5954069952305248,1.5921816196653915,0.9974162112155625,1.0,0.935684450202201,39,32,0,256
wide-rmsnorm-32x4096-fp16,wide-rmsnorm-32x4096-fp16,torch,,,,,,,,,1,1.7016223998606814,1.7044163822525598,1.7016223998606814,,,,not_queried,not_queried,not_queried,not_queried
wide-rmsnorm-32x4096-fp16,wide-rmsnorm-32x4096-fp16,torch,,,,,,,,,2,1.701849589168822,1.7046467576791808,1.7016223998606814,,,,not_queried,not_queried,not_queried,not_queried
wide-rmsnorm-32x4096-fp16,wide-rmsnorm-32x4096-fp16,torch,,,,,,,,,3,1.7016049538049274,1.705042662116041,1.7016223998606814,,,,not_queried,not_queried,not_queried,not_queried
wide-rmsnorm-32x4096-fp16,wide-rmsnorm-32x4096-fp16,torch,,,,,,,,,4,1.7036493971892999,1.7066058020477815,1.7016223998606814,,,,not_queried,not_queried,not_queried,not_queried
wide-rmsnorm-32x4096-fp16,wide-rmsnorm-32x4096-fp16,torch,,,,,,,,,5,1.7024262203698273,1.719278156996587,1.7016223998606814,,,,not_queried,not_queried,not_queried,not_queried
wide-rmsnorm-32x4096-fp16,wide-rmsnorm-32x4096-fp16,torch,,,,,,,,,6,1.6978479326788476,1.7080068259385668,1.7016223998606814,,,,not_queried,not_queried,not_queried,not_queried
wide-rmsnorm-32x4096-fp16,wide-rmsnorm-32x4096-fp16,torch,,,,,,,,,7,1.7001021193156063,1.7030119453924915,1.7016223998606814,,,,not_queried,not_queried,not_queried,not_queried
