case,dtype,fast_math,stage,threads,programs,warps_per_program,lane,vector,unroll,sample,event_us,graph_host_us,median_us,over_initial,over_recheck,over_fresh_torch,registers,shared_bytes,local_bytes,max_threads
wide-reduce_sum-129x2048-fp16,fp16,True,initial,128,1,4,1,0,64,1,1.3517533878883865,1.353002865329513,1.3518267306352414,1.0,1.0102143351165247,0.9635212753410978,25,16,0,128
wide-reduce_sum-129x2048-fp16,fp16,True,initial,128,1,4,1,0,64,2,1.3530149705772072,1.3537292263610317,1.3518267306352414,1.0,1.0102143351165247,0.9635212753410978,25,16,0,128
wide-reduce_sum-129x2048-fp16,fp16,True,initial,128,1,4,1,0,64,3,1.3505943320200573,1.351502865329513,1.3518267306352414,1.0,1.0102143351165247,0.9635212753410978,25,16,0,128
wide-reduce_sum-129x2048-fp16,fp16,True,initial,128,1,4,1,0,64,4,1.3505357452654907,1.351458452722063,1.3518267306352414,1.0,1.0102143351165247,0.9635212753410978,25,16,0,128
wide-reduce_sum-129x2048-fp16,fp16,True,initial,128,1,4,1,0,64,5,1.3524869246605815,1.3533037249283668,1.3518267306352414,1.0,1.0102143351165247,0.9635212753410978,25,16,0,128
wide-reduce_sum-129x2048-fp16,fp16,True,initial,128,1,4,1,0,64,6,1.3518267306352414,1.3527005730659025,1.3518267306352414,1.0,1.0102143351165247,0.9635212753410978,25,16,0,128
wide-reduce_sum-129x2048-fp16,fp16,True,initial,128,1,4,1,0,64,7,1.3521934443695156,1.3530558739255012,1.3518267306352414,1.0,1.0102143351165247,0.9635212753410978,25,16,0,128
wide-reduce_sum-129x2048-fp16,fp16,True,candidates,512,1,16,1,0,64,1,1.99464302874626,1.9959170212765955,1.994250845401845,1.475226669371096,1.490295128944887,1.4214122818896386,14,64,0,512
wide-reduce_sum-129x2048-fp16,fp16,True,candidates,512,1,16,1,0,64,2,1.9940330018388464,1.9952042553191491,1.994250845401845,1.475226669371096,1.490295128944887,1.4214122818896386,14,64,0,512
wide-reduce_sum-129x2048-fp16,fp16,True,candidates,512,1,16,1,0,64,3,1.994250845401845,1.995378723404255,1.994250845401845,1.475226669371096,1.490295128944887,1.4214122818896386,14,64,0,512
wide-reduce_sum-129x2048-fp16,fp16,True,candidates,512,1,16,1,0,64,4,1.9940330018388464,1.995359574468085,1.994250845401845,1.475226669371096,1.490295128944887,1.4214122818896386,14,64,0,512
wide-reduce_sum-129x2048-fp16,fp16,True,candidates,512,1,16,1,0,64,5,1.9943816814016788,1.9955936170212767,1.994250845401845,1.475226669371096,1.490295128944887,1.4214122818896386,14,64,0,512
wide-reduce_sum-129x2048-fp16,fp16,True,candidates,512,1,16,1,0,64,6,1.9946866948553856,1.996,1.994250845401845,1.475226669371096,1.490295128944887,1.4214122818896386,14,64,0,512
wide-reduce_sum-129x2048-fp16,fp16,True,candidates,512,1,16,1,0,64,7,1.990612435848155,1.991787234042553,1.994250845401845,1.475226669371096,1.490295128944887,1.4214122818896386,14,64,0,512
wide-reduce_sum-129x2048-fp16,fp16,True,candidates,512,1,16,4,1,64,1,2.0682653591068036,2.0696876310272536,2.0674280450529023,1.529358754491702,1.544980137323471,1.4735696975819177,18,64,0,512
wide-reduce_sum-129x2048-fp16,fp16,True,candidates,512,1,16,4,1,64,2,2.0678144730861834,2.0690733752620547,2.0674280450529023,1.529358754491702,1.544980137323471,1.4735696975819177,18,64,0,512
wide-reduce_sum-129x2048-fp16,fp16,True,candidates,512,1,16,4,1,64,3,2.0671705329943,2.068538784067086,2.0674280450529023,1.529358754491702,1.544980137323471,1.4735696975819177,18,64,0,512
wide-reduce_sum-129x2048-fp16,fp16,True,candidates,512,1,16,4,1,64,4,2.0672348310362616,2.0684779874213834,2.0674280450529023,1.529358754491702,1.544980137323471,1.4735696975819177,18,64,0,512
wide-reduce_sum-129x2048-fp16,fp16,True,candidates,512,1,16,4,1,64,5,2.0674280450529023,2.0686310272536685,2.0674280450529023,1.529358754491702,1.544980137323471,1.4735696975819177,18,64,0,512
wide-reduce_sum-129x2048-fp16,fp16,True,candidates,512,1,16,4,1,64,6,2.0679003637541764,2.0689392033542977,2.0674280450529023,1.529358754491702,1.544980137323471,1.4735696975819177,18,64,0,512
wide-reduce_sum-129x2048-fp16,fp16,True,candidates,512,1,16,4,1,64,7,2.066075706881797,2.0672201257861635,2.0674280450529023,1.529358754491702,1.544980137323471,1.4735696975819177,18,64,0,512
wide-reduce_sum-129x2048-fp16,fp16,True,candidates,1024,1,32,1,0,64,1,3.9755562813051286,3.9777782258064516,3.975308325982863,2.940693682033357,2.9707309127766925,2.833420926900289,14,128,0,1024
wide-reduce_sum-129x2048-fp16,fp16,True,candidates,1024,1,32,1,0,64,2,3.9760515766759075,3.978673387096774,3.975308325982863,2.940693682033357,2.9707309127766925,2.833420926900289,14,128,0,1024
wide-reduce_sum-129x2048-fp16,fp16,True,candidates,1024,1,32,1,0,64,3,3.9749779239777596,3.977310483870968,3.975308325982863,2.940693682033357,2.9707309127766925,2.833420926900289,14,128,0,1024
wide-reduce_sum-129x2048-fp16,fp16,True,candidates,1024,1,32,1,0,64,4,3.975308325982863,3.9776330645161293,3.975308325982863,2.940693682033357,2.9707309127766925,2.833420926900289,14,128,0,1024
wide-reduce_sum-129x2048-fp16,fp16,True,candidates,1024,1,32,1,0,64,5,3.973904578916488,3.976076612903226,3.975308325982863,2.940693682033357,2.9707309127766925,2.833420926900289,14,128,0,1024
wide-reduce_sum-129x2048-fp16,fp16,True,candidates,1024,1,32,1,0,64,6,3.9745650752898185,3.9768145161290325,3.975308325982863,2.940693682033357,2.9707309127766925,2.833420926900289,14,128,0,1024
wide-reduce_sum-129x2048-fp16,fp16,True,candidates,1024,1,32,1,0,64,7,3.9762992243612967,3.9791129032258064,3.975308325982863,2.940693682033357,2.9707309127766925,2.833420926900289,14,128,0,1024
wide-reduce_sum-129x2048-fp16,fp16,True,torch,,,,,,,1,1.4063619056477612,1.4075394126738794,1.4030066229276348,,,,not_queried,not_queried,not_queried,not_queried
wide-reduce_sum-129x2048-fp16,fp16,True,torch,,,,,,,2,1.4022310660832449,1.403788253477589,1.4030066229276348,,,,not_queried,not_queried,not_queried,not_queried
wide-reduce_sum-129x2048-fp16,fp16,True,torch,,,,,,,3,1.4031332685184625,1.4049072642967542,1.4030066229276348,,,,not_queried,not_queried,not_queried,not_queried
wide-reduce_sum-129x2048-fp16,fp16,True,torch,,,,,,,4,1.40237351289304,1.4035564142194745,1.4030066229276348,,,,not_queried,not_queried,not_queried,not_queried
wide-reduce_sum-129x2048-fp16,fp16,True,torch,,,,,,,5,1.4030066229276348,1.4041468315301389,1.4030066229276348,,,,not_queried,not_queried,not_queried,not_queried
wide-reduce_sum-129x2048-fp16,fp16,True,torch,,,,,,,6,1.3977995316801706,1.3988500772797527,1.4030066229276348,,,,not_queried,not_queried,not_queried,not_queried
wide-reduce_sum-129x2048-fp16,fp16,True,torch,,,,,,,7,1.4037821797720247,1.404856259659969,1.4030066229276348,,,,not_queried,not_queried,not_queried,not_queried
wide-reduce_sum-129x2048-fp16,fp16,True,recheck,128,1,4,1,0,64,1,1.3330991614819987,1.3341632047477745,1.3381583329831812,0.9898889426120187,1.0,0.953779056431583,25,16,0,128
wide-reduce_sum-129x2048-fp16,fp16,True,recheck,128,1,4,1,0,64,2,1.339343379442345,1.3562284866468843,1.3381583329831812,0.9898889426120187,1.0,0.953779056431583,25,16,0,128
wide-reduce_sum-129x2048-fp16,fp16,True,recheck,128,1,4,1,0,64,3,1.3357730718324021,1.3541587537091988,1.3381583329831812,0.9898889426120187,1.0,0.953779056431583,25,16,0,128
wide-reduce_sum-129x2048-fp16,fp16,True,recheck,128,1,4,1,0,64,4,1.3410146017102884,2.361593471810089,1.3381583329831812,0.9898889426120187,1.0,0.953779056431583,25,16,0,128
wide-reduce_sum-129x2048-fp16,fp16,True,recheck,128,1,4,1,0,64,5,1.3374746305652472,1.3400637982195847,1.3381583329831812,0.9898889426120187,1.0,0.953779056431583,25,16,0,128
wide-reduce_sum-129x2048-fp16,fp16,True,recheck,128,1,4,1,0,64,6,1.3381583329831812,1.339367952522255,1.3381583329831812,0.9898889426120187,1.0,0.953779056431583,25,16,0,128
wide-reduce_sum-129x2048-fp16,fp16,True,recheck,128,1,4,1,0,64,7,1.3384621504152563,1.3399228486646884,1.3381583329831812,0.9898889426120187,1.0,0.953779056431583,25,16,0,128
sum-r128-n8192-bf16,bf16,False,initial,128,2,2,1,0,64,1,2.7371021259821586,2.739048710601719,2.735928423425188,1.0,1.057241814936064,1.1051486909681552,39,16,0,128
sum-r128-n8192-bf16,bf16,False,initial,128,2,2,1,0,64,2,2.735928423425188,2.737905444126074,2.735928423425188,1.0,1.057241814936064,1.1051486909681552,39,16,0,128
sum-r128-n8192-bf16,bf16,False,initial,128,2,2,1,0,64,3,2.711017903762424,2.7128137535816617,2.735928423425188,1.0,1.057241814936064,1.1051486909681552,39,16,0,128
sum-r128-n8192-bf16,bf16,False,initial,128,2,2,1,0,64,4,2.716211357226003,2.718091690544413,2.735928423425188,1.0,1.057241814936064,1.1051486909681552,39,16,0,128
sum-r128-n8192-bf16,bf16,False,initial,128,2,2,1,0,64,5,2.749043986585557,2.751131805157593,2.735928423425188,1.0,1.057241814936064,1.1051486909681552,39,16,0,128
sum-r128-n8192-bf16,bf16,False,initial,128,2,2,1,0,64,6,2.736691362878313,2.738492836676218,2.735928423425188,1.0,1.057241814936064,1.1051486909681552,39,16,0,128
sum-r128-n8192-bf16,bf16,False,initial,128,2,2,1,0,64,7,2.7267447310395774,2.729005730659026,2.735928423425188,1.0,1.057241814936064,1.1051486909681552,39,16,0,128
sum-r128-n8192-bf16,bf16,False,candidates,512,1,16,1,0,64,1,3.2880946568080356,3.2908538205980067,3.264791038741305,1.1933027965161525,1.261609614357018,1.3187770234984646,25,64,0,512
sum-r128-n8192-bf16,bf16,False,candidates,512,1,16,1,0,64,2,3.2583613094697363,3.2611727574750833,3.264791038741305,1.1933027965161525,1.261609614357018,1.3187770234984646,25,64,0,512
sum-r128-n8192-bf16,bf16,False,candidates,512,1,16,1,0,64,3,3.2542447315102003,3.256920265780731,3.264791038741305,1.1933027965161525,1.261609614357018,1.3187770234984646,25,64,0,512
sum-r128-n8192-bf16,bf16,False,candidates,512,1,16,1,0,64,4,3.251183088435683,3.253794019933555,3.264791038741305,1.1933027965161525,1.261609614357018,1.3187770234984646,25,64,0,512
sum-r128-n8192-bf16,bf16,False,candidates,512,1,16,1,0,64,5,3.3025529931153965,3.3049435215946845,3.264791038741305,1.1933027965161525,1.261609614357018,1.3187770234984646,25,64,0,512
sum-r128-n8192-bf16,bf16,False,candidates,512,1,16,1,0,64,6,3.2975520644077037,3.3015049833887042,3.264791038741305,1.1933027965161525,1.261609614357018,1.3187770234984646,25,64,0,512
sum-r128-n8192-bf16,bf16,False,candidates,512,1,16,1,0,64,7,3.264791038741305,3.266983388704319,3.264791038741305,1.1933027965161525,1.261609614357018,1.3187770234984646,25,64,0,512
sum-r128-n8192-bf16,bf16,False,candidates,512,1,16,4,1,64,1,2.796644530544391,2.799274566473988,2.7474572065937726,1.0042138467767923,1.0616968699502225,1.1098056182174674,25,64,0,512
sum-r128-n8192-bf16,bf16,False,candidates,512,1,16,4,1,64,2,2.811294291060784,6.456508670520231,2.7474572065937726,1.0042138467767923,1.0616968699502225,1.1098056182174674,25,64,0,512
sum-r128-n8192-bf16,bf16,False,candidates,512,1,16,4,1,64,3,4.920615929399611,4.924878612716763,2.7474572065937726,1.0042138467767923,1.0616968699502225,1.1098056182174674,25,64,0,512
sum-r128-n8192-bf16,bf16,False,candidates,512,1,16,4,1,64,4,2.6992167213748646,2.7014190751445084,2.7474572065937726,1.0042138467767923,1.0616968699502225,1.1098056182174674,25,64,0,512
sum-r128-n8192-bf16,bf16,False,candidates,512,1,16,4,1,64,5,2.7474572065937726,2.7487947976878613,2.7474572065937726,1.0042138467767923,1.0616968699502225,1.1098056182174674,25,64,0,512
sum-r128-n8192-bf16,bf16,False,candidates,512,1,16,4,1,64,6,2.740324604717982,2.7411560693641617,2.7474572065937726,1.0042138467767923,1.0616968699502225,1.1098056182174674,25,64,0,512
sum-r128-n8192-bf16,bf16,False,candidates,512,1,16,4,1,64,7,2.7318308394768334,2.732693641618497,2.7474572065937726,1.0042138467767923,1.0616968699502225,1.1098056182174674,25,64,0,512
sum-r128-n8192-bf16,bf16,False,candidates,1024,1,32,1,0,64,1,5.37370567113324,5.3762568306010925,5.377566645054218,1.9655363053401398,2.0780471707805352,2.1722098748970393,19,128,0,1024
sum-r128-n8192-bf16,bf16,False,candidates,1024,1,32,1,0,64,2,5.376671546143912,5.379491803278689,5.377566645054218,1.9655363053401398,2.0780471707805352,2.1722098748970393,19,128,0,1024
sum-r128-n8192-bf16,bf16,False,candidates,1024,1,32,1,0,64,3,5.377902671939037,5.380049180327869,5.377566645054218,1.9655363053401398,2.0780471707805352,2.1722098748970393,19,128,0,1024
sum-r128-n8192-bf16,bf16,False,candidates,1024,1,32,1,0,64,4,5.380644251088627,5.382202185792349,5.377566645054218,1.9655363053401398,2.0780471707805352,2.1722098748970393,19,128,0,1024
sum-r128-n8192-bf16,bf16,False,candidates,1024,1,32,1,0,64,5,5.380308641110613,5.382158469945355,5.377566645054218,1.9655363053401398,2.0780471707805352,2.1722098748970393,19,128,0,1024
sum-r128-n8192-bf16,bf16,False,candidates,1024,1,32,1,0,64,6,5.377566645054218,5.379972677595628,5.377566645054218,1.9655363053401398,2.0780471707805352,2.1722098748970393,19,128,0,1024
sum-r128-n8192-bf16,bf16,False,candidates,1024,1,32,1,0,64,7,5.377231035076204,5.3809344262295085,5.377566645054218,1.9655363053401398,2.0780471707805352,2.1722098748970393,19,128,0,1024
sum-r128-n8192-bf16,bf16,False,candidates,1024,1,32,4,1,64,1,4.9647968947285355,4.967126262626263,4.964486324425899,1.8145527061013953,1.9184209962957859,2.0053505478406803,18,128,0,1024
sum-r128-n8192-bf16,bf16,False,candidates,1024,1,32,4,1,64,2,4.963555384163905,4.965747474747475,4.964486324425899,1.8145527061013953,1.9184209962957859,2.0053505478406803,18,128,0,1024
sum-r128-n8192-bf16,bf16,False,candidates,1024,1,32,4,1,64,3,4.964486324425899,4.967424242424243,4.964486324425899,1.8145527061013953,1.9184209962957859,2.0053505478406803,18,128,0,1024
sum-r128-n8192-bf16,bf16,False,candidates,1024,1,32,4,1,64,4,4.96417613944622,4.966929292929294,4.964486324425899,1.8145527061013953,1.9184209962957859,2.0053505478406803,18,128,0,1024
sum-r128-n8192-bf16,bf16,False,candidates,1024,1,32,4,1,64,5,4.965365631411774,4.967742424242425,4.964486324425899,1.8145527061013953,1.9184209962957859,2.0053505478406803,18,128,0,1024
sum-r128-n8192-bf16,bf16,False,candidates,1024,1,32,4,1,64,6,4.964020854294902,4.965909090909091,4.964486324425899,1.8145527061013953,1.9184209962957859,2.0053505478406803,18,128,0,1024
sum-r128-n8192-bf16,bf16,False,candidates,1024,1,32,4,1,64,7,4.96572783499053,4.968484848484849,4.964486324425899,1.8145527061013953,1.9184209962957859,2.0053505478406803,18,128,0,1024
sum-r128-n8192-bf16,bf16,False,torch,,,,,,,1,2.476235133238312,2.4786892950391644,2.475620200055075,,,,not_queried,not_queried,not_queried,not_queried
sum-r128-n8192-bf16,bf16,False,torch,,,,,,,2,2.479202828270337,2.4815352480417756,2.475620200055075,,,,not_queried,not_queried,not_queried,not_queried
sum-r128-n8192-bf16,bf16,False,torch,,,,,,,3,2.4723584844922897,2.475138381201044,2.475620200055075,,,,not_queried,not_queried,not_queried,not_queried
sum-r128-n8192-bf16,bf16,False,torch,,,,,,,4,2.477999854025579,2.480697127937337,2.475620200055075,,,,not_queried,not_queried,not_queried,not_queried
sum-r128-n8192-bf16,bf16,False,torch,,,,,,,5,2.4737487075845506,2.476360313315927,2.475620200055075,,,,not_queried,not_queried,not_queried,not_queried
sum-r128-n8192-bf16,bf16,False,torch,,,,,,,6,2.474363640767787,2.476433420365535,2.475620200055075,,,,not_queried,not_queried,not_queried,not_queried
sum-r128-n8192-bf16,bf16,False,torch,,,,,,,7,2.475620200055075,2.4777180156657965,2.475620200055075,,,,not_queried,not_queried,not_queried,not_queried
sum-r128-n8192-bf16,bf16,False,recheck,128,2,2,1,0,64,1,2.5875757051550825,2.5897201086956523,2.587798160055409,0.945857405441795,1.0,1.0453130734665352,39,16,0,128
sum-r128-n8192-bf16,bf16,False,recheck,128,2,2,1,0,64,2,2.5838470458984375,2.5860625,2.587798160055409,0.945857405441795,1.0,1.0453130734665352,39,16,0,128
sum-r128-n8192-bf16,bf16,False,recheck,128,2,2,1,0,64,3,2.5899965866752295,2.5924510869565216,2.587798160055409,0.945857405441795,1.0,1.0453130734665352,39,16,0,128
sum-r128-n8192-bf16,bf16,False,recheck,128,2,2,1,0,64,4,2.5889670330545176,2.591913043478261,2.587798160055409,0.945857405441795,1.0,1.0453130734665352,39,16,0,128
sum-r128-n8192-bf16,bf16,False,recheck,128,2,2,1,0,64,5,2.587798160055409,2.5901331521739133,2.587798160055409,0.945857405441795,1.0,1.0453130734665352,39,16,0,128
sum-r128-n8192-bf16,bf16,False,recheck,128,2,2,1,0,64,6,2.5869634877080503,2.590695652173913,2.587798160055409,0.945857405441795,1.0,1.0453130734665352,39,16,0,128
sum-r128-n8192-bf16,bf16,False,recheck,128,2,2,1,0,64,7,2.5882434844970703,2.591940217391304,2.587798160055409,0.945857405441795,1.0,1.0453130734665352,39,16,0,128
sum-r3-n8192-fp32,fp32,False,initial,256,1,8,1,0,64,1,1.3277107419158554,1.3284659248956885,1.3283373284903621,1.0,1.0101965215345474,0.980100218565552,38,32,0,256
sum-r3-n8192-fp32,fp32,False,initial,256,1,8,1,0,64,2,1.3284797297067867,1.3292433936022252,1.3283373284903621,1.0,1.0101965215345474,0.980100218565552,38,32,0,256
sum-r3-n8192-fp32,fp32,False,initial,256,1,8,1,0,64,3,1.3288928205678459,1.3296495132127957,1.3283373284903621,1.0,1.0101965215345474,0.980100218565552,38,32,0,256
sum-r3-n8192-fp32,fp32,False,initial,256,1,8,1,0,64,4,1.3282803467815543,1.3289860917941587,1.3283373284903621,1.0,1.0101965215345474,0.980100218565552,38,32,0,256
sum-r3-n8192-fp32,fp32,False,initial,256,1,8,1,0,64,5,1.3283373284903621,1.32932545201669,1.3283373284903621,1.0,1.0101965215345474,0.980100218565552,38,32,0,256
sum-r3-n8192-fp32,fp32,False,initial,256,1,8,1,0,64,6,1.3280952888669157,1.3287732962447842,1.3283373284903621,1.0,1.0101965215345474,0.980100218565552,38,32,0,256
sum-r3-n8192-fp32,fp32,False,initial,256,1,8,1,0,64,7,1.3295479510523514,1.33026842837274,1.3283373284903621,1.0,1.0101965215345474,0.980100218565552,38,32,0,256
sum-r3-n8192-fp32,fp32,False,candidates,512,1,16,1,0,64,1,1.3162842448032428,1.31701706970128,1.3163134383612642,0.990948165145097,1.0010523894506191,0.9712285132458421,40,64,0,512
sum-r3-n8192-fp32,fp32,False,candidates,512,1,16,1,0,64,2,1.3164153444987443,1.3172062588904694,1.3163134383612642,0.990948165145097,1.0010523894506191,0.9712285132458421,40,64,0,512
sum-r3-n8192-fp32,fp32,False,candidates,512,1,16,1,0,64,3,1.3169542857966416,1.3175874822190612,1.3163134383612642,0.990948165145097,1.0010523894506191,0.9712285132458421,40,64,0,512
sum-r3-n8192-fp32,fp32,False,candidates,512,1,16,1,0,64,4,1.3159929603804565,1.316638691322902,1.3163134383612642,0.990948165145097,1.0010523894506191,0.9712285132458421,40,64,0,512
sum-r3-n8192-fp32,fp32,False,candidates,512,1,16,1,0,64,5,1.3163134383612642,1.3171209103840682,1.3163134383612642,0.990948165145097,1.0010523894506191,0.9712285132458421,40,64,0,512
sum-r3-n8192-fp32,fp32,False,candidates,512,1,16,1,0,64,6,1.3163134383612642,1.3170028449502134,1.3163134383612642,0.990948165145097,1.0010523894506191,0.9712285132458421,40,64,0,512
sum-r3-n8192-fp32,fp32,False,candidates,512,1,16,1,0,64,7,1.315104456069968,1.315846372688478,1.3163134383612642,0.990948165145097,1.0010523894506191,0.9712285132458421,40,64,0,512
sum-r3-n8192-fp32,fp32,False,candidates,512,1,16,4,1,64,1,1.3225342064964998,1.323051244509517,1.3229240540355052,0.995924774273257,1.0060797426809236,0.9761060889400672,38,64,0,512
sum-r3-n8192-fp32,fp32,False,candidates,512,1,16,4,1,64,2,1.3225042697800375,1.3234260614934115,1.3229240540355052,0.995924774273257,1.0060797426809236,0.9761060889400672,38,64,0,512
sum-r3-n8192-fp32,fp32,False,candidates,512,1,16,4,1,64,3,1.322894005614877,1.3233367496339676,1.3229240540355052,0.995924774273257,1.0060797426809236,0.9761060889400672,38,64,0,512
sum-r3-n8192-fp32,fp32,False,candidates,512,1,16,4,1,64,4,1.3236587323346565,1.3241361639824305,1.3229240540355052,0.995924774273257,1.0060797426809236,0.9761060889400672,38,64,0,512
sum-r3-n8192-fp32,fp32,False,candidates,512,1,16,4,1,64,5,1.3229240540355052,1.3238638360175694,1.3229240540355052,0.995924774273257,1.0060797426809236,0.9761060889400672,38,64,0,512
sum-r3-n8192-fp32,fp32,False,candidates,512,1,16,4,1,64,6,1.3229690708143644,1.32402196193265,1.3229240540355052,0.995924774273257,1.0060797426809236,0.9761060889400672,38,64,0,512
sum-r3-n8192-fp32,fp32,False,candidates,512,1,16,4,1,64,7,1.323718605767581,1.3251024890190337,1.3229240540355052,0.995924774273257,1.0060797426809236,0.9761060889400672,38,64,0,512
sum-r3-n8192-fp32,fp32,False,candidates,1024,1,32,1,0,64,1,1.4147602751688861,1.4160108864696734,1.4206845059550568,1.069520878081207,1.08042627074621,1.048237646367812,24,128,0,1024
sum-r3-n8192-fp32,fp32,False,candidates,1024,1,32,1,0,64,2,1.4186301461274664,1.420139968895801,1.4206845059550568,1.069520878081207,1.08042627074621,1.048237646367812,24,128,0,1024
sum-r3-n8192-fp32,fp32,False,candidates,1024,1,32,1,0,64,3,1.4204456572584565,1.4217822706065317,1.4206845059550568,1.069520878081207,1.08042627074621,1.048237646367812,24,128,0,1024
sum-r3-n8192-fp32,fp32,False,candidates,1024,1,32,1,0,64,4,1.421210020548819,1.4224012441679628,1.4206845059550568,1.069520878081207,1.08042627074621,1.048237646367812,24,128,0,1024
sum-r3-n8192-fp32,fp32,False,candidates,1024,1,32,1,0,64,5,1.4206845059550568,1.4218227060653188,1.4206845059550568,1.069520878081207,1.08042627074621,1.048237646367812,24,128,0,1024
sum-r3-n8192-fp32,fp32,False,candidates,1024,1,32,1,0,64,6,1.4209074551358378,1.422139968895801,1.4206845059550568,1.069520878081207,1.08042627074621,1.048237646367812,24,128,0,1024
sum-r3-n8192-fp32,fp32,False,candidates,1024,1,32,1,0,64,7,1.422022319692846,2.1607496111975117,1.4206845059550568,1.069520878081207,1.08042627074621,1.048237646367812,24,128,0,1024
sum-r3-n8192-fp32,fp32,False,candidates,1024,1,32,4,1,64,1,1.4062360437904917,1.4069954268292684,1.40742243790045,1.0595369171021995,1.07034050809408,1.0384523640301369,32,128,0,1024
sum-r3-n8192-fp32,fp32,False,candidates,1024,1,32,4,1,64,2,1.4082341077851086,1.4089283536585369,1.40742243790045,1.0595369171021995,1.07034050809408,1.0384523640301369,32,128,0,1024
sum-r3-n8192-fp32,fp32,False,candidates,1024,1,32,4,1,64,3,1.4083434314262577,1.4091798780487805,1.40742243790045,1.0595369171021995,1.07034050809408,1.0384523640301369,32,128,0,1024
sum-r3-n8192-fp32,fp32,False,candidates,1024,1,32,4,1,64,4,1.4077970458240043,1.408501524390244,1.40742243790045,1.0595369171021995,1.07034050809408,1.0384523640301369,32,128,0,1024
sum-r3-n8192-fp32,fp32,False,candidates,1024,1,32,4,1,64,5,1.40742243790045,1.4081676829268293,1.40742243790045,1.0595369171021995,1.07034050809408,1.0384523640301369,32,128,0,1024
sum-r3-n8192-fp32,fp32,False,candidates,1024,1,32,4,1,64,6,1.4066419368836938,1.407670731707317,1.40742243790045,1.0595369171021995,1.07034050809408,1.0384523640301369,32,128,0,1024
sum-r3-n8192-fp32,fp32,False,candidates,1024,1,32,4,1,64,7,1.4046127040211747,1.4054618902439024,1.40742243790045,1.0595369171021995,1.07034050809408,1.0384523640301369,32,128,0,1024
sum-r3-n8192-fp32,fp32,False,torch,,,,,,,1,1.3555219390823523,1.3568938714499252,1.3553076545932012,,,,not_queried,not_queried,not_queried,not_queried
sum-r3-n8192-fp32,fp32,False,torch,,,,,,,2,1.3558433087951933,1.3570149476831093,1.3553076545932012,,,,not_queried,not_queried,not_queried,not_queried
sum-r3-n8192-fp32,fp32,False,torch,,,,,,,3,1.3553076545932012,1.3562376681614348,1.3553076545932012,,,,not_queried,not_queried,not_queried,not_queried
sum-r3-n8192-fp32,fp32,False,torch,,,,,,,4,1.3534708978171128,1.35449177877429,1.3553076545932012,,,,not_queried,not_queried,not_queried,not_queried
sum-r3-n8192-fp32,fp32,False,torch,,,,,,,5,1.3567770828224262,1.3580523168908818,1.3553076545932012,,,,not_queried,not_queried,not_queried,not_queried
sum-r3-n8192-fp32,fp32,False,torch,,,,,,,6,1.3538075491273707,1.355122571001495,1.3553076545932012,,,,not_queried,not_queried,not_queried,not_queried
sum-r3-n8192-fp32,fp32,False,torch,,,,,,,7,1.3541137512845665,1.3554618834080718,1.3553076545932012,,,,not_queried,not_queried,not_queried,not_queried
sum-r3-n8192-fp32,fp32,False,recheck,256,1,8,1,0,64,1,1.3145217786981573,1.3152076813655762,1.3149296203005534,0.9899063980946418,1.0,0.9702074771319967,38,32,0,256
sum-r3-n8192-fp32,fp32,False,recheck,256,1,8,1,0,64,2,1.3158764032008468,1.316529160739687,1.3149296203005534,0.9899063980946418,1.0,0.9702074771319967,38,32,0,256
sum-r3-n8192-fp32,fp32,False,recheck,256,1,8,1,0,64,3,1.3334868473145225,1.334108108108108,1.3149296203005534,0.9899063980946418,1.0,0.9702074771319967,38,32,0,256
sum-r3-n8192-fp32,fp32,False,recheck,256,1,8,1,0,64,4,1.314798520605052,1.3155490753911805,1.3149296203005534,0.9899063980946418,1.0,0.9702074771319967,38,32,0,256
sum-r3-n8192-fp32,fp32,False,recheck,256,1,8,1,0,64,5,1.3150752625119466,1.3156714082503556,1.3149296203005534,0.9899063980946418,1.0,0.9702074771319967,38,32,0,256
sum-r3-n8192-fp32,fp32,False,recheck,256,1,8,1,0,64,6,1.3149296203005534,1.3159843527738264,1.3149296203005534,0.9899063980946418,1.0,0.9702074771319967,38,32,0,256
sum-r3-n8192-fp32,fp32,False,recheck,256,1,8,1,0,64,7,1.3147256994993555,1.3157055476529163,1.3149296203005534,0.9899063980946418,1.0,0.9702074771319967,38,32,0,256
