experiment,cohort,case_id,source,sha256,normalized_source_sha256,path
worker,baseline,aligned16-scan-128x8192-fp16,source.txt,6f66b82ac9b1357bdcd16e7ee0648fc13f0d7801c4d2248c5d26ae20f66e5fc6,6f66b82ac9b1357bdcd16e7ee0648fc13f0d7801c4d2248c5d26ae20f66e5fc6,.deps/oct02-collective-workers0-v2/aligned16-scan-128x8192-fp16/native/artifacts/source.txt
worker,hint4,aligned16-scan-128x8192-fp16,source.txt,8cf761617eec28155a0ddf1fe24072db5a73ffeddc912f6bc1ee47f794d51fb5,6f66b82ac9b1357bdcd16e7ee0648fc13f0d7801c4d2248c5d26ae20f66e5fc6,.deps/oct02-collective-workers4-v2/aligned16-scan-128x8192-fp16/native/artifacts/source.txt
worker,hint8,aligned16-scan-128x8192-fp16,source.txt,e40332802f2c882fd5e4a71ce3158321fbf47190822cc022273e289cb86600ec,6f66b82ac9b1357bdcd16e7ee0648fc13f0d7801c4d2248c5d26ae20f66e5fc6,.deps/oct02-collective-workers8-v2/aligned16-scan-128x8192-fp16/native/artifacts/source.txt
worker,recheck,aligned16-scan-128x8192-fp16,source.txt,6f66b82ac9b1357bdcd16e7ee0648fc13f0d7801c4d2248c5d26ae20f66e5fc6,6f66b82ac9b1357bdcd16e7ee0648fc13f0d7801c4d2248c5d26ae20f66e5fc6,.deps/oct02-collective-workers0-recheck-v2/aligned16-scan-128x8192-fp16/native/artifacts/source.txt
worker,baseline,aligned16-scan-128x8192-bf16,source.txt,2d6ed5716e5887ade222a99310f65fb5b2a13b637dbc4d8d7d554957327143bd,2d6ed5716e5887ade222a99310f65fb5b2a13b637dbc4d8d7d554957327143bd,.deps/oct02-collective-workers0-v2/aligned16-scan-128x8192-bf16/native/artifacts/source.txt
worker,hint4,aligned16-scan-128x8192-bf16,source.txt,4dfcb6bf6852067b22f447f01a9f5931f77bb7e9bcc935065f983a9f0ff3adc5,2d6ed5716e5887ade222a99310f65fb5b2a13b637dbc4d8d7d554957327143bd,.deps/oct02-collective-workers4-v2/aligned16-scan-128x8192-bf16/native/artifacts/source.txt
worker,hint8,aligned16-scan-128x8192-bf16,source.txt,240eebfcc9f8f370c099efc40b203850d1c93d602fb8fb9d2c6a98b2c74607c6,2d6ed5716e5887ade222a99310f65fb5b2a13b637dbc4d8d7d554957327143bd,.deps/oct02-collective-workers8-v2/aligned16-scan-128x8192-bf16/native/artifacts/source.txt
worker,recheck,aligned16-scan-128x8192-bf16,source.txt,2d6ed5716e5887ade222a99310f65fb5b2a13b637dbc4d8d7d554957327143bd,2d6ed5716e5887ade222a99310f65fb5b2a13b637dbc4d8d7d554957327143bd,.deps/oct02-collective-workers0-recheck-v2/aligned16-scan-128x8192-bf16/native/artifacts/source.txt
worker,baseline,aligned16-control-scan-128x8192-fp32,source.txt,d0e24c895b3e388f9f460887e05d49013143c9723702dfb80c5d195687ef97a6,d0e24c895b3e388f9f460887e05d49013143c9723702dfb80c5d195687ef97a6,.deps/oct02-collective-workers0-v2/aligned16-control-scan-128x8192-fp32/native/artifacts/source.txt
worker,hint4,aligned16-control-scan-128x8192-fp32,source.txt,9c01a332ad83b56e483f34af04c37894bed4af33ebd869f5182b16a9d25f1abd,d0e24c895b3e388f9f460887e05d49013143c9723702dfb80c5d195687ef97a6,.deps/oct02-collective-workers4-v2/aligned16-control-scan-128x8192-fp32/native/artifacts/source.txt
worker,hint8,aligned16-control-scan-128x8192-fp32,source.txt,b29823090a43e97e2dc3ea8065cbab74402fa7e9b8852ef3a2cce879b7228544,d0e24c895b3e388f9f460887e05d49013143c9723702dfb80c5d195687ef97a6,.deps/oct02-collective-workers8-v2/aligned16-control-scan-128x8192-fp32/native/artifacts/source.txt
worker,recheck,aligned16-control-scan-128x8192-fp32,source.txt,d0e24c895b3e388f9f460887e05d49013143c9723702dfb80c5d195687ef97a6,d0e24c895b3e388f9f460887e05d49013143c9723702dfb80c5d195687ef97a6,.deps/oct02-collective-workers0-recheck-v2/aligned16-control-scan-128x8192-fp32/native/artifacts/source.txt
worker,baseline,rowblock-reduce_sum-128x65-fp32-br1,source.txt,f9ba23988b03e696a8670fc79befeb5855669d4126be207cb67c2f0e1201f1b5,f9ba23988b03e696a8670fc79befeb5855669d4126be207cb67c2f0e1201f1b5,.deps/oct02-collective-workers0-v2/rowblock-reduce_sum-128x65-fp32-br1/native/artifacts/source.txt
worker,hint4,rowblock-reduce_sum-128x65-fp32-br1,source.txt,1e03e14d9cff2ab7a1e22a329262cc40a5e3c6ca963b27193d71394b867bb293,f9ba23988b03e696a8670fc79befeb5855669d4126be207cb67c2f0e1201f1b5,.deps/oct02-collective-workers4-v2/rowblock-reduce_sum-128x65-fp32-br1/native/artifacts/source.txt
worker,hint8,rowblock-reduce_sum-128x65-fp32-br1,source.txt,1d63c2ac07e76ada2e02d86e7ff5df781f0fa2f5e972ac420a5a2e2d6cde7e18,f9ba23988b03e696a8670fc79befeb5855669d4126be207cb67c2f0e1201f1b5,.deps/oct02-collective-workers8-v2/rowblock-reduce_sum-128x65-fp32-br1/native/artifacts/source.txt
worker,recheck,rowblock-reduce_sum-128x65-fp32-br1,source.txt,f9ba23988b03e696a8670fc79befeb5855669d4126be207cb67c2f0e1201f1b5,f9ba23988b03e696a8670fc79befeb5855669d4126be207cb67c2f0e1201f1b5,.deps/oct02-collective-workers0-recheck-v2/rowblock-reduce_sum-128x65-fp32-br1/native/artifacts/source.txt
worker,baseline,rowblock-reduce_sum-128x65-fp32-br4,source.txt,5c4ee3bcc7395c121aba142fd5cd116dfc8a16348947fc8f23ece232a9be3cff,5c4ee3bcc7395c121aba142fd5cd116dfc8a16348947fc8f23ece232a9be3cff,.deps/oct02-collective-workers0-v2/rowblock-reduce_sum-128x65-fp32-br4/native/artifacts/source.txt
worker,hint4,rowblock-reduce_sum-128x65-fp32-br4,source.txt,9b59c8610c824eba17aad69a78ba857c43d66dce3ee803c6a98e2c17d25c8fbe,5c4ee3bcc7395c121aba142fd5cd116dfc8a16348947fc8f23ece232a9be3cff,.deps/oct02-collective-workers4-v2/rowblock-reduce_sum-128x65-fp32-br4/native/artifacts/source.txt
worker,hint8,rowblock-reduce_sum-128x65-fp32-br4,source.txt,309cba1f858124fa592284ff88573fe58660ec699357ddaa999c05d09bf1621a,5c4ee3bcc7395c121aba142fd5cd116dfc8a16348947fc8f23ece232a9be3cff,.deps/oct02-collective-workers8-v2/rowblock-reduce_sum-128x65-fp32-br4/native/artifacts/source.txt
worker,recheck,rowblock-reduce_sum-128x65-fp32-br4,source.txt,5c4ee3bcc7395c121aba142fd5cd116dfc8a16348947fc8f23ece232a9be3cff,5c4ee3bcc7395c121aba142fd5cd116dfc8a16348947fc8f23ece232a9be3cff,.deps/oct02-collective-workers0-recheck-v2/rowblock-reduce_sum-128x65-fp32-br4/native/artifacts/source.txt
worker,baseline,rowblock-reduce_sum-17x1024-fp16-br1,source.txt,f0edd2ae7d38a40c20af76e236a6e3c5417eefa3b3f3c905082185b853589b97,f0edd2ae7d38a40c20af76e236a6e3c5417eefa3b3f3c905082185b853589b97,.deps/oct02-collective-workers0-v2/rowblock-reduce_sum-17x1024-fp16-br1/native/artifacts/source.txt
worker,hint4,rowblock-reduce_sum-17x1024-fp16-br1,source.txt,789c54bdb22139a967b96dc31e47da200749d85a6a29c2d3cbeeae254fc5e1d4,f0edd2ae7d38a40c20af76e236a6e3c5417eefa3b3f3c905082185b853589b97,.deps/oct02-collective-workers4-v2/rowblock-reduce_sum-17x1024-fp16-br1/native/artifacts/source.txt
worker,hint8,rowblock-reduce_sum-17x1024-fp16-br1,source.txt,2bc8fb510a3983250461aea015e87dc202a0a10451e63b79fe800c00da2a16c1,f0edd2ae7d38a40c20af76e236a6e3c5417eefa3b3f3c905082185b853589b97,.deps/oct02-collective-workers8-v2/rowblock-reduce_sum-17x1024-fp16-br1/native/artifacts/source.txt
worker,recheck,rowblock-reduce_sum-17x1024-fp16-br1,source.txt,f0edd2ae7d38a40c20af76e236a6e3c5417eefa3b3f3c905082185b853589b97,f0edd2ae7d38a40c20af76e236a6e3c5417eefa3b3f3c905082185b853589b97,.deps/oct02-collective-workers0-recheck-v2/rowblock-reduce_sum-17x1024-fp16-br1/native/artifacts/source.txt
worker,baseline,rowblock-reduce_sum-17x1024-fp16-br4,source.txt,fa1153ec906dd239d15319828593b3638521163710396869c43828220c3a583a,fa1153ec906dd239d15319828593b3638521163710396869c43828220c3a583a,.deps/oct02-collective-workers0-v2/rowblock-reduce_sum-17x1024-fp16-br4/native/artifacts/source.txt
worker,hint4,rowblock-reduce_sum-17x1024-fp16-br4,source.txt,b476f4e2977a6f4c51b8caf411c93b3757ffcb4bd447e84744005b12cfae1087,fa1153ec906dd239d15319828593b3638521163710396869c43828220c3a583a,.deps/oct02-collective-workers4-v2/rowblock-reduce_sum-17x1024-fp16-br4/native/artifacts/source.txt
worker,hint8,rowblock-reduce_sum-17x1024-fp16-br4,source.txt,51f478c8ceb7b9dcd9b38a22755ef1a08069dc39301f51fc0a0c7b531c87f15c,fa1153ec906dd239d15319828593b3638521163710396869c43828220c3a583a,.deps/oct02-collective-workers8-v2/rowblock-reduce_sum-17x1024-fp16-br4/native/artifacts/source.txt
worker,recheck,rowblock-reduce_sum-17x1024-fp16-br4,source.txt,fa1153ec906dd239d15319828593b3638521163710396869c43828220c3a583a,fa1153ec906dd239d15319828593b3638521163710396869c43828220c3a583a,.deps/oct02-collective-workers0-recheck-v2/rowblock-reduce_sum-17x1024-fp16-br4/native/artifacts/source.txt
worker,baseline,aligned16-rmsnorm-1x8192-fp16,source.txt,1eae64f0caffbba7b06f2e522740ce59ab6901948dbe12d813384cf3a4b44ea6,1eae64f0caffbba7b06f2e522740ce59ab6901948dbe12d813384cf3a4b44ea6,.deps/oct02-collective-workers0-v2/aligned16-rmsnorm-1x8192-fp16/native/artifacts/source.txt
worker,hint4,aligned16-rmsnorm-1x8192-fp16,source.txt,fcd5112ab2fb117fba90ff2b2f479fc506f14013ffd9bbc4c40667885a46c2fe,1eae64f0caffbba7b06f2e522740ce59ab6901948dbe12d813384cf3a4b44ea6,.deps/oct02-collective-workers4-v2/aligned16-rmsnorm-1x8192-fp16/native/artifacts/source.txt
worker,hint8,aligned16-rmsnorm-1x8192-fp16,source.txt,671394a3a1c80a790f26b8245b7921682f99a303697df91dcee2866f348fe12e,1eae64f0caffbba7b06f2e522740ce59ab6901948dbe12d813384cf3a4b44ea6,.deps/oct02-collective-workers8-v2/aligned16-rmsnorm-1x8192-fp16/native/artifacts/source.txt
worker,recheck,aligned16-rmsnorm-1x8192-fp16,source.txt,1eae64f0caffbba7b06f2e522740ce59ab6901948dbe12d813384cf3a4b44ea6,1eae64f0caffbba7b06f2e522740ce59ab6901948dbe12d813384cf3a4b44ea6,.deps/oct02-collective-workers0-recheck-v2/aligned16-rmsnorm-1x8192-fp16/native/artifacts/source.txt
worker,baseline,aligned16-layernorm-1x8192-bf16,source.txt,4c78f32b8d3cfbf10f6a70ebbd154ca7ac7b2f50ff14be5980db4061477176a9,4c78f32b8d3cfbf10f6a70ebbd154ca7ac7b2f50ff14be5980db4061477176a9,.deps/oct02-collective-workers0-v2/aligned16-layernorm-1x8192-bf16/native/artifacts/source.txt
worker,hint4,aligned16-layernorm-1x8192-bf16,source.txt,429ea571836788311798bc16af8c90855caf982101c6f0069ae9ba49fbb9d5f7,4c78f32b8d3cfbf10f6a70ebbd154ca7ac7b2f50ff14be5980db4061477176a9,.deps/oct02-collective-workers4-v2/aligned16-layernorm-1x8192-bf16/native/artifacts/source.txt
worker,hint8,aligned16-layernorm-1x8192-bf16,source.txt,3b6c1553666767e972054fc24f516073d50616a7270ff2d4968fdf7153856f64,4c78f32b8d3cfbf10f6a70ebbd154ca7ac7b2f50ff14be5980db4061477176a9,.deps/oct02-collective-workers8-v2/aligned16-layernorm-1x8192-bf16/native/artifacts/source.txt
worker,recheck,aligned16-layernorm-1x8192-bf16,source.txt,4c78f32b8d3cfbf10f6a70ebbd154ca7ac7b2f50ff14be5980db4061477176a9,4c78f32b8d3cfbf10f6a70ebbd154ca7ac7b2f50ff14be5980db4061477176a9,.deps/oct02-collective-workers0-recheck-v2/aligned16-layernorm-1x8192-bf16/native/artifacts/source.txt
worker,baseline,coverage-rmsnorm-128x8192-bf16-tile1x8192x1,source.txt,08f0e196b97a371bcd075b8679928d6efcd76990733077437a4e58feb68952d0,08f0e196b97a371bcd075b8679928d6efcd76990733077437a4e58feb68952d0,.deps/oct02-collective-workers0-v2/coverage-rmsnorm-128x8192-bf16-tile1x8192x1/native/artifacts/source.txt
worker,hint4,coverage-rmsnorm-128x8192-bf16-tile1x8192x1,source.txt,647c65db56fdea3aeadbe65c907ba608f47d389e38d0f70b580d8c49252c240d,08f0e196b97a371bcd075b8679928d6efcd76990733077437a4e58feb68952d0,.deps/oct02-collective-workers4-v2/coverage-rmsnorm-128x8192-bf16-tile1x8192x1/native/artifacts/source.txt
worker,hint8,coverage-rmsnorm-128x8192-bf16-tile1x8192x1,source.txt,9cfd2bc1ee2bebdc663eff26ae75ec7cef34071a473d0f4cbbe61d6c0a4b4fbd,08f0e196b97a371bcd075b8679928d6efcd76990733077437a4e58feb68952d0,.deps/oct02-collective-workers8-v2/coverage-rmsnorm-128x8192-bf16-tile1x8192x1/native/artifacts/source.txt
worker,recheck,coverage-rmsnorm-128x8192-bf16-tile1x8192x1,source.txt,08f0e196b97a371bcd075b8679928d6efcd76990733077437a4e58feb68952d0,08f0e196b97a371bcd075b8679928d6efcd76990733077437a4e58feb68952d0,.deps/oct02-collective-workers0-recheck-v2/coverage-rmsnorm-128x8192-bf16-tile1x8192x1/native/artifacts/source.txt
worker,baseline,coverage-layernorm-128x8192-bf16-tile1x8192x1,source.txt,173beb06ff872029d1a6e3cb4af3366c8c377523f59da7fe43f17225274fa61f,173beb06ff872029d1a6e3cb4af3366c8c377523f59da7fe43f17225274fa61f,.deps/oct02-collective-workers0-v2/coverage-layernorm-128x8192-bf16-tile1x8192x1/native/artifacts/source.txt
worker,hint4,coverage-layernorm-128x8192-bf16-tile1x8192x1,source.txt,f208b635e6670eb288236f7727af01a3c7086964648b6882a9b7e377bbd0b06c,173beb06ff872029d1a6e3cb4af3366c8c377523f59da7fe43f17225274fa61f,.deps/oct02-collective-workers4-v2/coverage-layernorm-128x8192-bf16-tile1x8192x1/native/artifacts/source.txt
worker,hint8,coverage-layernorm-128x8192-bf16-tile1x8192x1,source.txt,0140335a282681f1193c77e75b751090804641e5e472b7466cc3b3d01e5d4f88,173beb06ff872029d1a6e3cb4af3366c8c377523f59da7fe43f17225274fa61f,.deps/oct02-collective-workers8-v2/coverage-layernorm-128x8192-bf16-tile1x8192x1/native/artifacts/source.txt
worker,recheck,coverage-layernorm-128x8192-bf16-tile1x8192x1,source.txt,173beb06ff872029d1a6e3cb4af3366c8c377523f59da7fe43f17225274fa61f,173beb06ff872029d1a6e3cb4af3366c8c377523f59da7fe43f17225274fa61f,.deps/oct02-collective-workers0-recheck-v2/coverage-layernorm-128x8192-bf16-tile1x8192x1/native/artifacts/source.txt
worker,baseline,coverage-softmax-1024x512-fp16-tile1x512x1,source.txt,507b97b2d1b9a801acbc5b81da04ee52bf02ba0163c9dedaef57f79e812aef6d,507b97b2d1b9a801acbc5b81da04ee52bf02ba0163c9dedaef57f79e812aef6d,.deps/oct02-collective-workers0-v2/coverage-softmax-1024x512-fp16-tile1x512x1/native/artifacts/source.txt
worker,hint4,coverage-softmax-1024x512-fp16-tile1x512x1,source.txt,ee3b171970fd11986e4b8a24085ff9938ab750c94c84f94db50b155e3e730412,507b97b2d1b9a801acbc5b81da04ee52bf02ba0163c9dedaef57f79e812aef6d,.deps/oct02-collective-workers4-v2/coverage-softmax-1024x512-fp16-tile1x512x1/native/artifacts/source.txt
worker,hint8,coverage-softmax-1024x512-fp16-tile1x512x1,source.txt,30894f3948351ece49e777927372dc813abe36f774b40194090fdf20850c3b12,507b97b2d1b9a801acbc5b81da04ee52bf02ba0163c9dedaef57f79e812aef6d,.deps/oct02-collective-workers8-v2/coverage-softmax-1024x512-fp16-tile1x512x1/native/artifacts/source.txt
worker,recheck,coverage-softmax-1024x512-fp16-tile1x512x1,source.txt,507b97b2d1b9a801acbc5b81da04ee52bf02ba0163c9dedaef57f79e812aef6d,507b97b2d1b9a801acbc5b81da04ee52bf02ba0163c9dedaef57f79e812aef6d,.deps/oct02-collective-workers0-recheck-v2/coverage-softmax-1024x512-fp16-tile1x512x1/native/artifacts/source.txt
worker,baseline,rowblock-scan-17x1024-fp16-br1,source.txt,a4309abbf35b2b2cbbd84124a98545358b19019d397fe2b19c60e9373a3829c7,a4309abbf35b2b2cbbd84124a98545358b19019d397fe2b19c60e9373a3829c7,.deps/oct02-collective-workers0-v2/rowblock-scan-17x1024-fp16-br1/native/artifacts/source.txt
worker,hint4,rowblock-scan-17x1024-fp16-br1,source.txt,d2d93ad6378907c1d2fd4ae2f9f1ed8ecc84e71a70a31de97c6f369330bc7bde,a4309abbf35b2b2cbbd84124a98545358b19019d397fe2b19c60e9373a3829c7,.deps/oct02-collective-workers4-v2/rowblock-scan-17x1024-fp16-br1/native/artifacts/source.txt
worker,hint8,rowblock-scan-17x1024-fp16-br1,source.txt,a06d939a8d63b4d6140be56f95a69b8aff02e7ed9b90d2bd63066300bddf3645,a4309abbf35b2b2cbbd84124a98545358b19019d397fe2b19c60e9373a3829c7,.deps/oct02-collective-workers8-v2/rowblock-scan-17x1024-fp16-br1/native/artifacts/source.txt
worker,recheck,rowblock-scan-17x1024-fp16-br1,source.txt,a4309abbf35b2b2cbbd84124a98545358b19019d397fe2b19c60e9373a3829c7,a4309abbf35b2b2cbbd84124a98545358b19019d397fe2b19c60e9373a3829c7,.deps/oct02-collective-workers0-recheck-v2/rowblock-scan-17x1024-fp16-br1/native/artifacts/source.txt
worker,baseline,rowblock-scan-17x1024-fp16-br4,source.txt,eb485c2acaff1ad246b554fb0d6adee4e06cca3605f3f29d6ad2c5e94da25876,eb485c2acaff1ad246b554fb0d6adee4e06cca3605f3f29d6ad2c5e94da25876,.deps/oct02-collective-workers0-v2/rowblock-scan-17x1024-fp16-br4/native/artifacts/source.txt
worker,hint4,rowblock-scan-17x1024-fp16-br4,source.txt,c0d2085b29b0056ba48459edbd9f3602314110caadad80affc0e603f11eb5565,eb485c2acaff1ad246b554fb0d6adee4e06cca3605f3f29d6ad2c5e94da25876,.deps/oct02-collective-workers4-v2/rowblock-scan-17x1024-fp16-br4/native/artifacts/source.txt
worker,hint8,rowblock-scan-17x1024-fp16-br4,source.txt,6500c90911b68f5e850662c4dbf978c2fbab27ca48af0c2e9f8f59a12708a177,eb485c2acaff1ad246b554fb0d6adee4e06cca3605f3f29d6ad2c5e94da25876,.deps/oct02-collective-workers8-v2/rowblock-scan-17x1024-fp16-br4/native/artifacts/source.txt
worker,recheck,rowblock-scan-17x1024-fp16-br4,source.txt,eb485c2acaff1ad246b554fb0d6adee4e06cca3605f3f29d6ad2c5e94da25876,eb485c2acaff1ad246b554fb0d6adee4e06cca3605f3f29d6ad2c5e94da25876,.deps/oct02-collective-workers0-recheck-v2/rowblock-scan-17x1024-fp16-br4/native/artifacts/source.txt
worker,baseline,rowblock-reduce_max-17x1024-fp16-br1,source.txt,11899c6238f547d0506cd7d05ba7426a2c1f5f8a49d9dd18c60e2b781b83295d,11899c6238f547d0506cd7d05ba7426a2c1f5f8a49d9dd18c60e2b781b83295d,.deps/oct02-collective-workers0-v2/rowblock-reduce_max-17x1024-fp16-br1/native/artifacts/source.txt
worker,hint4,rowblock-reduce_max-17x1024-fp16-br1,source.txt,da03fb1b72fd6dcbbc50d4447a48d9eb970dbea7af9d4e5337ca6a33818c2753,11899c6238f547d0506cd7d05ba7426a2c1f5f8a49d9dd18c60e2b781b83295d,.deps/oct02-collective-workers4-v2/rowblock-reduce_max-17x1024-fp16-br1/native/artifacts/source.txt
worker,hint8,rowblock-reduce_max-17x1024-fp16-br1,source.txt,17ae770d90af56ee4f1f248815ddfc8bc2e71346a9fb570b8ca4940b84b34b8f,11899c6238f547d0506cd7d05ba7426a2c1f5f8a49d9dd18c60e2b781b83295d,.deps/oct02-collective-workers8-v2/rowblock-reduce_max-17x1024-fp16-br1/native/artifacts/source.txt
worker,recheck,rowblock-reduce_max-17x1024-fp16-br1,source.txt,11899c6238f547d0506cd7d05ba7426a2c1f5f8a49d9dd18c60e2b781b83295d,11899c6238f547d0506cd7d05ba7426a2c1f5f8a49d9dd18c60e2b781b83295d,.deps/oct02-collective-workers0-recheck-v2/rowblock-reduce_max-17x1024-fp16-br1/native/artifacts/source.txt
worker,baseline,rowblock-reduce_max-17x1024-fp16-br4,source.txt,0eaa88974d208f83f986d051f5745281dc5fda535971d7823bdd0955912cfe6d,0eaa88974d208f83f986d051f5745281dc5fda535971d7823bdd0955912cfe6d,.deps/oct02-collective-workers0-v2/rowblock-reduce_max-17x1024-fp16-br4/native/artifacts/source.txt
worker,hint4,rowblock-reduce_max-17x1024-fp16-br4,source.txt,96ba4ca495a9f55650a685e18934a39dd33f39e6813f21396d08c5406d4e1f4d,0eaa88974d208f83f986d051f5745281dc5fda535971d7823bdd0955912cfe6d,.deps/oct02-collective-workers4-v2/rowblock-reduce_max-17x1024-fp16-br4/native/artifacts/source.txt
worker,hint8,rowblock-reduce_max-17x1024-fp16-br4,source.txt,f05a6916a3834633795a8072c2c561f9baec50d854ee255d249b77512e9613c1,0eaa88974d208f83f986d051f5745281dc5fda535971d7823bdd0955912cfe6d,.deps/oct02-collective-workers8-v2/rowblock-reduce_max-17x1024-fp16-br4/native/artifacts/source.txt
worker,recheck,rowblock-reduce_max-17x1024-fp16-br4,source.txt,0eaa88974d208f83f986d051f5745281dc5fda535971d7823bdd0955912cfe6d,0eaa88974d208f83f986d051f5745281dc5fda535971d7823bdd0955912cfe6d,.deps/oct02-collective-workers0-recheck-v2/rowblock-reduce_max-17x1024-fp16-br4/native/artifacts/source.txt
structural,control,aligned16-scan-128x8192-fp16,source.txt,6f66b82ac9b1357bdcd16e7ee0648fc13f0d7801c4d2248c5d26ae20f66e5fc6,,.deps/oct02-collective-structure-control-v2/aligned16-scan-128x8192-fp16/native/artifacts/source.txt
structural,chunk1024,aligned16-scan-128x8192-fp16,source.txt,03ddc4e80c7535db7b292682c1f0146ad74f5698ce78eb9799a4e30860d4f1d5,,.deps/oct02-collective-structure-chunk1024-v2/aligned16-scan-128x8192-fp16/native/artifacts/source.txt
structural,chunk2048,aligned16-scan-128x8192-fp16,source.txt,43609e5ea7313cbf4de8733e591cb83778a925e7ad97b33c6adfcfc0bf1becd1,,.deps/oct02-collective-structure-chunk2048-v2/aligned16-scan-128x8192-fp16/native/artifacts/source.txt
structural,control,aligned16-scan-128x8192-bf16,source.txt,2d6ed5716e5887ade222a99310f65fb5b2a13b637dbc4d8d7d554957327143bd,,.deps/oct02-collective-structure-control-v2/aligned16-scan-128x8192-bf16/native/artifacts/source.txt
structural,chunk1024,aligned16-scan-128x8192-bf16,source.txt,fbe738d1b98a3e5252064daa8c40d9fceac20e591615b36216ec7ea15439dfdc,,.deps/oct02-collective-structure-chunk1024-v2/aligned16-scan-128x8192-bf16/native/artifacts/source.txt
structural,chunk2048,aligned16-scan-128x8192-bf16,source.txt,e61eae50d48b23812e9cbde17e73d7983cf335fba24b0be502769799c30906f1,,.deps/oct02-collective-structure-chunk2048-v2/aligned16-scan-128x8192-bf16/native/artifacts/source.txt
structural,control,aligned16-control-scan-128x8192-fp32,source.txt,d0e24c895b3e388f9f460887e05d49013143c9723702dfb80c5d195687ef97a6,,.deps/oct02-collective-structure-control-v2/aligned16-control-scan-128x8192-fp32/native/artifacts/source.txt
structural,chunk1024,aligned16-control-scan-128x8192-fp32,source.txt,72c5326813aa4dd154ff031d0127206fdeed20e06afaca1cc8eb0ba537331c83,,.deps/oct02-collective-structure-chunk1024-v2/aligned16-control-scan-128x8192-fp32/native/artifacts/source.txt
structural,chunk2048,aligned16-control-scan-128x8192-fp32,source.txt,b249b26d5cd909144ee7ae26838ee619bf3e04561da1e75d00f729ad9d6f9112,,.deps/oct02-collective-structure-chunk2048-v2/aligned16-control-scan-128x8192-fp32/native/artifacts/source.txt
structural,control,rowblock-reduce_sum-128x65-fp32-br4,source.txt,5c4ee3bcc7395c121aba142fd5cd116dfc8a16348947fc8f23ece232a9be3cff,,.deps/oct02-collective-structure-control-v2/rowblock-reduce_sum-128x65-fp32-br4/native/artifacts/source.txt
structural,independent1,rowblock-reduce_sum-128x65-fp32-br4,source.txt,7bb6b8bc3467f410799a2b11cb8163ceeecbf72c9e64da7c5a9d7624daf01464,,.deps/oct02-collective-structure-independent1-v2/rowblock-reduce_sum-128x65-fp32-br4/native/artifacts/source.txt
structural,control,rowblock-reduce_sum-17x1024-fp16-br4,source.txt,fa1153ec906dd239d15319828593b3638521163710396869c43828220c3a583a,,.deps/oct02-collective-structure-control-v2/rowblock-reduce_sum-17x1024-fp16-br4/native/artifacts/source.txt
structural,independent1,rowblock-reduce_sum-17x1024-fp16-br4,source.txt,31c142b3ac02788764656618a300fc1dee394e7e2536d16d3124a5a43cc3e8f7,,.deps/oct02-collective-structure-independent1-v2/rowblock-reduce_sum-17x1024-fp16-br4/native/artifacts/source.txt
structural,control,rowblock-scan-17x1024-fp16-br4,source.txt,eb485c2acaff1ad246b554fb0d6adee4e06cca3605f3f29d6ad2c5e94da25876,,.deps/oct02-collective-structure-control-v2/rowblock-scan-17x1024-fp16-br4/native/artifacts/source.txt
structural,independent1,rowblock-scan-17x1024-fp16-br4,source.txt,cf67ba1425c2576ba8ffbeaf24bcece0e87c02b99a71251e3aa0e76a09696408,,.deps/oct02-collective-structure-independent1-v2/rowblock-scan-17x1024-fp16-br4/native/artifacts/source.txt
structural,control,rowblock-reduce_max-17x1024-fp16-br4,source.txt,0eaa88974d208f83f986d051f5745281dc5fda535971d7823bdd0955912cfe6d,,.deps/oct02-collective-structure-control-v2/rowblock-reduce_max-17x1024-fp16-br4/native/artifacts/source.txt
structural,independent1,rowblock-reduce_max-17x1024-fp16-br4,source.txt,5f9425ce283689ec1c0b942214c61d2cc880524b2d966c2d21fff1f0166403a5,,.deps/oct02-collective-structure-independent1-v2/rowblock-reduce_max-17x1024-fp16-br4/native/artifacts/source.txt
