experiment,cohort,case_id,operation,dimensions,tile,precision,fast_math,route,p50_us,sample1_us,sample2_us,sample3_us,sample4_us,sample5_us,sample6_us,sample7_us,compile_ms,fixture_ms,runtime_ms,cold_ms,graph_build_ms,torch_cold_compile_first_call_ms
worker,baseline,aligned16-scan-128x8192-fp16,scan,128x8192,1x8192x1,fp16,False,native,12.344130527826003,12.340717080198688,12.34185489607446,12.352221453631365,12.344004313151041,12.344130527826003,12.345900358977142,12.344382957175926,1903.9864,118.7611,1583.9615,0.1838,0.8575,
worker,baseline,aligned16-scan-128x8192-fp16,scan,128x8192,1x8192x1,fp16,False,torch,5.465292794363839,5.46318620954241,5.464882986886161,5.465643746512277,5.465819440569196,5.465292794363839,5.462191336495536,5.46710684640067,,,,,,57990.2239
worker,hint4,aligned16-scan-128x8192-fp16,scan,128x8192,1x8192x1,fp16,False,native,12.347007751464844,12.347647666931152,12.347264289855957,12.344575881958008,12.345600128173828,12.348799705505371,12.343680381774902,12.347007751464844,1483.2977,127.7809,1612.9987,0.144,0.5484,
worker,hint8,aligned16-scan-128x8192-fp16,scan,128x8192,1x8192x1,fp16,False,native,16.20612113706527,16.22858355122228,16.210250854492188,16.20529543968939,16.20678194107548,16.20612113706527,16.20430484894783,16.200835935531124,1408.7656,132.7224,1672.7742,0.1581,1.0384,
worker,recheck,aligned16-scan-128x8192-fp16,scan,128x8192,1x8192x1,fp16,False,native,12.322175979614258,12.31334400177002,12.337535858154297,12.322175979614258,12.322688102722168,12.33779239654541,12.31935977935791,12.319104194641113,3215.6028,91.8434,1526.9667,0.1488,1.0055,
worker,baseline,aligned16-scan-128x8192-bf16,scan,128x8192,1x8192x1,bf16,False,native,12.356772717134453,12.322385811511381,12.35841539171007,12.356772717134453,12.359048348885995,12.355887330608603,12.358542548285591,12.356013545283565,1537.866,146.6456,1898.7046,0.1669,1.0902,
worker,baseline,aligned16-scan-128x8192-bf16,scan,128x8192,1x8192x1,bf16,False,torch,5.4797961495139385,5.481541807001287,5.479214408180931,5.477876229719683,5.481018153103915,5.4797961495139385,5.482647202231667,5.4797961495139385,,,,,,12562.7046
worker,hint4,aligned16-scan-128x8192-bf16,scan,128x8192,1x8192x1,bf16,False,native,12.359300778235918,12.359300778235918,12.353485484182098,12.355887330608603,12.360185222861208,12.359680364161362,12.358542548285591,12.36638010284047,1232.2904,52.9774,1232.9261,0.1238,0.7818,
worker,hint8,aligned16-scan-128x8192-bf16,scan,128x8192,1x8192x1,bf16,False,native,16.13724862375567,16.13543233563823,16.13724862375567,16.141378341182584,16.128990419449345,16.12733902469758,16.145837845340854,16.143194629300027,1116.3673,91.7363,1975.8742,0.1735,0.7839,
worker,recheck,aligned16-scan-128x8192-bf16,scan,128x8192,1x8192x1,bf16,False,native,12.32327119803723,12.323903213312596,12.323144983362269,12.317076318057968,12.318846149209104,12.324788599838445,12.323650783962673,12.32327119803723,1588.7313,104.1105,1876.2119,0.159,0.8357,
worker,baseline,aligned16-control-scan-128x8192-fp32,scan,128x8192,1x8192x1,fp32,False,native,13.843911488850912,13.840640385945639,13.844195471869575,13.845191531711155,13.843200471666124,13.843911488850912,13.856710857815212,13.843342463175455,1913.0277,58.9944,2547.2956,0.2227,0.9531,
worker,baseline,aligned16-control-scan-128x8192-fp32,scan,128x8192,1x8192x1,fp32,False,torch,10.480270385742188,10.166102930442575,10.17750454932144,10.297639197909955,10.480270385742188,10.49600030958038,10.524925153280043,10.612862970411163,,,,,,17636.4098
worker,hint4,aligned16-control-scan-128x8192-fp32,scan,128x8192,1x8192x1,fp32,False,native,13.937351438734266,13.917297787136501,13.936924404568142,13.963235219319662,13.968355390760633,13.887146843804253,14.632960425482857,13.937351438734266,1774.3624,47.3588,2294.2091,0.2852,1.4192,
worker,hint8,aligned16-control-scan-128x8192-fp32,scan,128x8192,1x8192x1,fp32,False,native,18.407726994267218,18.39160919189453,18.389902468080873,18.4024175008138,18.407726994267218,18.40924439606843,18.45210040057147,18.483200073242188,987.2897,38.4186,1818.7979,0.1456,0.9093,
worker,recheck,aligned16-control-scan-128x8192-fp32,scan,128x8192,1x8192x1,fp32,False,native,13.845191531711155,13.8319640689426,13.836373223198784,13.845191531711155,13.843484454684788,13.85941293504503,13.882026672363281,13.896675109863281,2172.0238,37.6131,2006.0095,0.191,0.8866,
worker,baseline,rowblock-reduce_sum-128x65-fp32-br1,reduce_sum,128x65,1x128x1,fp32,False,native,1.0175391771516746,1.0170865559446218,1.0163963697233254,1.0175391771516746,1.0166226381755006,1.0181954736867662,1.0190893352361015,1.0184670126899171,1223.7515,0.476,1553.7871,0.1108,1.3115,
worker,baseline,rowblock-reduce_sum-128x65-fp32-br1,reduce_sum,128x65,1x128x1,fp32,False,torch,0.9736167967087563,0.9745830135122812,0.9735969068475271,0.973756248385062,0.9734674001018361,0.9734474360247066,0.9736167967087563,0.973726413593218,,,,,,11773.1323
worker,hint4,rowblock-reduce_sum-128x65-fp32-br1,reduce_sum,128x65,1x128x1,fp32,False,native,1.026480027607509,1.026480027607509,1.0268799747739519,1.0257256882531303,1.026399987084525,1.0254743269511633,1.0270971059799194,1.0295085396085466,1376.4524,0.8081,1906.0561,0.079,0.7708,
worker,hint8,rowblock-reduce_sum-128x65-fp32-br1,reduce_sum,128x65,1x128x1,fp32,False,native,1.194784575404383,1.1965383877411733,1.19643933206632,1.194784575404383,1.1932570104440932,1.1949683552947492,1.1945299812443348,1.1932428897415077,979.8545,0.8055,1827.6459,0.1488,1.3714,
worker,recheck,rowblock-reduce_sum-128x65-fp32-br1,reduce_sum,128x65,1x128x1,fp32,False,native,1.0250007455999202,1.0276771025224165,1.0258618268099697,1.0250007455999202,1.0223709453235974,1.0255476344715466,1.0240465510975232,1.0246399966153232,462.5996,0.3873,944.7433,0.0813,1.2203,
worker,baseline,rowblock-reduce_sum-128x65-fp32-br4,reduce_sum,128x65,4x128x1,fp32,False,native,0.9422403387336492,0.9422403387336492,0.9390977927190028,0.9424327460111805,0.9427106853317866,0.9420479314561179,0.9404980016401765,0.942614481693021,1406.0825,0.6663,1678.254,0.1555,0.5762,
worker,baseline,rowblock-reduce_sum-128x65-fp32-br4,reduce_sum,128x65,4x128x1,fp32,False,torch,1.061155851227067,1.0616048796603799,1.059671604096091,1.0609936917452516,1.061155851227067,1.0613803654437233,1.0619166533345863,1.0605322109505844,,,,,,16719.2347
worker,hint4,rowblock-reduce_sum-128x65-fp32-br4,reduce_sum,128x65,4x128x1,fp32,False,native,0.9454118972745221,0.9452564131929145,0.9454118972745221,0.944956533303747,0.9454563331190262,0.9431906015391981,0.9457117771636897,0.9457117771636897,941.9943,0.4906,1511.2483,0.2009,0.8081,
worker,hint8,rowblock-reduce_sum-128x65-fp32-br4,reduce_sum,128x65,4x128x1,fp32,False,native,0.978303995999423,0.9778036637739702,0.9787578582763672,0.9767097993330522,0.978303995999423,0.9781876477328214,0.9785600142045454,0.9784203442660245,920.9904,1.0382,2011.7258,0.1759,1.1948,
worker,recheck,rowblock-reduce_sum-128x65-fp32-br4,reduce_sum,128x65,4x128x1,fp32,False,native,0.9422107453041888,0.9422216212495844,0.9446399769884475,0.9404459202543218,0.9422543302495429,0.9421780363042304,0.9422107453041888,0.942069114522731,1520.8625,0.451,1423.5439,0.1241,1.1095,
worker,baseline,rowblock-reduce_sum-17x1024-fp16-br1,reduce_sum,17x1024,1x1024x1,fp16,False,native,0.9244450116707544,0.9256056438358042,0.924886628880783,0.9244450116707544,0.9231919390985457,0.9259343123364233,0.9235822855529479,0.9223908144110065,1805.449,1.1854,1690.1614,0.1186,0.737,
worker,baseline,rowblock-reduce_sum-17x1024-fp16-br1,reduce_sum,17x1024,1x1024x1,fp16,False,torch,0.9836903455351022,0.9838558840145966,0.9836903455351022,0.983276455286744,0.9856887006869768,0.9831819247979214,0.9840332277927883,0.980781484696386,,,,,,11605.0707
worker,hint4,rowblock-reduce_sum-17x1024-fp16-br1,reduce_sum,17x1024,1x1024x1,fp16,False,native,0.9274825238166972,0.928354060396235,0.9274825238166972,0.9271775103629903,0.9275369847074468,0.9268398690730968,0.9348793029785156,0.9252711356954372,910.3514,2.6742,2127.4439,0.1605,0.8988,
worker,hint8,rowblock-reduce_sum-17x1024-fp16-br1,reduce_sum,17x1024,1x1024x1,fp16,False,native,0.9374714819624396,0.9375154062961534,0.9375154062961534,0.93641557703725,0.9374714819624396,0.9374384567637705,0.9377464187900695,0.9371854821029975,788.9919,1.8734,2068.5492,0.1011,1.3631,
worker,recheck,rowblock-reduce_sum-17x1024-fp16-br1,reduce_sum,17x1024,1x1024x1,fp16,False,native,0.9235608527000915,0.9236044376454455,0.9235063918093418,0.9256415671490609,0.9203145453270446,0.9232885482463431,0.9235608527000915,0.9236806504269863,1205.9563,1.8513,2012.8048,0.3801,1.2906,
worker,baseline,rowblock-reduce_sum-17x1024-fp16-br4,reduce_sum,17x1024,4x1024x1,fp16,False,native,2.1990931557177396,2.1982417646236287,2.2013634732358724,2.1990931557177396,2.1985256203878283,2.198620238975895,2.200819548503356,2.1991877743058064,2248.3641,0.9724,1229.4271,0.0978,1.1254,
worker,baseline,rowblock-reduce_sum-17x1024-fp16-br4,reduce_sum,17x1024,4x1024x1,fp16,False,torch,0.9080921079716894,0.9079900138073366,0.9100417191616967,0.9080921079716894,0.9078229003242223,0.9070337456351286,0.9081106453944852,0.9081756647132465,,,,,,9543.1096
worker,hint4,rowblock-reduce_sum-17x1024-fp16-br4,reduce_sum,17x1024,4x1024x1,fp16,False,native,2.207417653284227,2.2078433488312825,2.206944736542382,2.2068737285517104,2.209049427481777,2.206684491375577,2.207937967419349,2.207417653284227,1604.0618,1.9007,1398.0229,0.2995,0.8981,
worker,hint8,rowblock-reduce_sum-17x1024-fp16-br4,reduce_sum,17x1024,4x1024x1,fp16,False,native,1.4770272322527067,1.4645457830954725,1.4737536813330463,1.4770595520500123,1.4770272322527067,1.4797525480976255,1.4769305131566806,1.4799137866403174,1180.9306,1.495,2103.1958,0.3175,1.7956,
worker,recheck,rowblock-reduce_sum-17x1024-fp16-br4,reduce_sum,17x1024,4x1024x1,fp16,False,native,2.202167643135194,2.1999445468118504,2.2028534076505664,2.202167643135194,2.200252013173445,2.2037520199394667,2.199755309635717,2.203066255424094,1424.4326,1.5994,2029.3416,0.1566,0.9883,
worker,baseline,aligned16-rmsnorm-1x8192-fp16,rmsnorm,1x8192,1x8192x1,fp16,False,native,2.89009117569763,2.889746803027045,2.89009117569763,2.887867918801964,2.8908429160395164,2.890435781683032,2.8890890885565987,2.8902792274405105,1392.2487,0.9043,2010.1928,0.1545,1.2626,
worker,baseline,aligned16-rmsnorm-1x8192-fp16,rmsnorm,1x8192,1x8192x1,fp16,False,torch,1.4143708619204434,1.422981782393022,1.416625434702093,1.4058327674865723,1.4104145223444158,1.4092509313063188,1.4143708619204434,1.4157090403816917,,,,,,14447.5388
worker,hint4,aligned16-rmsnorm-1x8192-fp16,rmsnorm,1x8192,1x8192x1,fp16,False,native,2.904736392469291,2.9023613987198793,2.905538398099233,2.906278587249388,2.904736392469291,2.9041811931564148,2.9014362197324455,2.905198981963008,1541.0967,0.5499,1540.9588,0.2287,0.8386,
worker,hint8,aligned16-rmsnorm-1x8192-fp16,rmsnorm,1x8192,1x8192x1,fp16,False,native,2.272152867194361,2.2727764406583906,2.273040163991602,2.272152867194361,2.2728723887816527,2.2706900603318942,2.2692990805561144,2.2683158356356117,1052.9684,1.0937,1985.7568,0.1245,0.7809,
worker,recheck,aligned16-rmsnorm-1x8192-fp16,rmsnorm,1x8192,1x8192x1,fp16,False,native,2.8889943592583953,2.8889943592583953,2.891714978573927,2.8859683364184936,2.8822695604011193,2.8919898645201725,2.8866406341097246,2.890369927705224,2368.1943,0.5155,1291.4711,0.09,0.6642,
worker,baseline,aligned16-layernorm-1x8192-bf16,layernorm,1x8192,1x8192x1,bf16,False,native,3.27366524002179,3.2723070001926553,3.2735956931600767,3.2732124069110067,3.27366524002179,3.2742574263592155,3.2741878794975023,3.274814579762569,1723.9957,0.9306,2250.3031,0.1444,1.4778,
worker,baseline,aligned16-layernorm-1x8192-bf16,layernorm,1x8192,1x8192x1,bf16,False,torch,1.9162466908792462,1.9167417898860615,1.9166229956385246,1.913968940306909,1.9156128756082265,1.9162466908792462,1.9165635247295092,1.9082646028677315,,,,,,13542.3369
worker,hint4,aligned16-layernorm-1x8192-bf16,layernorm,1x8192,1x8192x1,bf16,False,native,3.2884380353595617,3.2897660187080047,3.2887525851409185,3.2866556733948378,3.2884380353595617,3.287214728345643,3.2878438279083566,3.2956023753299646,1682.2249,0.6506,1112.2302,0.1279,1.308,
worker,hint8,aligned16-layernorm-1x8192-bf16,layernorm,1x8192,1x8192x1,bf16,False,native,2.6184069592019785,2.6176000678020976,2.6189913957015327,2.6184069592019785,2.618212077928626,2.616765188134235,2.618824295375658,2.6189634074335513,1540.504,0.4429,1623.6596,0.123,1.1461,
worker,recheck,aligned16-layernorm-1x8192-bf16,layernorm,1x8192,1x8192x1,bf16,False,native,3.2745127989254454,3.2758499093072113,3.2745127989254454,3.274583062765115,3.2738442437345627,3.2744071409874356,3.2762722788807452,3.268460145930654,1408.8759,0.713,2137.3406,0.1932,0.8296,
worker,baseline,coverage-rmsnorm-128x8192-bf16-tile1x8192x1,rmsnorm,128x8192,1x8192x1,bf16,False,native,7.73224838136688,7.644683958038571,7.644038763571912,7.73224838136688,7.810539786271223,7.80586302749754,7.781593743271715,7.674678291861467,1259.4126,105.4704,2157.8354,0.172,0.5279,
worker,baseline,coverage-rmsnorm-128x8192-bf16-tile1x8192x1,rmsnorm,128x8192,1x8192x1,bf16,False,torch,4.8822493600373225,4.830795892394415,4.828920269956683,4.818477441768835,4.8822493600373225,4.8888397216796875,4.899333160702545,4.889346585415377,,,,,,16475.2904
worker,hint4,coverage-rmsnorm-128x8192-bf16-tile1x8192x1,rmsnorm,128x8192,1x8192x1,bf16,False,native,7.822781839678364,7.698663280856225,7.6735588812058975,7.673393372566469,7.886534044819493,7.867127695391255,7.86027354578818,7.822781839678364,1251.7139,33.0436,2015.4791,0.1779,0.8414,
worker,hint8,coverage-rmsnorm-128x8192-bf16-tile1x8192x1,rmsnorm,128x8192,1x8192x1,bf16,False,native,7.8033794620172765,7.707972952990028,7.685577888798908,7.694152583920859,7.857826046827363,7.874809823385099,7.863321071717797,7.8033794620172765,1204.6646,17.7696,1541.4407,0.2643,1.0053,
worker,recheck,coverage-rmsnorm-128x8192-bf16-tile1x8192x1,rmsnorm,128x8192,1x8192x1,bf16,False,native,7.796856535582983,7.710031461314995,7.746258903952206,7.671394668707327,7.806063740193343,7.837385930934874,7.809505943490677,7.796856535582983,1915.4375,46.5344,1916.1399,0.3846,1.2517,
worker,baseline,coverage-layernorm-128x8192-bf16-tile1x8192x1,layernorm,128x8192,1x8192x1,bf16,False,native,11.216057864102451,11.20791261846369,11.207796443592418,11.209076101129705,11.21745456348766,11.21675664728338,11.216057864102451,11.217686913230203,2541.6577,43.3586,1709.4744,0.0999,0.9693,
worker,baseline,coverage-layernorm-128x8192-bf16-tile1x8192x1,layernorm,128x8192,1x8192x1,bf16,False,torch,8.091120955967668,8.069525237130646,8.041340289729657,8.045395955000773,8.091120955967668,8.134514081596148,8.170607160813738,8.18713348690826,,,,,,21090.3112
worker,hint4,coverage-layernorm-128x8192-bf16-tile1x8192x1,layernorm,128x8192,1x8192x1,bf16,False,native,11.234890369886763,11.216711837254213,11.220508532577686,11.230288730578476,11.236961450469629,11.237077177240607,11.234890369886763,11.250883809636148,1349.052,18.3293,1270.533,0.163,1.1462,
worker,hint8,coverage-layernorm-128x8192-bf16-tile1x8192x1,layernorm,128x8192,1x8192x1,bf16,False,native,9.882395475813485,10.052399126071375,9.848096532729066,9.861219091322816,9.863505687528443,9.882395475813485,10.076159875369767,10.069300086752882,1053.0626,16.9704,1363.3086,0.1583,1.4762,
worker,recheck,coverage-layernorm-128x8192-bf16-tile1x8192x1,layernorm,128x8192,1x8192x1,bf16,False,native,11.211740778780532,11.21185828899515,11.20691496750404,11.208562741334411,11.207620905733657,11.21185828899515,11.211740778780532,11.213506062825521,1893.3716,19.1996,1224.4245,0.2323,0.6615,
worker,baseline,coverage-softmax-1024x512-fp16-tile1x512x1,softmax,1024x512,1x512x1,fp16,False,native,5.720578995219038,5.641171976101179,5.671766316232506,5.645883478269987,5.720578995219038,5.766125076387557,5.758146976400738,5.747718108943635,1165.6487,45.522,2437.1198,0.183,0.829,
worker,baseline,coverage-softmax-1024x512-fp16-tile1x512x1,softmax,1024x512,1x512x1,fp16,False,torch,3.2821519698830848,3.260316217402548,3.265739467501225,3.278120087414253,3.2821519698830848,3.3095181029848106,3.3172960979182546,3.318188231996543,,,,,,12212.7213
worker,hint4,coverage-softmax-1024x512-fp16-tile1x512x1,softmax,1024x512,1x512x1,fp16,False,native,5.804978382738331,5.700439259975771,5.685468263263944,5.681385088570511,5.804978382738331,5.827726533141317,5.824809979788864,5.815542196925683,931.7616,19.4097,1559.0476,0.164,1.2071,
worker,hint8,coverage-softmax-1024x512-fp16-tile1x512x1,softmax,1024x512,1x512x1,fp16,False,native,8.94921166556222,8.800183023725237,8.800365584237236,8.811794008527484,8.94921166556222,8.961645535060338,8.960548809596471,8.953874451773506,933.3528,22.0367,1631.7462,0.1948,0.6976,
worker,recheck,coverage-softmax-1024x512-fp16-tile1x512x1,softmax,1024x512,1x512x1,fp16,False,native,5.776925928452435,5.662057315602022,5.660430908203125,5.673261305865119,5.80824863209444,5.795659233542049,5.801441865808823,5.776925928452435,1699.8721,16.4029,1393.5812,0.0887,0.7843,
worker,baseline,rowblock-scan-17x1024-fp16-br1,scan,17x1024,1x1024x1,fp16,False,native,1.0135854374278674,1.0127592953768643,1.015528765591708,1.010315634987571,1.0132829492742366,1.0135854374278674,1.0142487612637607,1.0138530731201172,1139.0586,2.6313,2190.2239,0.1645,1.3563,
worker,baseline,rowblock-scan-17x1024-fp16-br1,scan,17x1024,1x1024x1,fp16,False,torch,0.925733583782791,0.925733583782791,0.9257962288112815,0.9226803677526818,0.9182962656750226,0.9259527830538035,0.9261563502320456,0.9255300166045489,,,,,,9386.2513
worker,hint4,rowblock-scan-17x1024-fp16-br1,scan,17x1024,1x1024x1,fp16,False,native,1.0173289754108092,1.0177439155308068,1.017360049540511,1.0170695605369808,1.0147248551234407,1.0173289754108092,1.0174845779558084,1.0166131109452174,1362.9392,1.3976,1087.1565,0.1572,1.0561,
worker,hint8,rowblock-scan-17x1024-fp16-br1,scan,17x1024,1x1024x1,fp16,False,native,1.0448866378800123,1.0447582057526368,1.044233874218342,1.0450149902853971,1.044897320626796,1.0449508140827048,1.0448866378800123,1.0435811902786623,624.7301,0.8879,1362.2755,0.0935,0.8989,
worker,recheck,rowblock-scan-17x1024-fp16-br1,scan,17x1024,1x1024x1,fp16,False,native,1.01776140230196,1.018384125855592,1.01776140230196,1.0181189012957048,1.0190760122763145,1.0172425519238721,1.0172425519238721,1.0138637955124314,3130.6101,0.9171,1384.3762,0.0742,1.1941,
worker,baseline,rowblock-scan-17x1024-fp16-br4,scan,17x1024,4x1024x1,fp16,False,native,2.6952377189657843,2.694657409495065,2.697123238452771,2.696107858976629,2.69312007569051,2.6952377189657843,2.6959049127594947,2.693555145695932,2843.7567,3.6833,1992.1653,0.0749,1.3074,
worker,baseline,rowblock-scan-17x1024-fp16-br4,scan,17x1024,4x1024x1,fp16,False,torch,1.0025750622228011,0.9996581388452467,1.0023080716759654,1.0024005120831243,1.002801036165136,1.0025750622228011,1.0112128071225395,1.0033145854800731,,,,,,9495.6138
worker,hint4,rowblock-scan-17x1024-fp16-br4,scan,17x1024,4x1024x1,fp16,False,native,2.7084070189386353,2.709019761479478,2.7084070189386353,2.706860925397302,2.7069776486127806,2.7085237421541133,2.709048887942931,2.707006775076233,1554.208,1.9138,1817.8317,0.1151,0.8862,
worker,hint8,rowblock-scan-17x1024-fp16-br4,scan,17x1024,4x1024x1,fp16,False,native,2.970338301225142,2.970530829833219,2.974254644029193,2.9713334708378234,2.970338301225142,2.9666467744354916,2.9695358993865106,2.970113724376714,1289.8638,2.8586,2005.4509,0.2891,0.907,
worker,recheck,rowblock-scan-17x1024-fp16-br4,scan,17x1024,4x1024x1,fp16,False,native,2.710110328716939,2.7063348439818653,2.70722138815086,2.708594466054906,2.710110328716939,2.712284279935187,2.711969514132878,2.7120553980992494,1096.4261,1.2169,2027.2541,0.097,0.7599,
worker,baseline,rowblock-reduce_max-17x1024-fp16-br1,reduce_max,17x1024,1x1024x1,fp16,False,native,0.9317235147817429,0.9327930501722871,0.9314588134513153,0.9315858385308945,0.9317235147817429,0.9296055885480626,0.9317446593291511,0.9346356239042706,946.29,1.0287,2454.4913,0.167,1.2463,
worker,baseline,rowblock-reduce_max-17x1024-fp16-br1,reduce_max,17x1024,1x1024x1,fp16,False,torch,0.9132000378199986,0.9125485590526036,0.9136571202959333,0.9130514519555228,0.9134056738444737,0.9135999849864415,0.9132000378199986,0.9121257066726685,,,,,,9099.6009
worker,hint4,rowblock-reduce_max-17x1024-fp16-br1,reduce_max,17x1024,1x1024x1,fp16,False,native,0.9299480939956697,0.930215282081811,0.9300228748042797,0.9299480939956697,0.9297770299095202,0.9295418566104514,0.9298197959310576,0.9301190784430454,828.0675,1.1137,2040.3559,0.2977,1.0976,
worker,hint8,rowblock-reduce_max-17x1024-fp16-br1,reduce_max,17x1024,1x1024x1,fp16,False,native,0.9331145590924202,0.9325371600211935,0.9336592491636885,0.9331145590924202,0.9333106507646277,0.933212604928524,0.9313606911517204,0.9293018097573138,745.4094,1.0001,2050.0836,0.141,1.3266,
worker,recheck,rowblock-reduce_max-17x1024-fp16-br1,reduce_max,17x1024,1x1024x1,fp16,False,native,0.9276178634739122,0.9276178634739122,0.928066787241894,0.9295098418233788,0.9276499578997586,0.9265597030862637,0.925896949210595,0.9274895654092999,1025.3315,0.5026,1277.6741,0.1251,1.0605,
worker,baseline,rowblock-reduce_max-17x1024-fp16-br4,reduce_max,17x1024,4x1024x1,fp16,False,native,2.164782995465158,2.164782995465158,2.164830174939386,2.1650655461453843,2.162970531945941,2.164453440699084,2.163982698287087,2.1648771790252335,1876.1906,0.947,1630.2075,0.164,1.1151,
worker,baseline,rowblock-reduce_max-17x1024-fp16-br4,reduce_max,17x1024,4x1024x1,fp16,False,torch,0.9135743301280224,0.9127894631267464,0.9136117113767749,0.9140601471392777,0.9124624990198734,0.9137237855117687,0.9129856972798814,0.9135743301280224,,,,,,9018.3673
worker,hint4,rowblock-reduce_max-17x1024-fp16-br4,reduce_max,17x1024,4x1024x1,fp16,False,native,2.172264508156232,2.1747229871772107,2.1751288211706914,2.169949013592202,2.1728849966765007,2.172264508156232,2.171238007801118,2.1710470061757903,967.9371,0.7435,1916.7571,0.0779,2.7773,
worker,hint8,rowblock-reduce_max-17x1024-fp16-br4,reduce_max,17x1024,4x1024x1,fp16,False,native,1.558960385486459,1.556949272093328,1.557284416036403,1.5594966907157835,1.5564632884024012,1.558960385486459,1.561055284865359,1.5597649057641163,944.5492,1.1795,1650.4049,0.1673,1.069,
worker,recheck,rowblock-reduce_max-17x1024-fp16-br4,reduce_max,17x1024,4x1024x1,fp16,False,native,2.16545610123029,2.1645208907453983,2.165713201374768,2.16545610123029,2.165385903833119,2.1645442318154253,2.1666717529296875,2.167723842951805,1873.3272,1.1073,2091.0851,0.2201,0.7916,
structural,control,aligned16-scan-128x8192-fp16,scan,128x8192,1x8192x1,fp16,False,native,12.34577414430218,12.346279944902586,12.34577414430218,12.342107325424383,12.342613126024787,12.344256742500965,12.346406159577546,12.348049776053722,2396.3638,52.4187,1371.7064,0.1148,0.822,
structural,chunk1024,aligned16-scan-128x8192-fp16,scan,128x8192,1x8192x1,fp16,False,native,13.064084304006476,13.062198036595396,13.064488862690173,13.064084304006476,13.062063518323397,13.064623380962171,13.0616589596397,13.068395915784334,4595.7846,153.2218,2118.3348,0.2372,0.8088,
structural,chunk2048,aligned16-scan-128x8192-fp16,scan,128x8192,1x8192x1,fp16,False,native,13.009853610744724,13.009055992225548,13.009853610744724,13.00759253563819,13.010784000545353,13.014508532239246,13.013976456282975,13.008656687550731,2455.1533,180.6123,1993.0091,0.1578,0.7964,
structural,control,aligned16-scan-128x8192-bf16,scan,128x8192,1x8192x1,bf16,False,native,12.36043859411169,12.360564808786652,12.361828839337385,12.360944394712094,12.36043859411169,12.356266916534047,12.359806578836324,12.354875729407793,2437.772,49.1154,1795.8987,0.2597,0.4989,
structural,chunk1024,aligned16-scan-128x8192-bf16,scan,128x8192,1x8192x1,bf16,False,native,13.076211025840358,13.080521633750514,13.076211025840358,13.07499835365697,13.078635366339432,13.07284204583419,13.076075503700658,13.078231811523438,4382.4952,48.3887,1430.4147,0.1652,0.5551,
structural,chunk2048,aligned16-scan-128x8192-bf16,scan,128x8192,1x8192x1,bf16,False,native,13.140749680368524,13.140749680368524,13.137650740774054,13.1532799570184,13.248808007491263,13.143848619962993,13.140210603412829,13.139671526457134,4044.269,136.4684,2554.2572,0.1832,0.7422,
structural,control,aligned16-control-scan-128x8192-fp32,scan,128x8192,1x8192x1,fp32,False,native,13.888950892857142,13.892023359026227,13.886171613420759,13.888950892857142,13.887926374162946,13.888511657714844,13.893338884626116,13.910308837890625,1696.5046,28.865,1674.4591,0.1307,0.6391,
structural,chunk1024,aligned16-control-scan-128x8192-fp32,scan,128x8192,1x8192x1,fp32,False,native,14.679116775740438,14.65863697564424,14.65695509270056,14.679116775740438,14.683701244752799,14.666736659718984,14.68202050052472,14.67972826601854,5017.2673,26.8655,1808.5717,0.1759,0.8204,
structural,chunk2048,aligned16-control-scan-128x8192-fp32,scan,128x8192,1x8192x1,fp32,False,native,14.495924781350528,14.495924781350528,14.498032962574678,14.495924781350528,14.49441909790039,14.49562297147863,14.511736701516543,14.49231091667624,3782.5475,57.1324,2438.4576,0.1845,0.9583,
structural,control,rowblock-reduce_sum-128x65-fp32-br4,reduce_sum,128x65,4x128x1,fp32,False,native,0.9510890067891872,0.9513613924067071,0.9510890067891872,0.9514267292428524,0.9494223087391955,0.949182632121634,0.9505987776086685,0.9517099908057679,1750.4463,0.3319,1402.2559,0.1895,0.6341,
structural,independent1,rowblock-reduce_sum-128x65-fp32-br4,reduce_sum,128x65,4x128x1,fp32,False,native,1.3255014796715,1.3266006297310866,1.3261233615336445,1.3255014796715,1.327092445502847,1.3254436126536568,1.3248361706060205,1.3243299150197518,2301.1325,1.2887,2703.3342,0.0807,0.7163,
structural,control,rowblock-reduce_sum-17x1024-fp16-br4,reduce_sum,17x1024,4x1024x1,fp16,False,native,2.2079143568219544,2.2082216469850606,2.2079143568219544,2.205218343756766,2.207417653284227,2.2057148710960055,2.2079851886141384,2.2081508151928766,2587.9982,0.9153,1189.1064,0.0925,0.5138,
structural,independent1,rowblock-reduce_sum-17x1024-fp16-br4,reduce_sum,17x1024,4x1024x1,fp16,False,native,1.692182919633623,1.691413565483844,1.6940879480570075,1.6927141111097523,1.692182919633623,1.6933553078093555,1.6896366945106356,1.690149597277155,1974.7423,0.8874,1161.0695,0.1219,1.0553,
structural,control,rowblock-scan-17x1024-fp16-br4,scan,17x1024,4x1024x1,fp16,False,native,2.7111538781060114,2.714026769002279,2.7141119639078775,2.7117510901557074,2.70944701300727,2.7101298438178167,2.709845436943902,2.7111538781060114,2423.9843,1.2205,1508.9344,0.0694,0.8171,
structural,independent1,rowblock-scan-17x1024-fp16-br4,scan,17x1024,4x1024x1,fp16,False,native,2.9958773099459135,2.99600337101863,2.9963815542367787,2.994270442082332,2.9958773099459135,2.993293879582332,2.995814396784856,2.9972008338341345,2832.8955,1.348,2129.6625,0.0994,0.8894,
structural,control,rowblock-reduce_max-17x1024-fp16-br4,reduce_max,17x1024,4x1024x1,fp16,False,native,2.173739768363334,2.1787213849591778,2.1754696132900477,2.1711105484146254,2.173739768363334,2.1724252443055847,2.1739243172310494,2.1698422474904104,1808.9697,0.4856,881.6622,0.0738,0.7767,
structural,independent1,rowblock-reduce_max-17x1024-fp16-br4,reduce_max,17x1024,4x1024x1,fp16,False,native,2.614232975503673,2.6147338618402896,2.612368749535602,2.608806983284328,2.614817412003227,2.614232975503673,2.614232975503673,2.613620965377144,1583.8602,0.606,1568.6687,0.0906,1.0863,
