case,dtype,fast_math,stage,threads,programs,warps_per_program,lane,vector,coordinates,integer_extrema,unroll,lower_policy,sample,event_us,graph_host_us,median_us,over_initial_l1,over_initial_l4,over_recheck_l1,over_recheck_l4,over_fresh_torch,registers,shared_bytes,local_bytes,max_threads
wide-layernorm-128x1024-bf16,bf16,True,initial,128,2,2,1,0,0,0,64,0,1,1.8618380400843961,1.863321083172147,1.8575003529886212,1.0,0.7907636946986062,1.003880626812164,0.7888996231291411,1.0177696656606552,40,80,0,128
wide-layernorm-128x1024-bf16,bf16,True,initial,128,2,2,1,0,0,0,64,0,2,1.8718601426026806,1.8732166344294001,1.8575003529886212,1.0,0.7907636946986062,1.003880626812164,0.7888996231291411,1.0177696656606552,40,80,0,128
wide-layernorm-128x1024-bf16,bf16,True,initial,128,2,2,1,0,0,0,64,0,3,1.8625311786939374,1.8637543520309476,1.8575003529886212,1.0,0.7907636946986062,1.003880626812164,0.7888996231291411,1.0177696656606552,40,80,0,128
wide-layernorm-128x1024-bf16,bf16,True,initial,128,2,2,1,0,0,0,64,0,4,1.8561534770913926,1.8577466150870405,1.8575003529886212,1.0,0.7907636946986062,1.003880626812164,0.7888996231291411,1.0177696656606552,40,80,0,128
wide-layernorm-128x1024-bf16,bf16,True,initial,128,2,2,1,0,0,0,64,0,5,1.8575003529886212,1.8592321083172145,1.8575003529886212,1.0,0.7907636946986062,1.003880626812164,0.7888996231291411,1.0177696656606552,40,80,0,128
wide-layernorm-128x1024-bf16,bf16,True,initial,128,2,2,1,0,0,0,64,0,6,1.8496372067951372,1.851185686653772,1.8575003529886212,1.0,0.7907636946986062,1.003880626812164,0.7888996231291411,1.0177696656606552,40,80,0,128
wide-layernorm-128x1024-bf16,bf16,True,initial,128,2,2,1,0,0,0,64,0,7,1.8467849642903016,1.8478607350096714,1.8575003529886212,1.0,0.7907636946986062,1.003880626812164,0.7888996231291411,1.0177696656606552,40,80,0,128
wide-layernorm-128x1024-bf16,bf16,True,initial,128,2,2,4,1,1,0,64,0,1,2.3489954906144166,2.3505000000000003,2.3489954906144166,1.2646002929878346,1.0,1.2695077347914738,0.9976426945471041,1.287071817388595,40,80,0,128
wide-layernorm-128x1024-bf16,bf16,True,initial,128,2,2,4,1,1,0,64,0,2,2.347810115720251,2.3497536945812807,2.3489954906144166,1.2646002929878346,1.0,1.2695077347914738,0.9976426945471041,1.287071817388595,40,80,0,128
wide-layernorm-128x1024-bf16,bf16,True,initial,128,2,2,4,1,1,0,64,0,3,2.349525038244689,2.3512586206896553,2.3489954906144166,1.2646002929878346,1.0,1.2695077347914738,0.9976426945471041,1.287071817388595,40,80,0,128
wide-layernorm-128x1024-bf16,bf16,True,initial,128,2,2,4,1,1,0,64,0,4,2.346397550235241,2.347970443349754,2.3489954906144166,1.2646002929878346,1.0,1.2695077347914738,0.9976426945471041,1.287071817388595,40,80,0,128
wide-layernorm-128x1024-bf16,bf16,True,initial,128,2,2,4,1,1,0,64,0,5,2.3490712208113647,2.3505566502463053,2.3489954906144166,1.2646002929878346,1.0,1.2695077347914738,0.9976426945471041,1.287071817388595,40,80,0,128
wide-layernorm-128x1024-bf16,bf16,True,initial,128,2,2,4,1,1,0,64,0,6,2.345817453168296,2.3473793103448277,2.3489954906144166,1.2646002929878346,1.0,1.2695077347914738,0.9976426945471041,1.287071817388595,40,80,0,128
wide-layernorm-128x1024-bf16,bf16,True,initial,128,2,2,4,1,1,0,64,0,7,2.3490458521349677,2.3505935960591136,2.3489954906144166,1.2646002929878346,1.0,1.2695077347914738,0.9976426945471041,1.287071817388595,40,80,0,128
wide-layernorm-128x1024-bf16,bf16,True,candidates,128,2,2,1,0,0,0,64,1,1,1.883422398971299,1.8846991525423729,1.8831403376692433,1.0138034884566072,0.8016789922302824,1.0177376814561774,0.7997891899704259,1.031818437492087,40,80,0,128
wide-layernorm-128x1024-bf16,bf16,True,candidates,128,2,2,1,0,0,0,64,1,2,1.8831403376692433,1.8846461864406778,1.8831403376692433,1.0138034884566072,0.8016789922302824,1.0177376814561774,0.7997891899704259,1.031818437492087,40,80,0,128
wide-layernorm-128x1024-bf16,bf16,True,candidates,128,2,2,1,0,0,0,64,1,3,1.8745275271140922,1.875936440677966,1.8831403376692433,1.0138034884566072,0.8016789922302824,1.0177376814561774,0.7997891899704259,1.031818437492087,40,80,0,128
wide-layernorm-128x1024-bf16,bf16,True,candidates,128,2,2,1,0,0,0,64,1,4,1.8780420594296212,1.879470338983051,1.8831403376692433,1.0138034884566072,0.8016789922302824,1.0177376814561774,0.7997891899704259,1.031818437492087,40,80,0,128
wide-layernorm-128x1024-bf16,bf16,True,candidates,128,2,2,1,0,0,0,64,1,5,1.8903430033538302,1.8918813559322034,1.8831403376692433,1.0138034884566072,0.8016789922302824,1.0177376814561774,0.7997891899704259,1.031818437492087,40,80,0,128
wide-layernorm-128x1024-bf16,bf16,True,candidates,128,2,2,1,0,0,0,64,1,6,1.88700207209183,1.8882754237288133,1.8831403376692433,1.0138034884566072,0.8016789922302824,1.0177376814561774,0.7997891899704259,1.031818437492087,40,80,0,128
wide-layernorm-128x1024-bf16,bf16,True,candidates,128,2,2,1,0,0,0,64,1,7,1.8735295635158733,1.8749300847457626,1.8831403376692433,1.0138034884566072,0.8016789922302824,1.0177376814561774,0.7997891899704259,1.031818437492087,40,80,0,128
wide-layernorm-128x1024-bf16,bf16,True,candidates,128,2,2,4,1,0,0,64,1,1,2.5478736475894324,2.550286842105263,2.523755726061369,1.358683847354741,1.074397859061552,1.3639563923220401,1.0718651751298065,1.3828272050607675,40,80,0,128
wide-layernorm-128x1024-bf16,bf16,True,candidates,128,2,2,4,1,0,0,64,1,2,2.5400320354260897,2.5417657894736845,2.523755726061369,1.358683847354741,1.074397859061552,1.3639563923220401,1.0718651751298065,1.3828272050607675,40,80,0,128
wide-layernorm-128x1024-bf16,bf16,True,candidates,128,2,2,4,1,0,0,64,1,3,2.5369869031404195,2.5389,2.523755726061369,1.358683847354741,1.074397859061552,1.3639563923220401,1.0718651751298065,1.3828272050607675,40,80,0,128
wide-layernorm-128x1024-bf16,bf16,True,candidates,128,2,2,4,1,0,0,64,1,4,2.523755726061369,2.5256052631578947,2.523755726061369,1.358683847354741,1.074397859061552,1.3639563923220401,1.0718651751298065,1.3828272050607675,40,80,0,128
wide-layernorm-128x1024-bf16,bf16,True,candidates,128,2,2,4,1,0,0,64,1,5,2.5188243263646175,2.5205684210526313,2.523755726061369,1.358683847354741,1.074397859061552,1.3639563923220401,1.0718651751298065,1.3828272050607675,40,80,0,128
wide-layernorm-128x1024-bf16,bf16,True,candidates,128,2,2,4,1,0,0,64,1,6,2.521411293431332,2.522984210526316,2.523755726061369,1.358683847354741,1.074397859061552,1.3639563923220401,1.0718651751298065,1.3828272050607675,40,80,0,128
wide-layernorm-128x1024-bf16,bf16,True,candidates,128,2,2,4,1,0,0,64,1,7,2.5180160120913855,2.5196078947368417,2.523755726061369,1.358683847354741,1.074397859061552,1.3639563923220401,1.0718651751298065,1.3828272050607675,40,80,0,128
wide-layernorm-128x1024-bf16,bf16,True,torch,,,,,,,,,,1,1.8279673355715225,1.829923518164436,1.825069478547368,,,,,,not_queried,not_queried,not_queried,not_queried
wide-layernorm-128x1024-bf16,bf16,True,torch,,,,,,,,,,2,1.825069478547368,1.826321223709369,1.825069478547368,,,,,,not_queried,not_queried,not_queried,not_queried
wide-layernorm-128x1024-bf16,bf16,True,torch,,,,,,,,,,3,1.8282021983859644,1.82963862332696,1.825069478547368,,,,,,not_queried,not_queried,not_queried,not_queried
wide-layernorm-128x1024-bf16,bf16,True,torch,,,,,,,,,,4,1.8232486352865829,1.8247648183556404,1.825069478547368,,,,,,not_queried,not_queried,not_queried,not_queried
wide-layernorm-128x1024-bf16,bf16,True,torch,,,,,,,,,,5,1.8245212708103042,1.826395793499044,1.825069478547368,,,,,,not_queried,not_queried,not_queried,not_queried
wide-layernorm-128x1024-bf16,bf16,True,torch,,,,,,,,,,6,1.825108719601458,1.8268087954110899,1.825069478547368,,,,,,not_queried,not_queried,not_queried,not_queried
wide-layernorm-128x1024-bf16,bf16,True,torch,,,,,,,,,,7,1.8247170384481806,1.8262294455066919,1.825069478547368,,,,,,not_queried,not_queried,not_queried,not_queried
wide-layernorm-128x1024-bf16,bf16,True,recheck,128,2,2,1,0,0,0,64,0,1,1.8491800129413605,1.850111328125,1.8503199517726898,0.9961343742388106,0.7877068981893659,1.0,0.7858500324229803,1.0138353490221201,40,80,0,128
wide-layernorm-128x1024-bf16,bf16,True,recheck,128,2,2,1,0,0,0,64,0,2,1.850779950618744,1.8516367187499998,1.8503199517726898,0.9961343742388106,0.7877068981893659,1.0,0.7858500324229803,1.0138353490221201,40,80,0,128
wide-layernorm-128x1024-bf16,bf16,True,recheck,128,2,2,1,0,0,0,64,0,3,1.8499399721622467,1.850849609375,1.8503199517726898,0.9961343742388106,0.7877068981893659,1.0,0.7858500324229803,1.0138353490221201,40,80,0,128
wide-layernorm-128x1024-bf16,bf16,True,recheck,128,2,2,1,0,0,0,64,0,4,1.8498000502586365,1.85080078125,1.8503199517726898,0.9961343742388106,0.7877068981893659,1.0,0.7858500324229803,1.0138353490221201,40,80,0,128
wide-layernorm-128x1024-bf16,bf16,True,recheck,128,2,2,1,0,0,0,64,0,5,1.8508599698543549,1.8517988281250002,1.8503199517726898,0.9961343742388106,0.7877068981893659,1.0,0.7858500324229803,1.0138353490221201,40,80,0,128
wide-layernorm-128x1024-bf16,bf16,True,recheck,128,2,2,1,0,0,0,64,0,6,1.8503199517726898,1.85112890625,1.8503199517726898,0.9961343742388106,0.7877068981893659,1.0,0.7858500324229803,1.0138353490221201,40,80,0,128
wide-layernorm-128x1024-bf16,bf16,True,recheck,128,2,2,1,0,0,0,64,0,7,1.8516799807548523,1.8527304687500001,1.8503199517726898,0.9961343742388106,0.7877068981893659,1.0,0.7858500324229803,1.0138353490221201,40,80,0,128
wide-layernorm-128x1024-bf16,bf16,True,recheck,128,2,2,4,1,1,0,64,0,1,2.354570993334421,2.355968058968059,2.3545458744433354,1.267588386002185,1.0023628754721308,1.2725074234796931,1.0,1.2901130078167735,40,80,0,128
wide-layernorm-128x1024-bf16,bf16,True,recheck,128,2,2,4,1,1,0,64,0,2,2.3544703303156673,2.3556019656019656,2.3545458744433354,1.267588386002185,1.0023628754721308,1.2725074234796931,1.0,1.2901130078167735,40,80,0,128
wide-layernorm-128x1024-bf16,bf16,True,recheck,128,2,2,4,1,1,0,64,0,3,2.356281889744414,2.3575405405405405,2.3545458744433354,1.267588386002185,1.0023628754721308,1.2725074234796931,1.0,1.2901130078167735,40,80,0,128
wide-layernorm-128x1024-bf16,bf16,True,recheck,128,2,2,4,1,1,0,64,0,4,2.3544452114245815,2.3555995085995085,2.3545458744433354,1.267588386002185,1.0023628754721308,1.2725074234796931,1.0,1.2901130078167735,40,80,0,128
wide-layernorm-128x1024-bf16,bf16,True,recheck,128,2,2,4,1,1,0,64,0,5,2.3537658766388017,2.355002457002457,2.3545458744433354,1.267588386002185,1.0023628754721308,1.2725074234796931,1.0,1.2901130078167735,40,80,0,128
wide-layernorm-128x1024-bf16,bf16,True,recheck,128,2,2,4,1,1,0,64,0,6,2.3545458744433354,2.356157248157248,2.3545458744433354,1.267588386002185,1.0023628754721308,1.2725074234796931,1.0,1.2901130078167735,40,80,0,128
wide-layernorm-128x1024-bf16,bf16,True,recheck,128,2,2,4,1,1,0,64,0,7,2.355124546210362,2.356039312039312,2.3545458744433354,1.267588386002185,1.0023628754721308,1.2725074234796931,1.0,1.2901130078167735,40,80,0,128
wide-rmsnorm-32x4096-fp16,fp16,True,initial,256,1,8,1,0,0,0,64,0,1,1.60807253519694,1.6092983333333335,1.5994368235270182,1.0,1.0010548651582354,0.9978604233723183,1.0018388507368576,0.8782755275862246,39,32,0,256
wide-rmsnorm-32x4096-fp16,fp16,True,initial,256,1,8,1,0,0,0,64,0,2,1.6066389719645182,1.608135,1.5994368235270182,1.0,1.0010548651582354,0.9978604233723183,1.0018388507368576,0.8782755275862246,39,32,0,256
wide-rmsnorm-32x4096-fp16,fp16,True,initial,256,1,8,1,0,0,0,64,0,3,1.6019285837809245,1.6031883333333334,1.5994368235270182,1.0,1.0010548651582354,0.9978604233723183,1.0018388507368576,0.8782755275862246,39,32,0,256
wide-rmsnorm-32x4096-fp16,fp16,True,initial,256,1,8,1,0,0,0,64,0,4,1.5987711588541667,1.5999083333333333,1.5994368235270182,1.0,1.0010548651582354,0.9978604233723183,1.0018388507368576,0.8782755275862246,39,32,0,256
wide-rmsnorm-32x4096-fp16,fp16,True,initial,256,1,8,1,0,0,0,64,0,5,1.5965354919433594,1.597825,1.5994368235270182,1.0,1.0010548651582354,0.9978604233723183,1.0018388507368576,0.8782755275862246,39,32,0,256
wide-rmsnorm-32x4096-fp16,fp16,True,initial,256,1,8,1,0,0,0,64,0,6,1.5994368235270182,1.600735,1.5994368235270182,1.0,1.0010548651582354,0.9978604233723183,1.0018388507368576,0.8782755275862246,39,32,0,256
wide-rmsnorm-32x4096-fp16,fp16,True,initial,256,1,8,1,0,0,0,64,0,7,1.5937365214029948,1.5951366666666669,1.5994368235270182,1.0,1.0010548651582354,0.9978604233723183,1.0018388507368576,0.8782755275862246,39,32,0,256
wide-rmsnorm-32x4096-fp16,fp16,True,initial,256,1,8,4,1,1,0,64,0,1,1.5977514112317883,1.6002618243243243,1.5977514112317883,0.9989462464097123,1.0,0.9968089243685837,1.0007831594510042,0.8773500415957688,40,32,0,256
wide-rmsnorm-32x4096-fp16,fp16,True,initial,256,1,8,4,1,1,0,64,0,2,1.5979416305954393,1.5990304054054052,1.5977514112317883,0.9989462464097123,1.0,0.9968089243685837,1.0007831594510042,0.8773500415957688,40,32,0,256
wide-rmsnorm-32x4096-fp16,fp16,True,initial,256,1,8,4,1,1,0,64,0,3,1.5976994746440165,1.5986469594594594,1.5977514112317883,0.9989462464097123,1.0,0.9968089243685837,1.0007831594510042,0.8773500415957688,40,32,0,256
wide-rmsnorm-32x4096-fp16,fp16,True,initial,256,1,8,4,1,1,0,64,0,4,1.5969038009643555,1.5977466216216216,1.5977514112317883,0.9989462464097123,1.0,0.9968089243685837,1.0007831594510042,0.8773500415957688,40,32,0,256
wide-rmsnorm-32x4096-fp16,fp16,True,initial,256,1,8,4,1,1,0,64,0,5,1.5978551555324245,1.5988361486486486,1.5977514112317883,0.9989462464097123,1.0,0.9968089243685837,1.0007831594510042,0.8773500415957688,40,32,0,256
wide-rmsnorm-32x4096-fp16,fp16,True,initial,256,1,8,4,1,1,0,64,0,6,1.592233503187025,1.5934510135135136,1.5977514112317883,0.9989462464097123,1.0,0.9968089243685837,1.0007831594510042,0.8773500415957688,40,32,0,256
wide-rmsnorm-32x4096-fp16,fp16,True,initial,256,1,8,4,1,1,0,64,0,7,1.5983740059105125,1.599268581081081,1.5977514112317883,0.9989462464097123,1.0,0.9968089243685837,1.0007831594510042,0.8773500415957688,40,32,0,256
wide-rmsnorm-32x4096-fp16,fp16,True,candidates,256,1,8,1,0,0,0,64,1,1,1.7069649863076377,1.709243006993007,1.7064816134792942,1.066926550881969,1.0680520145268908,1.0646437797702488,1.0688884695562313,0.9370554793716123,40,32,0,256
wide-rmsnorm-32x4096-fp16,fp16,True,candidates,256,1,8,1,0,0,0,64,1,2,1.7088089789543952,1.7110961538461538,1.7064816134792942,1.066926550881969,1.0680520145268908,1.0646437797702488,1.0688884695562313,0.9370554793716123,40,32,0,256
wide-rmsnorm-32x4096-fp16,fp16,True,candidates,256,1,8,1,0,0,0,64,1,3,1.707788480745329,1.7100611888111887,1.7064816134792942,1.066926550881969,1.0680520145268908,1.0646437797702488,1.0688884695562313,0.9370554793716123,40,32,0,256
wide-rmsnorm-32x4096-fp16,fp16,True,candidates,256,1,8,1,0,0,0,64,1,4,1.7064816134792942,1.708047202797203,1.7064816134792942,1.066926550881969,1.0680520145268908,1.0646437797702488,1.0688884695562313,0.9370554793716123,40,32,0,256
wide-rmsnorm-32x4096-fp16,fp16,True,candidates,256,1,8,1,0,0,0,64,1,5,1.7043155056613308,1.706312937062937,1.7064816134792942,1.066926550881969,1.0680520145268908,1.0646437797702488,1.0688884695562313,0.9370554793716123,40,32,0,256
wide-rmsnorm-32x4096-fp16,fp16,True,candidates,256,1,8,1,0,0,0,64,1,6,1.7037068880521333,1.7057674825174827,1.7064816134792942,1.066926550881969,1.0680520145268908,1.0646437797702488,1.0688884695562313,0.9370554793716123,40,32,0,256
wide-rmsnorm-32x4096-fp16,fp16,True,candidates,256,1,8,1,0,0,0,64,1,7,1.7044050043279475,1.7150664335664336,1.7064816134792942,1.066926550881969,1.0680520145268908,1.0646437797702488,1.0688884695562313,0.9370554793716123,40,32,0,256
wide-rmsnorm-32x4096-fp16,fp16,True,candidates,256,1,8,4,1,0,0,64,1,1,1.5808779509171196,1.5823356521739131,1.5838876475458559,0.9902783431315069,0.9913229532526313,0.9881595667336432,0.9920993171924684,0.8697372342710366,39,32,0,256
wide-rmsnorm-32x4096-fp16,fp16,True,candidates,256,1,8,4,1,0,0,64,1,2,1.5823738429857337,1.5838226086956522,1.5838876475458559,0.9902783431315069,0.9913229532526313,0.9881595667336432,0.9920993171924684,0.8697372342710366,39,32,0,256
wide-rmsnorm-32x4096-fp16,fp16,True,candidates,256,1,8,4,1,0,0,64,1,3,1.5831395688264267,1.5844991304347826,1.5838876475458559,0.9902783431315069,0.9913229532526313,0.9881595667336432,0.9920993171924684,0.8697372342710366,39,32,0,256
wide-rmsnorm-32x4096-fp16,fp16,True,candidates,256,1,8,4,1,0,0,64,1,4,1.5838876475458559,1.5850921739130432,1.5838876475458559,0.9902783431315069,0.9913229532526313,0.9881595667336432,0.9920993171924684,0.8697372342710366,39,32,0,256
wide-rmsnorm-32x4096-fp16,fp16,True,candidates,256,1,8,4,1,0,0,64,1,5,1.5844396176545517,1.5853460869565217,1.5838876475458559,0.9902783431315069,0.9913229532526313,0.9881595667336432,0.9920993171924684,0.8697372342710366,39,32,0,256
wide-rmsnorm-32x4096-fp16,fp16,True,candidates,256,1,8,4,1,0,0,64,1,6,1.5862739894701088,1.58796,1.5838876475458559,0.9902783431315069,0.9913229532526313,0.9881595667336432,0.9920993171924684,0.8697372342710366,39,32,0,256
wide-rmsnorm-32x4096-fp16,fp16,True,candidates,256,1,8,4,1,0,0,64,1,7,1.5843328061311142,1.5854539130434784,1.5838876475458559,0.9902783431315069,0.9913229532526313,0.9881595667336432,0.9920993171924684,0.8697372342710366,39,32,0,256
wide-rmsnorm-32x4096-fp16,fp16,True,candidates,128,4,1,1,0,0,0,64,1,1,4.277804859897547,4.279635964912281,4.278119405110677,2.674766106532878,2.677587624105089,2.6690432394868253,2.6796846021587983,2.3491816133849155,40,0,0,128
wide-rmsnorm-32x4096-fp16,fp16,True,candidates,128,4,1,1,0,0,0,64,1,2,4.277849699321546,4.279254385964912,4.278119405110677,2.674766106532878,2.677587624105089,2.6690432394868253,2.6796846021587983,2.3491816133849155,40,0,0,128
wide-rmsnorm-32x4096-fp16,fp16,True,candidates,128,4,1,1,0,0,0,64,1,3,4.279062371504934,4.281811403508772,4.278119405110677,2.674766106532878,2.677587624105089,2.6690432394868253,2.6796846021587983,2.3491816133849155,40,0,0,128
wide-rmsnorm-32x4096-fp16,fp16,True,candidates,128,4,1,1,0,0,0,64,1,4,4.278658147443805,4.282271929824562,4.278119405110677,2.674766106532878,2.677587624105089,2.6690432394868253,2.6796846021587983,2.3491816133849155,40,0,0,128
wide-rmsnorm-32x4096-fp16,fp16,True,candidates,128,4,1,1,0,0,0,64,1,5,4.276277977123595,4.27869298245614,4.278119405110677,2.674766106532878,2.677587624105089,2.6690432394868253,2.6796846021587983,2.3491816133849155,40,0,0,128
wide-rmsnorm-32x4096-fp16,fp16,True,candidates,128,4,1,1,0,0,0,64,1,6,4.278119405110677,4.280872807017544,4.278119405110677,2.674766106532878,2.677587624105089,2.6690432394868253,2.6796846021587983,2.3491816133849155,40,0,0,128
wide-rmsnorm-32x4096-fp16,fp16,True,candidates,128,4,1,1,0,0,0,64,1,7,4.2782539233826755,4.280736842105263,4.278119405110677,2.674766106532878,2.677587624105089,2.6690432394868253,2.6796846021587983,2.3491816133849155,40,0,0,128
wide-rmsnorm-32x4096-fp16,fp16,True,candidates,128,4,1,4,1,0,0,64,1,1,3.411975108401876,3.413838028169014,3.411975108401876,2.133235310212451,2.1354855858155117,2.128671089801375,2.137158011534526,1.873568367542404,40,0,0,128
wide-rmsnorm-32x4096-fp16,fp16,True,candidates,128,4,1,4,1,0,0,64,1,2,3.415508807544977,3.417443661971831,3.411975108401876,2.133235310212451,2.1354855858155117,2.128671089801375,2.137158011534526,1.873568367542404,40,0,0,128
wide-rmsnorm-32x4096-fp16,fp16,True,candidates,128,4,1,4,1,0,0,64,1,3,3.41514829178931,3.4170633802816903,3.411975108401876,2.133235310212451,2.1354855858155117,2.128671089801375,2.137158011534526,1.873568367542404,40,0,0,128
wide-rmsnorm-32x4096-fp16,fp16,True,candidates,128,4,1,4,1,0,0,64,1,4,3.4110738190127092,3.413429577464789,3.411975108401876,2.133235310212451,2.1354855858155117,2.128671089801375,2.137158011534526,1.873568367542404,40,0,0,128
wide-rmsnorm-32x4096-fp16,fp16,True,candidates,128,4,1,4,1,0,0,64,1,5,3.4071796041139413,3.409433098591549,3.411975108401876,2.133235310212451,2.1354855858155117,2.128671089801375,2.137158011534526,1.873568367542404,40,0,0,128
wide-rmsnorm-32x4096-fp16,fp16,True,candidates,128,4,1,4,1,0,0,64,1,6,3.4101002652880172,3.412380281690141,3.411975108401876,2.133235310212451,2.1354855858155117,2.128671089801375,2.137158011534526,1.873568367542404,40,0,0,128
wide-rmsnorm-32x4096-fp16,fp16,True,candidates,128,4,1,4,1,0,0,64,1,7,3.4134897044007206,3.4147499999999997,3.411975108401876,2.133235310212451,2.1354855858155117,2.128671089801375,2.137158011534526,1.873568367542404,40,0,0,128
wide-rmsnorm-32x4096-fp16,fp16,True,torch,,,,,,,,,,1,1.8204265961712611,1.8218722986247544,1.821110543661361,,,,,,not_queried,not_queried,not_queried,not_queried
wide-rmsnorm-32x4096-fp16,fp16,True,torch,,,,,,,,,,2,1.8191792126488826,1.8210844793713166,1.821110543661361,,,,,,not_queried,not_queried,not_queried,not_queried
wide-rmsnorm-32x4096-fp16,fp16,True,torch,,,,,,,,,,3,1.821110543661361,1.8230530451866407,1.821110543661361,,,,,,not_queried,not_queried,not_queried,not_queried
wide-rmsnorm-32x4096-fp16,fp16,True,torch,,,,,,,,,,4,1.8221164545984774,1.8238369351669939,1.821110543661361,,,,,,not_queried,not_queried,not_queried,not_queried
wide-rmsnorm-32x4096-fp16,fp16,True,torch,,,,,,,,,,5,1.8222975215649557,1.8239292730844794,1.821110543661361,,,,,,not_queried,not_queried,not_queried,not_queried
wide-rmsnorm-32x4096-fp16,fp16,True,torch,,,,,,,,,,6,1.821030052799607,1.8226267190569745,1.821110543661361,,,,,,not_queried,not_queried,not_queried,not_queried
wide-rmsnorm-32x4096-fp16,fp16,True,torch,,,,,,,,,,7,1.821553168456072,1.8229607072691554,1.821110543661361,,,,,,not_queried,not_queried,not_queried,not_queried
wide-rmsnorm-32x4096-fp16,fp16,True,recheck,256,1,8,1,0,0,0,64,0,1,1.6012734959268162,1.6020957264957265,1.6028662787543402,1.002144164231357,1.0032012911937336,1.0,1.0039869577661915,0.8801586945577512,39,32,0,256
wide-rmsnorm-32x4096-fp16,fp16,True,recheck,256,1,8,1,0,0,0,64,0,2,1.6020086565588274,1.6027059829059829,1.6028662787543402,1.002144164231357,1.0032012911937336,1.0,1.0039869577661915,0.8801586945577512,39,32,0,256
wide-rmsnorm-32x4096-fp16,fp16,True,recheck,256,1,8,1,0,0,0,64,0,3,1.6035839635082798,1.6047521367521367,1.6028662787543402,1.002144164231357,1.0032012911937336,1.0,1.0039869577661915,0.8801586945577512,39,32,0,256
wide-rmsnorm-32x4096-fp16,fp16,True,recheck,256,1,8,1,0,0,0,64,0,4,1.6029713948567708,1.6037264957264956,1.6028662787543402,1.002144164231357,1.0032012911937336,1.0,1.0039869577661915,0.8801586945577512,39,32,0,256
wide-rmsnorm-32x4096-fp16,fp16,True,recheck,256,1,8,1,0,0,0,64,0,5,1.6047742794721553,1.6055606837606835,1.6028662787543402,1.002144164231357,1.0032012911937336,1.0,1.0039869577661915,0.8801586945577512,39,32,0,256
wide-rmsnorm-32x4096-fp16,fp16,True,recheck,256,1,8,1,0,0,0,64,0,6,1.6025687975761218,1.6036854700854701,1.6028662787543402,1.002144164231357,1.0032012911937336,1.0,1.0039869577661915,0.8801586945577512,39,32,0,256
wide-rmsnorm-32x4096-fp16,fp16,True,recheck,256,1,8,1,0,0,0,64,0,7,1.6028662787543402,1.6040478632478632,1.6028662787543402,1.002144164231357,1.0032012911937336,1.0,1.0039869577661915,0.8801586945577512,39,32,0,256
wide-rmsnorm-32x4096-fp16,fp16,True,recheck,256,1,8,4,1,1,0,64,0,1,1.5959341715776385,1.5966366782006922,1.596501096309675,0.998164524428749,0.9992174534077555,0.9960288749417002,1.0,0.8766634743105125,40,32,0,256
wide-rmsnorm-32x4096-fp16,fp16,True,recheck,256,1,8,4,1,1,0,64,0,2,1.595331739801849,1.596089965397924,1.596501096309675,0.998164524428749,0.9992174534077555,0.9960288749417002,1.0,0.8766634743105125,40,32,0,256
wide-rmsnorm-32x4096-fp16,fp16,True,recheck,256,1,8,4,1,1,0,64,0,3,1.5950483434340532,1.59588062283737,1.596501096309675,0.998164524428749,0.9992174534077555,0.9960288749417002,1.0,0.8766634743105125,40,32,0,256
wide-rmsnorm-32x4096-fp16,fp16,True,recheck,256,1,8,4,1,1,0,64,0,4,1.598821857808783,1.5997266435986162,1.596501096309675,0.998164524428749,0.9992174534077555,0.9960288749417002,1.0,0.8766634743105125,40,32,0,256
wide-rmsnorm-32x4096-fp16,fp16,True,recheck,256,1,8,4,1,1,0,64,0,5,1.600876910463749,1.6017975778546711,1.596501096309675,0.998164524428749,0.9992174534077555,0.9960288749417002,1.0,0.8766634743105125,40,32,0,256
wide-rmsnorm-32x4096-fp16,fp16,True,recheck,256,1,8,4,1,1,0,64,0,6,1.5987509757177227,1.5998235294117649,1.596501096309675,0.998164524428749,0.9992174534077555,0.9960288749417002,1.0,0.8766634743105125,40,32,0,256
wide-rmsnorm-32x4096-fp16,fp16,True,recheck,256,1,8,4,1,1,0,64,0,7,1.596501096309675,1.5974463667820071,1.596501096309675,0.998164524428749,0.9992174534077555,0.9960288749417002,1.0,0.8766634743105125,40,32,0,256
