function,entry,grid_x,grid_y,grid_z,block_x,block_y,block_z,shared_bytes,alignment_mask,arg0,arg1,arg2,arg3
0000023F4A80F820,luisa_tile_main,9,1,1,1,1,1,0,0,0xb05000080,0xb05003880,0xb05007080,0xb0500a880
0000023F4A80F820,luisa_tile_main,9,1,1,1,1,1,0,0,0xb05000080,0xb05003880,0xb05007080,0xb0500a880
0000023F4A80F820,luisa_tile_main,9,1,1,1,1,1,0,0,0xb05000080,0xb05003880,0xb05007080,0xb0500a880
0000023F4A80F820,luisa_tile_main,9,1,1,1,1,1,0,0,0xb05000080,0xb05003880,0xb05007080,0xb0500a880
0000023F4A80F820,luisa_tile_main,9,1,1,1,1,1,0,0,0xb05000080,0xb05003880,0xb05007080,0xb0500a880
0000023F4A80F820,luisa_tile_main,9,1,1,1,1,1,0,0,0xb05000080,0xb05003880,0xb05007080,0xb0500a880
0000023F4A80F820,luisa_tile_main,9,1,1,1,1,1,0,0,0xb05000080,0xb05003880,0xb05007080,0xb0500a880
0000023F4A80F820,luisa_tile_main,9,1,1,1,1,1,0,0,0xb05000080,0xb05003880,0xb05007080,0xb0500a880
0000023F4A80F820,luisa_tile_main,9,1,1,1,1,1,0,0,0xb05000080,0xb05003880,0xb05007080,0xb0500a880
0000023F4A80F820,luisa_tile_main,9,1,1,1,1,1,0,0,0xb05000080,0xb05003880,0xb05007080,0xb0500a880
0000023F4A80F820,luisa_tile_main,9,1,1,1,1,1,0,0,0xb05000080,0xb05003880,0xb05007080,0xb0500a880
0000023F4A80F820,luisa_tile_main,9,1,1,1,1,1,0,0,0xb05000080,0xb05003880,0xb05007080,0xb0500a880
0000023F4A80F820,luisa_tile_main,9,1,1,1,1,1,0,0,0xb05000080,0xb05003880,0xb05007080,0xb0500a880
0000023F4A80F820,luisa_tile_main,9,1,1,1,1,1,0,0,0xb05000080,0xb05003880,0xb05007080,0xb0500a880
0000023F4A80F820,luisa_tile_main,9,1,1,1,1,1,0,0,0xb05000080,0xb05003880,0xb05007080,0xb0500a880
0000023F4A80F820,luisa_tile_main,9,1,1,1,1,1,0,0,0xb05000080,0xb05003880,0xb05007080,0xb0500a880
0000023F4A80F820,luisa_tile_main,9,1,1,1,1,1,0,0,0xb05000080,0xb05003880,0xb05007080,0xb0500a880
0000023F4A80F820,luisa_tile_main,9,1,1,1,1,1,0,0,0xb05000080,0xb05003880,0xb05007080,0xb0500a880
0000023F4A80F820,luisa_tile_main,9,1,1,1,1,1,0,0,0xb05000080,0xb05003880,0xb05007080,0xb0500a880
0000023F4A80F820,luisa_tile_main,9,1,1,1,1,1,0,0,0xb05000080,0xb05003880,0xb05007080,0xb0500a880
0000023F4A80F820,luisa_tile_main,9,1,1,1,1,1,0,0,0xb05000080,0xb05003880,0xb05007080,0xb0500a880
0000023F4A80F820,luisa_tile_main,9,1,1,1,1,1,0,0,0xb05000080,0xb05003880,0xb05007080,0xb0500a880
0000023F4A80F820,luisa_tile_main,9,1,1,1,1,1,0,0,0xb05000080,0xb05003880,0xb05007080,0xb0500a880
0000023F4A80F820,luisa_tile_main,9,1,1,1,1,1,0,0,0xb05000080,0xb05003880,0xb05007080,0xb0500a880
0000023F4A80F820,luisa_tile_main,9,1,1,1,1,1,0,0,0xb05000080,0xb05003880,0xb05007080,0xb0500a880
0000023F4A80F820,luisa_tile_main,9,1,1,1,1,1,0,0,0xb05000080,0xb05003880,0xb05007080,0xb0500a880
0000023F4A80F820,luisa_tile_main,9,1,1,1,1,1,0,0,0xb05000080,0xb05003880,0xb05007080,0xb0500a880
0000023F4A80F820,luisa_tile_main,9,1,1,1,1,1,0,0,0xb05000080,0xb05003880,0xb05007080,0xb0500a880
0000023F4A80F820,luisa_tile_main,9,1,1,1,1,1,0,0,0xb05000080,0xb05003880,0xb05007080,0xb0500a880
0000023F4A80F820,luisa_tile_main,9,1,1,1,1,1,0,0,0xb05000080,0xb05003880,0xb05007080,0xb0500a880
0000023F4A80F820,luisa_tile_main,9,1,1,1,1,1,0,0,0xb05000080,0xb05003880,0xb05007080,0xb0500a880
0000023F4A80F820,luisa_tile_main,9,1,1,1,1,1,0,0,0xb05000080,0xb05003880,0xb05007080,0xb0500a880
0000023F4A80F820,luisa_tile_main,9,1,1,1,1,1,0,0,0xb05000080,0xb05003880,0xb05007080,0xb0500a880
0000023F4A80F820,luisa_tile_main,9,1,1,1,1,1,0,0,0xb05000080,0xb05003880,0xb05007080,0xb0500a880
0000023F4A80F820,luisa_tile_main,9,1,1,1,1,1,0,0,0xb05000080,0xb05003880,0xb05007080,0xb0500a880
0000023F4A80F820,luisa_tile_main,9,1,1,1,1,1,0,0,0xb05000080,0xb05003880,0xb05007080,0xb0500a880
0000023F4A80F820,luisa_tile_main,9,1,1,1,1,1,0,0,0xb05000080,0xb05003880,0xb05007080,0xb0500a880
0000023F4A80F820,luisa_tile_main,9,1,1,1,1,1,0,0,0xb05000080,0xb05003880,0xb05007080,0xb0500a880
0000023F4A80F820,luisa_tile_main,9,1,1,1,1,1,0,0,0xb05000080,0xb05003880,0xb05007080,0xb0500a880
0000023F4A80F820,luisa_tile_main,9,1,1,1,1,1,0,0,0xb05000080,0xb05003880,0xb05007080,0xb0500a880
0000023F4A80F820,luisa_tile_main,9,1,1,1,1,1,0,0,0xb05000080,0xb05003880,0xb05007080,0xb0500a880
0000023F4A80F820,luisa_tile_main,9,1,1,1,1,1,0,0,0xb05000080,0xb05003880,0xb05007080,0xb0500a880
0000023F4A80F820,luisa_tile_main,9,1,1,1,1,1,0,0,0xb05000080,0xb05003880,0xb05007080,0xb0500a880
0000023F4A80F820,luisa_tile_main,9,1,1,1,1,1,0,0,0xb05000080,0xb05003880,0xb05007080,0xb0500a880
0000023F4A80F820,luisa_tile_main,9,1,1,1,1,1,0,0,0xb05000080,0xb05003880,0xb05007080,0xb0500a880
0000023F4A80F820,luisa_tile_main,9,1,1,1,1,1,0,0,0xb05000080,0xb05003880,0xb05007080,0xb0500a880
0000023F4A80F820,luisa_tile_main,9,1,1,1,1,1,0,0,0xb05000080,0xb05003880,0xb05007080,0xb0500a880
0000023F4A80F820,luisa_tile_main,9,1,1,1,1,1,0,0,0xb05000080,0xb05003880,0xb05007080,0xb0500a880
0000023F4A80F820,luisa_tile_main,9,1,1,1,1,1,0,0,0xb05000080,0xb05003880,0xb05007080,0xb0500a880
0000023F4A80F820,luisa_tile_main,9,1,1,1,1,1,0,0,0xb05000080,0xb05003880,0xb05007080,0xb0500a880
0000023F4A80F820,luisa_tile_main,9,1,1,1,1,1,0,0,0xb05000080,0xb05003880,0xb05007080,0xb0500a880
0000023F4A80F820,luisa_tile_main,9,1,1,1,1,1,0,0,0xb05000080,0xb05003880,0xb05007080,0xb0500a880
0000023F4A80F820,luisa_tile_main,9,1,1,1,1,1,0,0,0xb05000080,0xb05003880,0xb05007080,0xb0500a880
0000023F4A80F820,luisa_tile_main,9,1,1,1,1,1,0,0,0xb05000080,0xb05003880,0xb05007080,0xb0500a880
0000023F4A80F820,luisa_tile_main,9,1,1,1,1,1,0,0,0xb05000080,0xb05003880,0xb05007080,0xb0500a880
0000023F4A80F820,luisa_tile_main,9,1,1,1,1,1,0,0,0xb05000080,0xb05003880,0xb05007080,0xb0500a880
0000023F4A80F820,luisa_tile_main,9,1,1,1,1,1,0,0,0xb05000080,0xb05003880,0xb05007080,0xb0500a880
0000023F4A80F820,luisa_tile_main,9,1,1,1,1,1,0,0,0xb05000080,0xb05003880,0xb05007080,0xb0500a880
0000023F4A80F820,luisa_tile_main,9,1,1,1,1,1,0,0,0xb05000080,0xb05003880,0xb05007080,0xb0500a880
0000023F4A80F820,luisa_tile_main,9,1,1,1,1,1,0,0,0xb05000080,0xb05003880,0xb05007080,0xb0500a880
0000023F4A80F820,luisa_tile_main,9,1,1,1,1,1,0,0,0xb05000080,0xb05003880,0xb05007080,0xb0500a880
0000023F4A80F820,luisa_tile_main,9,1,1,1,1,1,0,0,0xb05000080,0xb05003880,0xb05007080,0xb0500a880
0000023F4A80F820,luisa_tile_main,9,1,1,1,1,1,0,0,0xb05000080,0xb05003880,0xb05007080,0xb0500a880
0000023F4A80F820,luisa_tile_main,9,1,1,1,1,1,0,0,0xb05000080,0xb05003880,0xb05007080,0xb0500a880
0000023F4A80F820,luisa_tile_main,9,1,1,1,1,1,0,0,0xb05000080,0xb05003880,0xb05007080,0xb0500a880
0000023F4A80F820,luisa_tile_main,9,1,1,1,1,1,0,0,0xb05000080,0xb05003880,0xb05007080,0xb0500a880
0000023F4A80F820,luisa_tile_main,9,1,1,1,1,1,0,0,0xb05000080,0xb05003880,0xb05007080,0xb0500a880
0000023F4A80F820,luisa_tile_main,9,1,1,1,1,1,0,0,0xb05000080,0xb05003880,0xb05007080,0xb0500a880
0000023F4A80F820,luisa_tile_main,9,1,1,1,1,1,0,0,0xb05000080,0xb05003880,0xb05007080,0xb0500a880
0000023F4A80F820,luisa_tile_main,9,1,1,1,1,1,0,0,0xb05000080,0xb05003880,0xb05007080,0xb0500a880
0000023F4A80F820,luisa_tile_main,9,1,1,1,1,1,0,0,0xb05000080,0xb05003880,0xb05007080,0xb0500a880
0000023F4A80F820,luisa_tile_main,9,1,1,1,1,1,0,0,0xb05000080,0xb05003880,0xb05007080,0xb0500a880
0000023F4A80F820,luisa_tile_main,9,1,1,1,1,1,0,0,0xb05000080,0xb05003880,0xb05007080,0xb0500a880
0000023F4A80F820,luisa_tile_main,9,1,1,1,1,1,0,0,0xb05000080,0xb05003880,0xb05007080,0xb0500a880
0000023F4A80F820,luisa_tile_main,9,1,1,1,1,1,0,0,0xb05000080,0xb05003880,0xb05007080,0xb0500a880
0000023F4A80F820,luisa_tile_main,9,1,1,1,1,1,0,0,0xb05000080,0xb05003880,0xb05007080,0xb0500a880
0000023F4A80F820,luisa_tile_main,9,1,1,1,1,1,0,0,0xb05000080,0xb05003880,0xb05007080,0xb0500a880
0000023F4A80F820,luisa_tile_main,9,1,1,1,1,1,0,0,0xb05000080,0xb05003880,0xb05007080,0xb0500a880
0000023F4A80F820,luisa_tile_main,9,1,1,1,1,1,0,0,0xb05000080,0xb05003880,0xb05007080,0xb0500a880
0000023F4A80F820,luisa_tile_main,9,1,1,1,1,1,0,0,0xb05000080,0xb05003880,0xb05007080,0xb0500a880
0000023F4A80F820,luisa_tile_main,9,1,1,1,1,1,0,0,0xb05000080,0xb05003880,0xb05007080,0xb0500a880
0000023F4A80F820,luisa_tile_main,9,1,1,1,1,1,0,0,0xb05000080,0xb05003880,0xb05007080,0xb0500a880
0000023F4A80F820,luisa_tile_main,9,1,1,1,1,1,0,0,0xb05000080,0xb05003880,0xb05007080,0xb0500a880
0000023F4A80F820,luisa_tile_main,9,1,1,1,1,1,0,0,0xb05000080,0xb05003880,0xb05007080,0xb0500a880
0000023F4A80F820,luisa_tile_main,9,1,1,1,1,1,0,0,0xb05000080,0xb05003880,0xb05007080,0xb0500a880
0000023F4A80F820,luisa_tile_main,9,1,1,1,1,1,0,0,0xb05000080,0xb05003880,0xb05007080,0xb0500a880
0000023F4A80F820,luisa_tile_main,9,1,1,1,1,1,0,0,0xb05000080,0xb05003880,0xb05007080,0xb0500a880
0000023F4A80F820,luisa_tile_main,9,1,1,1,1,1,0,0,0xb05000080,0xb05003880,0xb05007080,0xb0500a880
0000023F4A80F820,luisa_tile_main,9,1,1,1,1,1,0,0,0xb05000080,0xb05003880,0xb05007080,0xb0500a880
0000023F4A80F820,luisa_tile_main,9,1,1,1,1,1,0,0,0xb05000080,0xb05003880,0xb05007080,0xb0500a880
0000023F4A80F820,luisa_tile_main,9,1,1,1,1,1,0,0,0xb05000080,0xb05003880,0xb05007080,0xb0500a880
0000023F4A80F820,luisa_tile_main,9,1,1,1,1,1,0,0,0xb05000080,0xb05003880,0xb05007080,0xb0500a880
0000023F4A80F820,luisa_tile_main,9,1,1,1,1,1,0,0,0xb05000080,0xb05003880,0xb05007080,0xb0500a880
0000023F4A80F820,luisa_tile_main,9,1,1,1,1,1,0,0,0xb05000080,0xb05003880,0xb05007080,0xb0500a880
0000023F4A80F820,luisa_tile_main,9,1,1,1,1,1,0,0,0xb05000080,0xb05003880,0xb05007080,0xb0500a880
0000023F4A80F820,luisa_tile_main,9,1,1,1,1,1,0,0,0xb05000080,0xb05003880,0xb05007080,0xb0500a880
0000023F4A80F820,luisa_tile_main,9,1,1,1,1,1,0,0,0xb05000080,0xb05003880,0xb05007080,0xb0500a880
0000023F4A80F820,luisa_tile_main,9,1,1,1,1,1,0,0,0xb05000080,0xb05003880,0xb05007080,0xb0500a880
0000023F4A80F820,luisa_tile_main,9,1,1,1,1,1,0,0,0xb05000080,0xb05003880,0xb05007080,0xb0500a880
0000023F4A80F820,luisa_tile_main,9,1,1,1,1,1,0,0,0xb05000080,0xb05003880,0xb05007080,0xb0500a880
