function,entry,grid_x,grid_y,grid_z,block_x,block_y,block_z,shared_bytes,alignment_mask,arg0,arg1,arg2,arg3
00000270BAC28070,luisa_tile_main,128,1,1,1,1,1,0,0,0xb05000080,0xb05600080,0xb05c00080,0xb06200080
00000270BAC28070,luisa_tile_main,128,1,1,1,1,1,0,0,0xb05000080,0xb05600080,0xb05c00080,0xb06200080
00000270BAC28070,luisa_tile_main,128,1,1,1,1,1,0,0,0xb05000080,0xb05600080,0xb05c00080,0xb06200080
00000270BAC28070,luisa_tile_main,128,1,1,1,1,1,0,0,0xb05000080,0xb05600080,0xb05c00080,0xb06200080
00000270BAC28070,luisa_tile_main,128,1,1,1,1,1,0,0,0xb05000080,0xb05600080,0xb05c00080,0xb06200080
00000270BAC28070,luisa_tile_main,128,1,1,1,1,1,0,0,0xb05000080,0xb05600080,0xb05c00080,0xb06200080
00000270BAC28070,luisa_tile_main,128,1,1,1,1,1,0,0,0xb05000080,0xb05600080,0xb05c00080,0xb06200080
00000270BAC28070,luisa_tile_main,128,1,1,1,1,1,0,0,0xb05000080,0xb05600080,0xb05c00080,0xb06200080
00000270BAC28070,luisa_tile_main,128,1,1,1,1,1,0,0,0xb05000080,0xb05600080,0xb05c00080,0xb06200080
00000270BAC28070,luisa_tile_main,128,1,1,1,1,1,0,0,0xb05000080,0xb05600080,0xb05c00080,0xb06200080
00000270BAC28070,luisa_tile_main,128,1,1,1,1,1,0,0,0xb05000080,0xb05600080,0xb05c00080,0xb06200080
00000270BAC28070,luisa_tile_main,128,1,1,1,1,1,0,0,0xb05000080,0xb05600080,0xb05c00080,0xb06200080
00000270BAC28070,luisa_tile_main,128,1,1,1,1,1,0,0,0xb05000080,0xb05600080,0xb05c00080,0xb06200080
00000270BAC28070,luisa_tile_main,128,1,1,1,1,1,0,0,0xb05000080,0xb05600080,0xb05c00080,0xb06200080
00000270BAC28070,luisa_tile_main,128,1,1,1,1,1,0,0,0xb05000080,0xb05600080,0xb05c00080,0xb06200080
00000270BAC28070,luisa_tile_main,128,1,1,1,1,1,0,0,0xb05000080,0xb05600080,0xb05c00080,0xb06200080
00000270BAC28070,luisa_tile_main,128,1,1,1,1,1,0,0,0xb05000080,0xb05600080,0xb05c00080,0xb06200080
00000270BAC28070,luisa_tile_main,128,1,1,1,1,1,0,0,0xb05000080,0xb05600080,0xb05c00080,0xb06200080
00000270BAC28070,luisa_tile_main,128,1,1,1,1,1,0,0,0xb05000080,0xb05600080,0xb05c00080,0xb06200080
00000270BAC28070,luisa_tile_main,128,1,1,1,1,1,0,0,0xb05000080,0xb05600080,0xb05c00080,0xb06200080
00000270BAC28070,luisa_tile_main,128,1,1,1,1,1,0,0,0xb05000080,0xb05600080,0xb05c00080,0xb06200080
00000270BAC28070,luisa_tile_main,128,1,1,1,1,1,0,0,0xb05000080,0xb05600080,0xb05c00080,0xb06200080
00000270BAC28070,luisa_tile_main,128,1,1,1,1,1,0,0,0xb05000080,0xb05600080,0xb05c00080,0xb06200080
00000270BAC28070,luisa_tile_main,128,1,1,1,1,1,0,0,0xb05000080,0xb05600080,0xb05c00080,0xb06200080
00000270BAC28070,luisa_tile_main,128,1,1,1,1,1,0,0,0xb05000080,0xb05600080,0xb05c00080,0xb06200080
00000270BAC28070,luisa_tile_main,128,1,1,1,1,1,0,0,0xb05000080,0xb05600080,0xb05c00080,0xb06200080
00000270BAC28070,luisa_tile_main,128,1,1,1,1,1,0,0,0xb05000080,0xb05600080,0xb05c00080,0xb06200080
00000270BAC28070,luisa_tile_main,128,1,1,1,1,1,0,0,0xb05000080,0xb05600080,0xb05c00080,0xb06200080
00000270BAC28070,luisa_tile_main,128,1,1,1,1,1,0,0,0xb05000080,0xb05600080,0xb05c00080,0xb06200080
00000270BAC28070,luisa_tile_main,128,1,1,1,1,1,0,0,0xb05000080,0xb05600080,0xb05c00080,0xb06200080
00000270BAC28070,luisa_tile_main,128,1,1,1,1,1,0,0,0xb05000080,0xb05600080,0xb05c00080,0xb06200080
00000270BAC28070,luisa_tile_main,128,1,1,1,1,1,0,0,0xb05000080,0xb05600080,0xb05c00080,0xb06200080
00000270BAC28070,luisa_tile_main,128,1,1,1,1,1,0,0,0xb05000080,0xb05600080,0xb05c00080,0xb06200080
00000270BAC28070,luisa_tile_main,128,1,1,1,1,1,0,0,0xb05000080,0xb05600080,0xb05c00080,0xb06200080
00000270BAC28070,luisa_tile_main,128,1,1,1,1,1,0,0,0xb05000080,0xb05600080,0xb05c00080,0xb06200080
00000270BAC28070,luisa_tile_main,128,1,1,1,1,1,0,0,0xb05000080,0xb05600080,0xb05c00080,0xb06200080
00000270BAC28070,luisa_tile_main,128,1,1,1,1,1,0,0,0xb05000080,0xb05600080,0xb05c00080,0xb06200080
00000270BAC28070,luisa_tile_main,128,1,1,1,1,1,0,0,0xb05000080,0xb05600080,0xb05c00080,0xb06200080
00000270BAC28070,luisa_tile_main,128,1,1,1,1,1,0,0,0xb05000080,0xb05600080,0xb05c00080,0xb06200080
00000270BAC28070,luisa_tile_main,128,1,1,1,1,1,0,0,0xb05000080,0xb05600080,0xb05c00080,0xb06200080
00000270BAC28070,luisa_tile_main,128,1,1,1,1,1,0,0,0xb05000080,0xb05600080,0xb05c00080,0xb06200080
00000270BAC28070,luisa_tile_main,128,1,1,1,1,1,0,0,0xb05000080,0xb05600080,0xb05c00080,0xb06200080
00000270BAC28070,luisa_tile_main,128,1,1,1,1,1,0,0,0xb05000080,0xb05600080,0xb05c00080,0xb06200080
00000270BAC28070,luisa_tile_main,128,1,1,1,1,1,0,0,0xb05000080,0xb05600080,0xb05c00080,0xb06200080
00000270BAC28070,luisa_tile_main,128,1,1,1,1,1,0,0,0xb05000080,0xb05600080,0xb05c00080,0xb06200080
00000270BAC28070,luisa_tile_main,128,1,1,1,1,1,0,0,0xb05000080,0xb05600080,0xb05c00080,0xb06200080
00000270BAC28070,luisa_tile_main,128,1,1,1,1,1,0,0,0xb05000080,0xb05600080,0xb05c00080,0xb06200080
00000270BAC28070,luisa_tile_main,128,1,1,1,1,1,0,0,0xb05000080,0xb05600080,0xb05c00080,0xb06200080
00000270BAC28070,luisa_tile_main,128,1,1,1,1,1,0,0,0xb05000080,0xb05600080,0xb05c00080,0xb06200080
00000270BAC28070,luisa_tile_main,128,1,1,1,1,1,0,0,0xb05000080,0xb05600080,0xb05c00080,0xb06200080
00000270BAC28070,luisa_tile_main,128,1,1,1,1,1,0,0,0xb05000080,0xb05600080,0xb05c00080,0xb06200080
00000270BAC28070,luisa_tile_main,128,1,1,1,1,1,0,0,0xb05000080,0xb05600080,0xb05c00080,0xb06200080
00000270BAC28070,luisa_tile_main,128,1,1,1,1,1,0,0,0xb05000080,0xb05600080,0xb05c00080,0xb06200080
00000270BAC28070,luisa_tile_main,128,1,1,1,1,1,0,0,0xb05000080,0xb05600080,0xb05c00080,0xb06200080
00000270BAC28070,luisa_tile_main,128,1,1,1,1,1,0,0,0xb05000080,0xb05600080,0xb05c00080,0xb06200080
00000270BAC28070,luisa_tile_main,128,1,1,1,1,1,0,0,0xb05000080,0xb05600080,0xb05c00080,0xb06200080
00000270BAC28070,luisa_tile_main,128,1,1,1,1,1,0,0,0xb05000080,0xb05600080,0xb05c00080,0xb06200080
00000270BAC28070,luisa_tile_main,128,1,1,1,1,1,0,0,0xb05000080,0xb05600080,0xb05c00080,0xb06200080
00000270BAC28070,luisa_tile_main,128,1,1,1,1,1,0,0,0xb05000080,0xb05600080,0xb05c00080,0xb06200080
00000270BAC28070,luisa_tile_main,128,1,1,1,1,1,0,0,0xb05000080,0xb05600080,0xb05c00080,0xb06200080
00000270BAC28070,luisa_tile_main,128,1,1,1,1,1,0,0,0xb05000080,0xb05600080,0xb05c00080,0xb06200080
00000270BAC28070,luisa_tile_main,128,1,1,1,1,1,0,0,0xb05000080,0xb05600080,0xb05c00080,0xb06200080
00000270BAC28070,luisa_tile_main,128,1,1,1,1,1,0,0,0xb05000080,0xb05600080,0xb05c00080,0xb06200080
00000270BAC28070,luisa_tile_main,128,1,1,1,1,1,0,0,0xb05000080,0xb05600080,0xb05c00080,0xb06200080
00000270BAC28070,luisa_tile_main,128,1,1,1,1,1,0,0,0xb05000080,0xb05600080,0xb05c00080,0xb06200080
00000270BAC28070,luisa_tile_main,128,1,1,1,1,1,0,0,0xb05000080,0xb05600080,0xb05c00080,0xb06200080
00000270BAC28070,luisa_tile_main,128,1,1,1,1,1,0,0,0xb05000080,0xb05600080,0xb05c00080,0xb06200080
00000270BAC28070,luisa_tile_main,128,1,1,1,1,1,0,0,0xb05000080,0xb05600080,0xb05c00080,0xb06200080
00000270BAC28070,luisa_tile_main,128,1,1,1,1,1,0,0,0xb05000080,0xb05600080,0xb05c00080,0xb06200080
00000270BAC28070,luisa_tile_main,128,1,1,1,1,1,0,0,0xb05000080,0xb05600080,0xb05c00080,0xb06200080
00000270BAC28070,luisa_tile_main,128,1,1,1,1,1,0,0,0xb05000080,0xb05600080,0xb05c00080,0xb06200080
00000270BAC28070,luisa_tile_main,128,1,1,1,1,1,0,0,0xb05000080,0xb05600080,0xb05c00080,0xb06200080
00000270BAC28070,luisa_tile_main,128,1,1,1,1,1,0,0,0xb05000080,0xb05600080,0xb05c00080,0xb06200080
00000270BAC28070,luisa_tile_main,128,1,1,1,1,1,0,0,0xb05000080,0xb05600080,0xb05c00080,0xb06200080
00000270BAC28070,luisa_tile_main,128,1,1,1,1,1,0,0,0xb05000080,0xb05600080,0xb05c00080,0xb06200080
00000270BAC28070,luisa_tile_main,128,1,1,1,1,1,0,0,0xb05000080,0xb05600080,0xb05c00080,0xb06200080
00000270BAC28070,luisa_tile_main,128,1,1,1,1,1,0,0,0xb05000080,0xb05600080,0xb05c00080,0xb06200080
00000270BAC28070,luisa_tile_main,128,1,1,1,1,1,0,0,0xb05000080,0xb05600080,0xb05c00080,0xb06200080
00000270BAC28070,luisa_tile_main,128,1,1,1,1,1,0,0,0xb05000080,0xb05600080,0xb05c00080,0xb06200080
00000270BAC28070,luisa_tile_main,128,1,1,1,1,1,0,0,0xb05000080,0xb05600080,0xb05c00080,0xb06200080
00000270BAC28070,luisa_tile_main,128,1,1,1,1,1,0,0,0xb05000080,0xb05600080,0xb05c00080,0xb06200080
00000270BAC28070,luisa_tile_main,128,1,1,1,1,1,0,0,0xb05000080,0xb05600080,0xb05c00080,0xb06200080
00000270BAC28070,luisa_tile_main,128,1,1,1,1,1,0,0,0xb05000080,0xb05600080,0xb05c00080,0xb06200080
00000270BAC28070,luisa_tile_main,128,1,1,1,1,1,0,0,0xb05000080,0xb05600080,0xb05c00080,0xb06200080
00000270BAC28070,luisa_tile_main,128,1,1,1,1,1,0,0,0xb05000080,0xb05600080,0xb05c00080,0xb06200080
00000270BAC28070,luisa_tile_main,128,1,1,1,1,1,0,0,0xb05000080,0xb05600080,0xb05c00080,0xb06200080
00000270BAC28070,luisa_tile_main,128,1,1,1,1,1,0,0,0xb05000080,0xb05600080,0xb05c00080,0xb06200080
00000270BAC28070,luisa_tile_main,128,1,1,1,1,1,0,0,0xb05000080,0xb05600080,0xb05c00080,0xb06200080
00000270BAC28070,luisa_tile_main,128,1,1,1,1,1,0,0,0xb05000080,0xb05600080,0xb05c00080,0xb06200080
00000270BAC28070,luisa_tile_main,128,1,1,1,1,1,0,0,0xb05000080,0xb05600080,0xb05c00080,0xb06200080
00000270BAC28070,luisa_tile_main,128,1,1,1,1,1,0,0,0xb05000080,0xb05600080,0xb05c00080,0xb06200080
00000270BAC28070,luisa_tile_main,128,1,1,1,1,1,0,0,0xb05000080,0xb05600080,0xb05c00080,0xb06200080
00000270BAC28070,luisa_tile_main,128,1,1,1,1,1,0,0,0xb05000080,0xb05600080,0xb05c00080,0xb06200080
00000270BAC28070,luisa_tile_main,128,1,1,1,1,1,0,0,0xb05000080,0xb05600080,0xb05c00080,0xb06200080
00000270BAC28070,luisa_tile_main,128,1,1,1,1,1,0,0,0xb05000080,0xb05600080,0xb05c00080,0xb06200080
00000270BAC28070,luisa_tile_main,128,1,1,1,1,1,0,0,0xb05000080,0xb05600080,0xb05c00080,0xb06200080
00000270BAC28070,luisa_tile_main,128,1,1,1,1,1,0,0,0xb05000080,0xb05600080,0xb05c00080,0xb06200080
00000270BAC28070,luisa_tile_main,128,1,1,1,1,1,0,0,0xb05000080,0xb05600080,0xb05c00080,0xb06200080
00000270BAC28070,luisa_tile_main,128,1,1,1,1,1,0,0,0xb05000080,0xb05600080,0xb05c00080,0xb06200080
00000270BAC28070,luisa_tile_main,128,1,1,1,1,1,0,0,0xb05000080,0xb05600080,0xb05c00080,0xb06200080
