case,stage,sample,event_us_per_operation,graph_host_us_per_operation,p50_us,registers,shared_bytes,local_bytes,max_threads
regroup-softmax-32x512-fp16,control,1,1.1580787926563516,1.158739921976593,1.1297289943819082,23,80,0,128
regroup-softmax-32x512-fp16,control,2,1.1306744837171854,1.13151755526658,1.1297289943819082,23,80,0,128
regroup-softmax-32x512-fp16,control,3,1.1268261536200117,1.1273159947984397,1.1297289943819082,23,80,0,128
regroup-softmax-32x512-fp16,control,4,1.1258806642847345,1.1265604681404422,1.1297289943819082,23,80,0,128
regroup-softmax-32x512-fp16,control,5,1.128410666754714,1.1291703511053317,1.1297289943819082,23,80,0,128
regroup-softmax-32x512-fp16,control,6,1.1297289943819082,1.1306684005201562,1.1297289943819082,23,80,0,128
regroup-softmax-32x512-fp16,control,7,1.1309673572237686,1.1320325097529258,1.1297289943819082,23,80,0,128
regroup-softmax-32x512-fp16,candidate,1,1.064628920869199,1.0660634730538923,1.064616585919957,23,80,0,128
regroup-softmax-32x512-fp16,candidate,2,1.06545051985872,1.066220359281437,1.064616585919957,23,80,0,128
regroup-softmax-32x512-fp16,candidate,3,1.0645552766537238,1.06545748502994,1.064616585919957,23,80,0,128
regroup-softmax-32x512-fp16,candidate,4,1.064616585919957,1.0656874251497006,1.064616585919957,23,80,0,128
regroup-softmax-32x512-fp16,candidate,5,1.064776026560161,1.0657772455089822,1.064616585919957,23,80,0,128
regroup-softmax-32x512-fp16,candidate,6,1.0643100395887912,1.0652502994011976,1.064616585919957,23,80,0,128
regroup-softmax-32x512-fp16,candidate,7,1.0645185459159805,1.0655473053892217,1.064616585919957,23,80,0,128
regroup-softmax-32x512-fp16,torch,1,1.0870871658938819,1.089171581769437,1.0874990100195836,not_native_query,not_native_query,not_native_query,not_native_query
regroup-softmax-32x512-fp16,torch,2,1.0874990100195836,1.0896541554959784,1.0874990100195836,not_native_query,not_native_query,not_native_query,not_native_query
regroup-softmax-32x512-fp16,torch,3,1.0875401228426609,1.0896286863270779,1.0874990100195836,not_native_query,not_native_query,not_native_query,not_native_query
regroup-softmax-32x512-fp16,torch,4,1.0860164938919026,1.0881166219839142,1.0874990100195836,not_native_query,not_native_query,not_native_query,not_native_query
regroup-softmax-32x512-fp16,torch,5,1.0869636228832418,1.0890174262734584,1.0874990100195836,not_native_query,not_native_query,not_native_query,not_native_query
regroup-softmax-32x512-fp16,torch,6,1.0874990100195836,1.0896058981233243,1.0874990100195836,not_native_query,not_native_query,not_native_query,not_native_query
regroup-softmax-32x512-fp16,torch,7,1.0880618057046436,1.0908954423592492,1.0874990100195836,not_native_query,not_native_query,not_native_query,not_native_query
regroup-softmax-32x512-fp16,control_recheck,1,1.1248819973750914,1.1258400520156047,1.124895291768683,23,80,0,128
regroup-softmax-32x512-fp16,control_recheck,2,1.123630240927747,1.124451235370611,1.124895291768683,23,80,0,128
regroup-softmax-32x512-fp16,control_recheck,3,1.1254145668138917,1.1259414824447336,1.124895291768683,23,80,0,128
regroup-softmax-32x512-fp16,control_recheck,4,1.1255078259928173,1.1263420026007802,1.124895291768683,23,80,0,128
regroup-softmax-32x512-fp16,control_recheck,5,1.124895291768683,1.125630689206762,1.124895291768683,23,80,0,128
regroup-softmax-32x512-fp16,control_recheck,6,1.1259073522838101,1.1266150845253577,1.124895291768683,23,80,0,128
regroup-softmax-32x512-fp16,control_recheck,7,1.124402605510657,1.1247997399219767,1.124895291768683,23,80,0,128
regroup-softmax-1024x512-fp16,control,1,3.3859669078480112,3.3875839160839165,3.3859669078480112,23,80,0,128
regroup-softmax-1024x512-fp16,control,2,3.384176667753633,3.3859615384615385,3.3859669078480112,23,80,0,128
regroup-softmax-1024x512-fp16,control,3,3.384964416077087,3.386632867132867,3.3859669078480112,23,80,0,128
regroup-softmax-1024x512-fp16,control,4,3.3843199189726287,3.385346153846154,3.3859669078480112,23,80,0,128
regroup-softmax-1024x512-fp16,control,5,3.3988205702988417,3.40113986013986,3.3859669078480112,23,80,0,128
regroup-softmax-1024x512-fp16,control,6,3.4221649169921875,3.4239720279720283,3.3859669078480112,23,80,0,128
regroup-softmax-1024x512-fp16,control,7,3.4408190533831404,3.4418041958041954,3.3859669078480112,23,80,0,128
regroup-softmax-1024x512-fp16,candidate,1,2.7941209216450535,2.7956482558139535,2.8390698100245277,23,80,0,128
regroup-softmax-1024x512-fp16,candidate,2,2.801027076188908,2.8024127906976743,2.8390698100245277,23,80,0,128
regroup-softmax-1024x512-fp16,candidate,3,2.795758136483126,2.797357558139535,2.8390698100245277,23,80,0,128
regroup-softmax-1024x512-fp16,candidate,4,2.8390698100245277,2.8404011627906978,2.8390698100245277,23,80,0,128
regroup-softmax-1024x512-fp16,candidate,5,2.8538344627202945,2.855936046511628,2.8390698100245277,23,80,0,128
regroup-softmax-1024x512-fp16,candidate,6,2.8552334807639896,2.8567441860465115,2.8390698100245277,23,80,0,128
regroup-softmax-1024x512-fp16,candidate,7,2.8500242011491643,2.85328488372093,2.8390698100245277,23,80,0,128
regroup-softmax-1024x512-fp16,torch,1,4.267070837188185,4.275530701754386,4.307132520173726,not_native_query,not_native_query,not_native_query,not_native_query
regroup-softmax-1024x512-fp16,torch,2,4.286472922877262,4.294921052631579,4.307132520173726,not_native_query,not_native_query,not_native_query,not_native_query
regroup-softmax-1024x512-fp16,torch,3,4.281128331234581,4.287552631578948,4.307132520173726,not_native_query,not_native_query,not_native_query,not_native_query
regroup-softmax-1024x512-fp16,torch,4,4.307132520173726,4.314144736842105,4.307132520173726,not_native_query,not_native_query,not_native_query,not_native_query
regroup-softmax-1024x512-fp16,torch,5,4.333675786068565,4.340881578947368,4.307132520173726,not_native_query,not_native_query,not_native_query,not_native_query
regroup-softmax-1024x512-fp16,torch,6,4.327567585727625,4.335706140350878,4.307132520173726,not_native_query,not_native_query,not_native_query,not_native_query
regroup-softmax-1024x512-fp16,torch,7,4.317237787079393,4.345149122807018,4.307132520173726,not_native_query,not_native_query,not_native_query,not_native_query
regroup-softmax-1024x512-fp16,control_recheck,1,3.3858596695052996,3.387758741258741,3.3774454610331075,23,80,0,128
regroup-softmax-1024x512-fp16,control_recheck,2,3.3770517202524037,3.3785349650349645,3.3774454610331075,23,80,0,128
regroup-softmax-1024x512-fp16,control_recheck,3,3.3771949714713996,3.378874125874126,3.3774454610331075,23,80,0,128
regroup-softmax-1024x512-fp16,control_recheck,4,3.376407223147946,3.3783391608391606,3.3774454610331075,23,80,0,128
regroup-softmax-1024x512-fp16,control_recheck,5,3.3774454610331075,3.379846153846154,3.3774454610331075,23,80,0,128
regroup-softmax-1024x512-fp16,control_recheck,6,3.3984625756323754,3.4026048951048953,3.3774454610331075,23,80,0,128
regroup-softmax-1024x512-fp16,control_recheck,7,3.4087742625416575,3.4115664335664335,3.3774454610331075,23,80,0,128
