function,entry,grid_x,grid_y,grid_z,block_x,block_y,block_z,dynamic_shared_bytes,host_arg0,host_arg1,host_arg3
0000023872851FC0,workload_rows_kernel,128,1,1,128,1,1,0,0xb05000080,0xb050c0280,0xb050c1e80
0000023872851FC0,workload_rows_kernel,128,1,1,128,1,1,0,0xb05000080,0xb050c0280,0xb050c1e80
0000023872851FC0,workload_rows_kernel,128,1,1,128,1,1,0,0xb05000080,0xb050c0280,0xb050c1e80
0000023872851FC0,workload_rows_kernel,128,1,1,128,1,1,0,0xb05000080,0xb050c0280,0xb050c1e80
0000023872851FC0,workload_rows_kernel,128,1,1,128,1,1,0,0xb05000080,0xb050c0280,0xb050c1e80
0000023872851FC0,workload_rows_kernel,128,1,1,128,1,1,0,0xb05000080,0xb050c0280,0xb050c1e80
0000023872851FC0,workload_rows_kernel,128,1,1,128,1,1,0,0xb05000080,0xb050c0280,0xb050c1e80
0000023872851FC0,workload_rows_kernel,128,1,1,128,1,1,0,0xb05000080,0xb050c0280,0xb050c1e80
0000023872851FC0,workload_rows_kernel,128,1,1,128,1,1,0,0xb05000080,0xb050c0280,0xb050c1e80
0000023872851FC0,workload_rows_kernel,128,1,1,128,1,1,0,0xb05000080,0xb050c0280,0xb050c1e80
0000023872851FC0,workload_rows_kernel,128,1,1,128,1,1,0,0xb05000080,0xb050c0280,0xb050c1e80
0000023872851FC0,workload_rows_kernel,128,1,1,128,1,1,0,0xb05000080,0xb050c0280,0xb050c1e80
0000023872851FC0,workload_rows_kernel,128,1,1,128,1,1,0,0xb05000080,0xb050c0280,0xb050c1e80
0000023872851FC0,workload_rows_kernel,128,1,1,128,1,1,0,0xb05000080,0xb050c0280,0xb050c1e80
0000023872851FC0,workload_rows_kernel,128,1,1,128,1,1,0,0xb05000080,0xb050c0280,0xb050c1e80
0000023872851FC0,workload_rows_kernel,128,1,1,128,1,1,0,0xb05000080,0xb050c0280,0xb050c1e80
0000023872851FC0,workload_rows_kernel,128,1,1,128,1,1,0,0xb05000080,0xb050c0280,0xb050c1e80
0000023872851FC0,workload_rows_kernel,128,1,1,128,1,1,0,0xb05000080,0xb050c0280,0xb050c1e80
0000023872851FC0,workload_rows_kernel,128,1,1,128,1,1,0,0xb05000080,0xb050c0280,0xb050c1e80
0000023872851FC0,workload_rows_kernel,128,1,1,128,1,1,0,0xb05000080,0xb050c0280,0xb050c1e80
0000023872851FC0,workload_rows_kernel,128,1,1,128,1,1,0,0xb05000080,0xb050c0280,0xb050c1e80
0000023872851FC0,workload_rows_kernel,128,1,1,128,1,1,0,0xb05000080,0xb050c0280,0xb050c1e80
0000023872851FC0,workload_rows_kernel,128,1,1,128,1,1,0,0xb05000080,0xb050c0280,0xb050c1e80
0000023872851FC0,workload_rows_kernel,128,1,1,128,1,1,0,0xb05000080,0xb050c0280,0xb050c1e80
0000023872851FC0,workload_rows_kernel,128,1,1,128,1,1,0,0xb05000080,0xb050c0280,0xb050c1e80
0000023872851FC0,workload_rows_kernel,128,1,1,128,1,1,0,0xb05000080,0xb050c0280,0xb050c1e80
0000023872851FC0,workload_rows_kernel,128,1,1,128,1,1,0,0xb05000080,0xb050c0280,0xb050c1e80
0000023872851FC0,workload_rows_kernel,128,1,1,128,1,1,0,0xb05000080,0xb050c0280,0xb050c1e80
0000023872851FC0,workload_rows_kernel,128,1,1,128,1,1,0,0xb05000080,0xb050c0280,0xb050c1e80
0000023872851FC0,workload_rows_kernel,128,1,1,128,1,1,0,0xb05000080,0xb050c0280,0xb050c1e80
0000023872851FC0,workload_rows_kernel,128,1,1,128,1,1,0,0xb05000080,0xb050c0280,0xb050c1e80
0000023872851FC0,workload_rows_kernel,128,1,1,128,1,1,0,0xb05000080,0xb050c0280,0xb050c1e80
0000023872851FC0,workload_rows_kernel,128,1,1,128,1,1,0,0xb05000080,0xb050c0280,0xb050c1e80
0000023872851FC0,workload_rows_kernel,128,1,1,128,1,1,0,0xb05000080,0xb050c0280,0xb050c1e80
0000023872851FC0,workload_rows_kernel,128,1,1,128,1,1,0,0xb05000080,0xb050c0280,0xb050c1e80
0000023872851FC0,workload_rows_kernel,128,1,1,128,1,1,0,0xb05000080,0xb050c0280,0xb050c1e80
0000023872851FC0,workload_rows_kernel,128,1,1,128,1,1,0,0xb05000080,0xb050c0280,0xb050c1e80
0000023872851FC0,workload_rows_kernel,128,1,1,128,1,1,0,0xb05000080,0xb050c0280,0xb050c1e80
0000023872851FC0,workload_rows_kernel,128,1,1,128,1,1,0,0xb05000080,0xb050c0280,0xb050c1e80
0000023872851FC0,workload_rows_kernel,128,1,1,128,1,1,0,0xb05000080,0xb050c0280,0xb050c1e80
0000023872851FC0,workload_rows_kernel,128,1,1,128,1,1,0,0xb05000080,0xb050c0280,0xb050c1e80
0000023872851FC0,workload_rows_kernel,128,1,1,128,1,1,0,0xb05000080,0xb050c0280,0xb050c1e80
0000023872851FC0,workload_rows_kernel,128,1,1,128,1,1,0,0xb05000080,0xb050c0280,0xb050c1e80
0000023872851FC0,workload_rows_kernel,128,1,1,128,1,1,0,0xb05000080,0xb050c0280,0xb050c1e80
0000023872851FC0,workload_rows_kernel,128,1,1,128,1,1,0,0xb05000080,0xb050c0280,0xb050c1e80
0000023872851FC0,workload_rows_kernel,128,1,1,128,1,1,0,0xb05000080,0xb050c0280,0xb050c1e80
0000023872851FC0,workload_rows_kernel,128,1,1,128,1,1,0,0xb05000080,0xb050c0280,0xb050c1e80
0000023872851FC0,workload_rows_kernel,128,1,1,128,1,1,0,0xb05000080,0xb050c0280,0xb050c1e80
0000023872851FC0,workload_rows_kernel,128,1,1,128,1,1,0,0xb05000080,0xb050c0280,0xb050c1e80
0000023872851FC0,workload_rows_kernel,128,1,1,128,1,1,0,0xb05000080,0xb050c0280,0xb050c1e80
0000023872851FC0,workload_rows_kernel,128,1,1,128,1,1,0,0xb05000080,0xb050c0280,0xb050c1e80
0000023872851FC0,workload_rows_kernel,128,1,1,128,1,1,0,0xb05000080,0xb050c0280,0xb050c1e80
0000023872851FC0,workload_rows_kernel,128,1,1,128,1,1,0,0xb05000080,0xb050c0280,0xb050c1e80
0000023872851FC0,workload_rows_kernel,128,1,1,128,1,1,0,0xb05000080,0xb050c0280,0xb050c1e80
0000023872851FC0,workload_rows_kernel,128,1,1,128,1,1,0,0xb05000080,0xb050c0280,0xb050c1e80
0000023872851FC0,workload_rows_kernel,128,1,1,128,1,1,0,0xb05000080,0xb050c0280,0xb050c1e80
0000023872851FC0,workload_rows_kernel,128,1,1,128,1,1,0,0xb05000080,0xb050c0280,0xb050c1e80
0000023872851FC0,workload_rows_kernel,128,1,1,128,1,1,0,0xb05000080,0xb050c0280,0xb050c1e80
0000023872851FC0,workload_rows_kernel,128,1,1,128,1,1,0,0xb05000080,0xb050c0280,0xb050c1e80
0000023872851FC0,workload_rows_kernel,128,1,1,128,1,1,0,0xb05000080,0xb050c0280,0xb050c1e80
0000023872851FC0,workload_rows_kernel,128,1,1,128,1,1,0,0xb05000080,0xb050c0280,0xb050c1e80
0000023872851FC0,workload_rows_kernel,128,1,1,128,1,1,0,0xb05000080,0xb050c0280,0xb050c1e80
0000023872851FC0,workload_rows_kernel,128,1,1,128,1,1,0,0xb05000080,0xb050c0280,0xb050c1e80
0000023872851FC0,workload_rows_kernel,128,1,1,128,1,1,0,0xb05000080,0xb050c0280,0xb050c1e80
0000023872851FC0,workload_rows_kernel,128,1,1,128,1,1,0,0xb05000080,0xb050c0280,0xb050c1e80
0000023872851FC0,workload_rows_kernel,128,1,1,128,1,1,0,0xb05000080,0xb050c0280,0xb050c1e80
0000023872851FC0,workload_rows_kernel,128,1,1,128,1,1,0,0xb05000080,0xb050c0280,0xb050c1e80
0000023872851FC0,workload_rows_kernel,128,1,1,128,1,1,0,0xb05000080,0xb050c0280,0xb050c1e80
0000023872851FC0,workload_rows_kernel,128,1,1,128,1,1,0,0xb05000080,0xb050c0280,0xb050c1e80
0000023872851FC0,workload_rows_kernel,128,1,1,128,1,1,0,0xb05000080,0xb050c0280,0xb050c1e80
0000023872851FC0,workload_rows_kernel,128,1,1,128,1,1,0,0xb05000080,0xb050c0280,0xb050c1e80
0000023872851FC0,workload_rows_kernel,128,1,1,128,1,1,0,0xb05000080,0xb050c0280,0xb050c1e80
0000023872851FC0,workload_rows_kernel,128,1,1,128,1,1,0,0xb05000080,0xb050c0280,0xb050c1e80
0000023872851FC0,workload_rows_kernel,128,1,1,128,1,1,0,0xb05000080,0xb050c0280,0xb050c1e80
0000023872851FC0,workload_rows_kernel,128,1,1,128,1,1,0,0xb05000080,0xb050c0280,0xb050c1e80
0000023872851FC0,workload_rows_kernel,128,1,1,128,1,1,0,0xb05000080,0xb050c0280,0xb050c1e80
0000023872851FC0,workload_rows_kernel,128,1,1,128,1,1,0,0xb05000080,0xb050c0280,0xb050c1e80
0000023872851FC0,workload_rows_kernel,128,1,1,128,1,1,0,0xb05000080,0xb050c0280,0xb050c1e80
0000023872851FC0,workload_rows_kernel,128,1,1,128,1,1,0,0xb05000080,0xb050c0280,0xb050c1e80
0000023872851FC0,workload_rows_kernel,128,1,1,128,1,1,0,0xb05000080,0xb050c0280,0xb050c1e80
0000023872851FC0,workload_rows_kernel,128,1,1,128,1,1,0,0xb05000080,0xb050c0280,0xb050c1e80
0000023872851FC0,workload_rows_kernel,128,1,1,128,1,1,0,0xb05000080,0xb050c0280,0xb050c1e80
0000023872851FC0,workload_rows_kernel,128,1,1,128,1,1,0,0xb05000080,0xb050c0280,0xb050c1e80
0000023872851FC0,workload_rows_kernel,128,1,1,128,1,1,0,0xb05000080,0xb050c0280,0xb050c1e80
0000023872851FC0,workload_rows_kernel,128,1,1,128,1,1,0,0xb05000080,0xb050c0280,0xb050c1e80
0000023872851FC0,workload_rows_kernel,128,1,1,128,1,1,0,0xb05000080,0xb050c0280,0xb050c1e80
0000023872851FC0,workload_rows_kernel,128,1,1,128,1,1,0,0xb05000080,0xb050c0280,0xb050c1e80
0000023872851FC0,workload_rows_kernel,128,1,1,128,1,1,0,0xb05000080,0xb050c0280,0xb050c1e80
0000023872851FC0,workload_rows_kernel,128,1,1,128,1,1,0,0xb05000080,0xb050c0280,0xb050c1e80
0000023872851FC0,workload_rows_kernel,128,1,1,128,1,1,0,0xb05000080,0xb050c0280,0xb050c1e80
0000023872851FC0,workload_rows_kernel,128,1,1,128,1,1,0,0xb05000080,0xb050c0280,0xb050c1e80
0000023872851FC0,workload_rows_kernel,128,1,1,128,1,1,0,0xb05000080,0xb050c0280,0xb050c1e80
0000023872851FC0,workload_rows_kernel,128,1,1,128,1,1,0,0xb05000080,0xb050c0280,0xb050c1e80
0000023872851FC0,workload_rows_kernel,128,1,1,128,1,1,0,0xb05000080,0xb050c0280,0xb050c1e80
0000023872851FC0,workload_rows_kernel,128,1,1,128,1,1,0,0xb05000080,0xb050c0280,0xb050c1e80
0000023872851FC0,workload_rows_kernel,128,1,1,128,1,1,0,0xb05000080,0xb050c0280,0xb050c1e80
0000023872851FC0,workload_rows_kernel,128,1,1,128,1,1,0,0xb05000080,0xb050c0280,0xb050c1e80
0000023872851FC0,workload_rows_kernel,128,1,1,128,1,1,0,0xb05000080,0xb050c0280,0xb050c1e80
0000023872851FC0,workload_rows_kernel,128,1,1,128,1,1,0,0xb05000080,0xb050c0280,0xb050c1e80
0000023872851FC0,workload_rows_kernel,128,1,1,128,1,1,0,0xb05000080,0xb050c0280,0xb050c1e80
